OrderID,OrderDate,CustomerID,CustomerName,Segment,Country,Region,State,City,Category,SubCategory,ProductName,Sales,Quantity,Discount,Profit
ORD-2024-00001,2024-03-18,C0152,Jessica Anderson,Consumer,Australia,Oceania,Victoria,Melbourne,Technology,Laptops,Lenovo ThinkPad,1780.69,13,178.07,285.01
ORD-2022-00002,2023-02-27,C0037,Barbara Gonzalez,Corporate,Australia,Oceania,Victoria,Melbourne,Technology,Accessories,USB-C Hub,7769.14,10,0.0,1739.16
ORD-2022-00003,2023-11-29,C0011,Patricia Hernandez,Corporate,Australia,Oceania,New South Wales,Sydney,Office Supplies,Binders,3-Ring Binder,24.78,1,2.48,5.38
ORD-2023-00004,2024-09-23,C0176,Joseph Hernandez,Consumer,Australia,Oceania,New South Wales,Sydney,Office Supplies,Paper,Sticky Notes,338.11,16,16.91,51.37
ORD-2022-00005,2022-08-26,C0140,David Miller,Corporate,India,Asia,Maharashtra,Mumbai,Technology,Accessories,Webcam,10484.6,10,0.0,3538.11
ORD-2023-00006,2023-07-28,C0099,Susan Anderson,Home Office,France,Europe,Ile-de-France,Paris,Furniture,Chairs,Stool,8082.23,16,808.22,1887.31
ORD-2023-00007,2023-11-03,C0074,Jessica Martinez,Corporate,Japan,Asia,Tokyo,Tokyo,Office Supplies,Paper,Legal Pad,58.76,9,0.0,21.17
ORD-2024-00008,2023-09-05,C0139,Joseph Garcia,Home Office,USA,North America,Texas,Houston,Furniture,Storage,Bookshelf,7614.61,16,1522.92,999.94
ORD-2024-00009,2024-03-09,C0088,Elizabeth Brown,Corporate,Japan,Asia,Tokyo,Tokyo,Furniture,Chairs,Ergonomic Executive Chair,4172.87,17,0.0,1492.07
ORD-2023-00010,2023-08-12,C0172,Richard Garcia,Home Office,China,Asia,Beijing,Beijing,Technology,Laptops,HP Spectre x360,5936.54,5,593.65,605.57
ORD-2023-00011,2022-08-29,C0007,David Williams,Consumer,France,Europe,Ile-de-France,Paris,Technology,Laptops,MacBook Pro 14,9484.12,12,0.0,3338.64
ORD-2023-00012,2022-09-06,C0020,Michael Williams,Home Office,Australia,Oceania,Victoria,Melbourne,Technology,Accessories,USB-C Hub,6464.59,5,0.0,2075.34
ORD-2024-00013,2022-09-13,C0159,Susan Smith,Corporate,USA,North America,New York,New York City,Office Supplies,Binders,3-Ring Binder,194.24,6,9.71,33.4
ORD-2023-00014,2023-08-30,C0078,Mary Wilson,Corporate,Canada,North America,Ontario,Toronto,Furniture,Storage,File Cabinet,7300.5,20,0.0,1366.47
ORD-2022-00015,2022-01-01,C0057,Michael Gonzalez,Corporate,Japan,Asia,Tokyo,Tokyo,Office Supplies,Binders,Report Cover,409.21,11,40.92,104.08
ORD-2022-00016,2023-10-10,C0028,William Thomas,Consumer,USA,North America,New York,New York City,Office Supplies,Binders,3-Ring Binder,19.1,1,0.0,5.43
ORD-2023-00017,2022-07-23,C0168,Patricia Hernandez,Consumer,Australia,Oceania,Victoria,Melbourne,Furniture,Chairs,Stool,2904.03,14,580.81,700.45
ORD-2022-00018,2022-11-18,C0050,Mary Davis,Consumer,Australia,Oceania,Victoria,Melbourne,Office Supplies,Binders,3-Ring Binder,283.11,19,0.0,110.51
ORD-2022-00019,2022-06-22,C0090,Patricia Davis,Home Office,Australia,Oceania,Victoria,Melbourne,Office Supplies,Art,Sketchbook,156.69,4,31.34,31.34
ORD-2023-00020,2023-05-12,C0011,Patricia Hernandez,Home Office,Australia,Oceania,Victoria,Melbourne,Office Supplies,Paper,Cardstock,540.79,16,54.08,73.86
ORD-2023-00021,2023-09-06,C0110,Jennifer Martinez,Corporate,Australia,Oceania,Victoria,Melbourne,Furniture,Tables,Study Desk,3835.67,7,0.0,1426.67
ORD-2022-00022,2023-06-13,C0068,Elizabeth Lopez,Corporate,Japan,Asia,Tokyo,Tokyo,Technology,Phones,iPhone 13,1307.61,3,65.38,316.8
ORD-2022-00023,2022-04-05,C0118,Mary Hernandez,Consumer,Australia,Oceania,Victoria,Melbourne,Technology,Accessories,USB-C Hub,4241.24,12,0.0,1140.9
ORD-2024-00024,2022-11-22,C0139,Joseph Garcia,Consumer,UK,Europe,England,London,Technology,Laptops,HP Spectre x360,22582.24,19,4516.45,6765.19
ORD-2023-00025,2023-12-27,C0049,Mary Martinez,Consumer,India,Asia,Maharashtra,Mumbai,Technology,Laptops,MacBook Pro 14,15978.31,20,3195.66,4953.24
ORD-2024-00026,2022-12-23,C0109,Jennifer Hernandez,Home Office,France,Europe,Ile-de-France,Paris,Technology,Laptops,MacBook Pro 14,1691.83,10,84.59,371.52
ORD-2022-00027,2024-03-05,C0171,Joseph Brown,Home Office,China,Asia,Beijing,Beijing,Office Supplies,Binders,Expansion Folder,255.49,9,51.1,74.73
ORD-2024-00028,2023-07-22,C0148,Linda Jones,Home Office,Germany,Europe,Bavaria,Munich,Office Supplies,Paper,Legal Pad,457.62,11,22.88,151.98
ORD-2024-00029,2024-04-03,C0059,Jessica Thomas,Consumer,Japan,Asia,Tokyo,Tokyo,Furniture,Tables,Conference Table,3750.94,7,187.55,794.39
ORD-2022-00030,2022-09-20,C0183,Barbara Johnson,Consumer,China,Asia,Beijing,Beijing,Office Supplies,Art,Markers,26.77,4,2.68,7.67
ORD-2024-00031,2023-11-30,C0067,Susan Thomas,Corporate,UK,Europe,England,London,Furniture,Storage,Bookshelf,1078.58,5,107.86,168.32
ORD-2023-00032,2024-06-20,C0043,Elizabeth Williams,Consumer,UK,Europe,England,London,Furniture,Chairs,Stool,2042.26,5,204.23,526.54
ORD-2023-00033,2022-09-27,C0173,John Thomas,Home Office,USA,North America,New York,New York City,Furniture,Tables,Conference Table,553.82,1,0.0,216.98
ORD-2023-00034,2022-08-31,C0195,William Hernandez,Corporate,Australia,Oceania,New South Wales,Sydney,Office Supplies,Paper,Sticky Notes,143.18,9,0.0,55.25
ORD-2023-00035,2022-07-08,C0200,Elizabeth Martinez,Consumer,USA,North America,California,Los Angeles,Technology,Phones,Pixel 6,24292.15,20,4858.43,2915.37
ORD-2023-00036,2024-08-15,C0114,Mary Lopez,Consumer,Australia,Oceania,Victoria,Melbourne,Office Supplies,Art,Sketchbook,353.95,10,35.4,119.94
ORD-2022-00037,2024-04-11,C0071,Michael Thomas,Home Office,India,Asia,Maharashtra,Mumbai,Furniture,Storage,Wardrobe,2736.02,5,547.2,799.22
ORD-2022-00038,2022-04-17,C0191,Jessica Brown,Home Office,India,Asia,Maharashtra,Mumbai,Office Supplies,Binders,Report Cover,43.37,7,0.0,13.27
ORD-2023-00039,2023-01-05,C0069,Mary Jones,Corporate,Australia,Oceania,New South Wales,Sydney,Furniture,Tables,Conference Table,8255.3,16,0.0,1976.87
ORD-2024-00040,2022-05-18,C0028,William Thomas,Corporate,Australia,Oceania,New South Wales,Sydney,Technology,Phones,Pixel 6,11714.78,19,0.0,2558.7
ORD-2023-00041,2023-02-22,C0122,Patricia Garcia,Home Office,Canada,North America,Ontario,Toronto,Technology,Phones,Nokia G20,8530.7,12,0.0,900.53
ORD-2022-00042,2023-09-29,C0089,Richard Williams,Corporate,USA,North America,Texas,Houston,Office Supplies,Paper,Sticky Notes,85.37,3,4.27,31.04
ORD-2022-00043,2024-03-03,C0136,Barbara Smith,Home Office,China,Asia,Beijing,Beijing,Office Supplies,Art,Watercolor Set,94.98,5,4.75,9.42
ORD-2022-00044,2024-01-01,C0053,Jennifer Williams,Home Office,UK,Europe,England,London,Furniture,Storage,Bookshelf,10099.65,17,504.98,2080.81
ORD-2022-00045,2022-01-14,C0096,Richard Garcia,Consumer,China,Asia,Beijing,Beijing,Office Supplies,Paper,Cardstock,427.45,12,85.49,64.46
ORD-2023-00046,2023-06-06,C0025,Robert Brown,Consumer,China,Asia,Beijing,Beijing,Technology,Laptops,Dell XPS 15,9385.88,14,1877.18,831.41
ORD-2024-00047,2024-04-24,C0008,Jennifer Anderson,Home Office,USA,North America,New York,New York City,Office Supplies,Art,Markers,59.11,9,0.0,15.3
ORD-2023-00048,2023-08-19,C0146,Mary Gonzalez,Consumer,Australia,Oceania,New South Wales,Sydney,Office Supplies,Paper,Cardstock,397.25,10,0.0,133.31
ORD-2022-00049,2023-08-30,C0097,Jessica Garcia,Home Office,Australia,Oceania,Victoria,Melbourne,Technology,Phones,Samsung Galaxy S21,2164.78,6,432.96,446.37
ORD-2023-00050,2023-11-14,C0005,James Martinez,Consumer,Australia,Oceania,Victoria,Melbourne,Technology,Phones,Samsung Galaxy S21,15412.46,12,0.0,3384.58
ORD-2023-00051,2023-06-11,C0020,Michael Williams,Consumer,USA,North America,Texas,Houston,Office Supplies,Binders,Report Cover,67.47,2,6.75,7.73
ORD-2022-00052,2022-02-18,C0164,Robert Williams,Home Office,Australia,Oceania,Victoria,Melbourne,Office Supplies,Paper,A4 Printer Paper,83.35,4,16.67,20.46
ORD-2022-00053,2024-02-16,C0172,Richard Garcia,Home Office,Australia,Oceania,Victoria,Melbourne,Office Supplies,Binders,Report Cover,90.26,7,0.0,17.61
ORD-2023-00054,2022-09-26,C0147,John Hernandez,Consumer,Australia,Oceania,New South Wales,Sydney,Technology,Accessories,USB-C Hub,9955.52,19,1991.1,1990.75
ORD-2024-00055,2023-03-24,C0104,Mary Jones,Home Office,Australia,Oceania,Victoria,Melbourne,Technology,Laptops,Dell XPS 15,4247.64,5,0.0,1371.56
ORD-2024-00056,2023-01-28,C0136,Barbara Smith,Home Office,Australia,Oceania,Victoria,Melbourne,Technology,Laptops,Dell XPS 15,17582.88,16,3516.58,2458.2
ORD-2022-00057,2022-08-13,C0120,Jessica Martinez,Corporate,Japan,Asia,Tokyo,Tokyo,Technology,Phones,iPhone 13,21083.09,20,0.0,7117.67
ORD-2022-00058,2024-09-23,C0146,Mary Gonzalez,Corporate,Canada,North America,Ontario,Toronto,Furniture,Chairs,Stool,1249.86,8,124.99,327.82
ORD-2023-00059,2023-08-27,C0185,Richard Anderson,Consumer,Japan,Asia,Tokyo,Tokyo,Office Supplies,Binders,Report Cover,192.25,6,0.0,60.01
ORD-2024-00060,2022-12-09,C0051,Jennifer Johnson,Corporate,China,Asia,Beijing,Beijing,Furniture,Chairs,Ergonomic Executive Chair,1396.24,10,279.25,253.27
ORD-2024-00061,2023-08-04,C0070,Jessica Anderson,Consumer,France,Europe,Ile-de-France,Paris,Office Supplies,Art,Watercolor Set,762.1,16,0.0,114.28
ORD-2024-00062,2024-06-01,C0045,Jessica Smith,Corporate,USA,North America,New York,New York City,Furniture,Tables,Dining Table,7692.75,14,769.28,692.41
ORD-2022-00063,2022-03-11,C0015,David Williams,Home Office,USA,North America,Texas,Houston,Technology,Laptops,Dell XPS 15,8427.71,9,0.0,2598.6
ORD-2023-00064,2022-03-07,C0120,Jessica Martinez,Corporate,Australia,Oceania,New South Wales,Sydney,Furniture,Storage,File Cabinet,1726.99,4,0.0,482.8
ORD-2022-00065,2024-04-15,C0139,Joseph Garcia,Home Office,China,Asia,Beijing,Beijing,Technology,Laptops,Lenovo ThinkPad,2613.99,7,522.8,346.22
ORD-2024-00066,2023-12-26,C0071,Michael Thomas,Home Office,USA,North America,California,Los Angeles,Furniture,Tables,Dining Table,601.6,4,0.0,239.11
ORD-2022-00067,2023-12-13,C0002,Susan Martinez,Home Office,Australia,Oceania,New South Wales,Sydney,Technology,Laptops,Lenovo ThinkPad,4577.84,6,0.0,1794.84
ORD-2022-00068,2022-03-03,C0110,Jennifer Martinez,Corporate,Australia,Oceania,Victoria,Melbourne,Office Supplies,Paper,Sticky Notes,487.5,12,24.38,147.11
ORD-2024-00069,2023-06-13,C0174,Mary Brown,Corporate,India,Asia,Maharashtra,Mumbai,Furniture,Storage,Wardrobe,9996.28,19,499.81,3779.54
ORD-2023-00070,2023-01-16,C0091,Patricia Miller,Corporate,USA,North America,Texas,Houston,Office Supplies,Paper,Cardstock,168.54,11,8.43,39.6
ORD-2024-00071,2022-01-15,C0055,John Jones,Home Office,Australia,Oceania,New South Wales,Sydney,Office Supplies,Paper,Sticky Notes,504.81,12,50.48,68.24
ORD-2022-00072,2022-09-23,C0073,Elizabeth Smith,Corporate,Japan,Asia,Tokyo,Tokyo,Office Supplies,Art,Sketchbook,269.14,7,0.0,93.55
ORD-2024-00073,2024-04-23,C0058,David Garcia,Corporate,Australia,Oceania,New South Wales,Sydney,Furniture,Storage,Wardrobe,2504.18,5,0.0,932.21
ORD-2024-00074,2024-07-04,C0023,Jennifer Gonzalez,Corporate,Australia,Oceania,New South Wales,Sydney,Technology,Phones,Samsung Galaxy S21,5346.15,8,0.0,1223.4
ORD-2022-00075,2023-04-03,C0135,Linda Johnson,Corporate,Germany,Europe,Bavaria,Munich,Office Supplies,Paper,A4 Printer Paper,147.7,9,0.0,37.96
ORD-2022-00076,2023-02-17,C0089,Richard Williams,Corporate,USA,North America,Texas,Houston,Office Supplies,Binders,Expansion Folder,496.35,19,49.64,61.08
ORD-2023-00077,2022-01-26,C0167,William Anderson,Consumer,Germany,Europe,Bavaria,Munich,Technology,Laptops,Dell XPS 15,26555.11,20,0.0,7033.06
ORD-2023-00078,2023-08-29,C0122,Patricia Garcia,Consumer,France,Europe,Ile-de-France,Paris,Technology,Accessories,Wireless Mouse,13990.77,11,0.0,1829.41
ORD-2022-00079,2022-11-20,C0164,Robert Williams,Home Office,Australia,Oceania,Victoria,Melbourne,Technology,Phones,Samsung Galaxy S21,17491.43,13,1749.14,5945.26
ORD-2023-00080,2024-05-17,C0186,Robert Johnson,Home Office,Canada,North America,Ontario,Toronto,Technology,Phones,Samsung Galaxy S21,7592.1,6,379.61,2740.34
ORD-2022-00081,2023-07-16,C0023,Jennifer Gonzalez,Home Office,France,Europe,Ile-de-France,Paris,Furniture,Chairs,Gaming Chair,1045.85,9,104.58,340.54
ORD-2023-00082,2024-03-08,C0185,Richard Anderson,Consumer,USA,North America,New York,New York City,Office Supplies,Paper,Cardstock,811.81,20,40.59,220.91
ORD-2024-00083,2023-04-11,C0010,William Brown,Home Office,UK,Europe,England,London,Office Supplies,Art,Markers,484.1,11,24.21,181.81
ORD-2023-00084,2022-01-31,C0114,Mary Lopez,Corporate,China,Asia,Beijing,Beijing,Office Supplies,Art,Sketchbook,158.19,14,7.91,52.6
ORD-2022-00085,2023-11-28,C0092,Barbara Jones,Corporate,USA,North America,New York,New York City,Furniture,Tables,Study Desk,9069.65,20,906.97,977.46
ORD-2022-00086,2022-12-01,C0030,Michael Rodriguez,Consumer,Germany,Europe,Bavaria,Munich,Technology,Laptops,MacBook Pro 14,1885.04,5,0.0,331.54
ORD-2022-00087,2022-11-27,C0191,Jessica Brown,Home Office,Germany,Europe,Bavaria,Munich,Technology,Phones,Samsung Galaxy S21,10572.28,9,528.61,1230.41
ORD-2024-00088,2022-11-03,C0048,Jessica Thomas,Home Office,Japan,Asia,Tokyo,Tokyo,Technology,Laptops,Lenovo ThinkPad,1055.39,1,0.0,373.48
ORD-2022-00089,2023-05-18,C0069,Mary Jones,Home Office,Australia,Oceania,New South Wales,Sydney,Office Supplies,Art,Markers,145.69,13,14.57,15.8
ORD-2022-00090,2023-11-10,C0168,Patricia Hernandez,Corporate,UK,Europe,England,London,Furniture,Tables,Study Desk,4653.16,17,232.66,1654.52
ORD-2023-00091,2022-12-14,C0198,Joseph Martinez,Home Office,Japan,Asia,Tokyo,Tokyo,Furniture,Storage,Wardrobe,1104.14,19,0.0,388.21
ORD-2023-00092,2022-12-08,C0037,Barbara Gonzalez,Corporate,USA,North America,California,Los Angeles,Technology,Laptops,HP Spectre x360,1382.53,9,276.51,330.96
ORD-2024-00093,2024-08-12,C0196,John Smith,Home Office,Australia,Oceania,Victoria,Melbourne,Technology,Phones,Nokia G20,1742.85,14,0.0,187.58
ORD-2024-00094,2022-05-12,C0176,Joseph Hernandez,Home Office,China,Asia,Beijing,Beijing,Office Supplies,Paper,Legal Pad,163.23,4,0.0,29.24
ORD-2023-00095,2023-12-06,C0148,Linda Jones,Corporate,USA,North America,New York,New York City,Furniture,Storage,Bookshelf,2197.03,15,439.41,376.63
ORD-2023-00096,2022-08-10,C0192,Patricia Hernandez,Corporate,Australia,Oceania,Victoria,Melbourne,Furniture,Storage,Wardrobe,72.17,1,14.43,6.45
ORD-2024-00097,2022-03-24,C0108,John Miller,Corporate,France,Europe,Ile-de-France,Paris,Office Supplies,Art,Markers,193.18,20,19.32,47.55
ORD-2024-00098,2023-03-22,C0050,Mary Davis,Corporate,India,Asia,Maharashtra,Mumbai,Furniture,Chairs,Office Chair,8497.48,18,424.87,1133.66
ORD-2023-00099,2024-09-22,C0063,Michael Anderson,Home Office,Australia,Oceania,New South Wales,Sydney,Office Supplies,Binders,Expansion Folder,145.53,15,7.28,42.21
ORD-2022-00100,2023-04-19,C0135,Linda Johnson,Consumer,France,Europe,Ile-de-France,Paris,Office Supplies,Binders,Expansion Folder,469.35,10,93.87,68.27
ORD-2022-00101,2023-11-28,C0159,Susan Smith,Corporate,Australia,Oceania,Victoria,Melbourne,Office Supplies,Binders,Report Cover,403.08,11,80.62,103.2
ORD-2024-00102,2022-06-12,C0195,William Hernandez,Consumer,Australia,Oceania,New South Wales,Sydney,Furniture,Tables,Dining Table,1059.36,18,0.0,363.74
ORD-2024-00103,2024-02-24,C0144,Michael Jones,Corporate,India,Asia,Maharashtra,Mumbai,Office Supplies,Art,Markers,161.2,9,32.24,40.03
ORD-2023-00104,2022-12-15,C0026,Barbara Jones,Home Office,UK,Europe,England,London,Furniture,Storage,Wardrobe,2238.29,4,0.0,804.08
ORD-2023-00105,2023-08-01,C0163,Joseph Hernandez,Consumer,USA,North America,California,Los Angeles,Technology,Accessories,Wireless Mouse,8883.99,19,444.2,3032.24
ORD-2024-00106,2022-07-27,C0166,William Thomas,Home Office,USA,North America,New York,New York City,Office Supplies,Binders,Report Cover,340.55,8,0.0,89.84
ORD-2023-00107,2023-02-24,C0084,Barbara Wilson,Corporate,Germany,Europe,Bavaria,Munich,Office Supplies,Paper,Sticky Notes,65.43,11,0.0,9.17
ORD-2024-00108,2022-07-28,C0121,Joseph Thomas,Consumer,USA,North America,New York,New York City,Office Supplies,Binders,3-Ring Binder,239.65,7,11.98,43.35
ORD-2022-00109,2023-01-11,C0170,Mary Smith,Consumer,Japan,Asia,Tokyo,Tokyo,Technology,Laptops,MacBook Pro 14,1244.5,1,0.0,177.61
ORD-2023-00110,2023-04-06,C0075,James Davis,Consumer,India,Asia,Maharashtra,Mumbai,Technology,Phones,Nokia G20,1018.49,1,50.92,149.74
ORD-2022-00111,2022-06-30,C0125,Jennifer Davis,Corporate,Japan,Asia,Tokyo,Tokyo,Technology,Phones,Samsung Galaxy S21,1453.02,1,145.3,327.41
ORD-2023-00112,2024-07-03,C0093,Elizabeth Davis,Consumer,China,Asia,Beijing,Beijing,Furniture,Chairs,Office Chair,3587.09,17,179.35,482.72
ORD-2022-00113,2024-03-29,C0028,William Thomas,Consumer,UK,Europe,England,London,Technology,Phones,Pixel 6,2896.47,2,0.0,373.82
ORD-2022-00114,2022-12-16,C0115,Mary Wilson,Consumer,Japan,Asia,Tokyo,Tokyo,Office Supplies,Binders,3-Ring Binder,61.97,4,0.0,11.36
ORD-2022-00115,2023-07-28,C0086,Jennifer Gonzalez,Corporate,Germany,Europe,Bavaria,Munich,Technology,Accessories,Mechanical Keyboard,2888.12,19,0.0,1014.33
ORD-2024-00116,2024-01-07,C0032,Linda Rodriguez,Corporate,Germany,Europe,Bavaria,Munich,Technology,Laptops,HP Spectre x360,1006.0,2,0.0,192.69
ORD-2024-00117,2022-02-13,C0142,Barbara Rodriguez,Home Office,USA,North America,New York,New York City,Technology,Accessories,Mechanical Keyboard,21340.68,20,1067.03,2538.77
ORD-2022-00118,2022-05-03,C0172,Richard Garcia,Home Office,USA,North America,New York,New York City,Furniture,Storage,File Cabinet,2627.82,15,0.0,678.78
ORD-2023-00119,2024-05-28,C0041,Patricia Wilson,Consumer,USA,North America,California,Los Angeles,Office Supplies,Art,Markers,224.71,12,44.94,28.14
ORD-2023-00120,2022-05-30,C0089,Richard Williams,Home Office,China,Asia,Beijing,Beijing,Office Supplies,Binders,3-Ring Binder,61.17,2,12.23,8.53
ORD-2023-00121,2024-05-26,C0104,Mary Jones,Home Office,Canada,North America,Ontario,Toronto,Technology,Laptops,Dell XPS 15,17820.1,17,3564.02,4287.97
ORD-2023-00122,2023-12-16,C0155,Barbara Anderson,Consumer,Australia,Oceania,Victoria,Melbourne,Furniture,Tables,Conference Table,9974.05,19,498.7,2065.34
ORD-2023-00123,2023-08-29,C0076,Jennifer Miller,Corporate,USA,North America,Texas,Houston,Furniture,Storage,File Cabinet,5654.9,16,0.0,1667.2
ORD-2023-00124,2022-05-09,C0194,Robert Wilson,Consumer,USA,North America,Texas,Houston,Technology,Accessories,Mechanical Keyboard,7447.0,19,0.0,1675.09
ORD-2023-00125,2023-05-05,C0147,John Hernandez,Consumer,USA,North America,California,Los Angeles,Furniture,Chairs,Gaming Chair,1158.07,7,0.0,206.77
ORD-2022-00126,2022-03-31,C0012,Patricia Johnson,Home Office,USA,North America,Texas,Houston,Technology,Laptops,HP Spectre x360,495.35,3,0.0,144.0
ORD-2024-00127,2022-10-08,C0056,Mary Brown,Consumer,China,Asia,Beijing,Beijing,Office Supplies,Art,Watercolor Set,342.05,8,0.0,77.38
ORD-2022-00128,2022-01-21,C0011,Patricia Hernandez,Home Office,India,Asia,Maharashtra,Mumbai,Office Supplies,Binders,3-Ring Binder,588.86,13,0.0,130.0
ORD-2022-00129,2022-08-15,C0147,John Hernandez,Consumer,USA,North America,California,Los Angeles,Furniture,Storage,Bookshelf,917.45,17,183.49,149.1
ORD-2024-00130,2024-08-17,C0066,Richard Williams,Consumer,France,Europe,Ile-de-France,Paris,Furniture,Tables,Study Desk,3988.21,8,797.64,910.77
ORD-2022-00131,2023-03-13,C0166,William Thomas,Consumer,Australia,Oceania,New South Wales,Sydney,Furniture,Chairs,Office Chair,4030.87,7,403.09,1361.21
ORD-2023-00132,2023-12-24,C0011,Patricia Hernandez,Consumer,Australia,Oceania,Victoria,Melbourne,Technology,Laptops,Dell XPS 15,2526.52,3,126.33,841.1
ORD-2022-00133,2022-12-02,C0146,Mary Gonzalez,Home Office,Japan,Asia,Tokyo,Tokyo,Technology,Phones,iPhone 13,21483.54,18,1074.18,7050.93
ORD-2024-00134,2022-12-26,C0088,Elizabeth Brown,Home Office,Australia,Oceania,New South Wales,Sydney,Furniture,Storage,Wardrobe,3519.3,11,175.97,847.95
ORD-2023-00135,2023-02-25,C0011,Patricia Hernandez,Home Office,Canada,North America,Ontario,Toronto,Office Supplies,Paper,Sticky Notes,46.97,2,4.7,9.25
ORD-2024-00136,2023-11-24,C0074,Jessica Martinez,Consumer,Australia,Oceania,New South Wales,Sydney,Office Supplies,Binders,3-Ring Binder,114.22,4,22.84,12.54
ORD-2024-00137,2023-12-17,C0038,John Brown,Corporate,Australia,Oceania,New South Wales,Sydney,Office Supplies,Binders,Expansion Folder,40.71,8,0.0,12.27
ORD-2024-00138,2022-11-27,C0103,Richard Miller,Consumer,China,Asia,Beijing,Beijing,Office Supplies,Binders,Report Cover,275.41,11,0.0,56.99
ORD-2022-00139,2022-06-14,C0027,Barbara Miller,Consumer,USA,North America,Texas,Houston,Office Supplies,Paper,A4 Printer Paper,563.33,12,0.0,76.65
ORD-2024-00140,2022-03-21,C0004,Jessica Davis,Corporate,Japan,Asia,Tokyo,Tokyo,Office Supplies,Binders,Report Cover,762.11,20,38.11,190.49
ORD-2024-00141,2023-09-06,C0098,Susan Gonzalez,Corporate,Germany,Europe,Bavaria,Munich,Furniture,Storage,Wardrobe,594.15,1,118.83,161.62
ORD-2022-00142,2023-12-14,C0023,Jennifer Gonzalez,Corporate,France,Europe,Ile-de-France,Paris,Technology,Accessories,USB-C Hub,19943.42,20,0.0,7368.45
ORD-2024-00143,2022-06-15,C0150,Elizabeth Gonzalez,Corporate,Australia,Oceania,New South Wales,Sydney,Technology,Laptops,Lenovo ThinkPad,3953.87,11,0.0,984.73
ORD-2022-00144,2024-08-18,C0049,Mary Martinez,Home Office,Australia,Oceania,New South Wales,Sydney,Furniture,Tables,Dining Table,4428.1,14,0.0,868.14
ORD-2023-00145,2024-07-28,C0181,William Thomas,Consumer,China,Asia,Beijing,Beijing,Furniture,Tables,Coffee Table,1351.2,3,135.12,480.28
ORD-2024-00146,2024-01-04,C0122,Patricia Garcia,Corporate,France,Europe,Ile-de-France,Paris,Furniture,Tables,Dining Table,4107.02,13,410.7,720.97
ORD-2022-00147,2023-04-23,C0194,Robert Wilson,Corporate,China,Asia,Beijing,Beijing,Office Supplies,Paper,Cardstock,8.73,1,0.44,2.41
ORD-2024-00148,2023-11-12,C0190,Jessica Wilson,Home Office,USA,North America,New York,New York City,Furniture,Tables,Conference Table,5049.88,18,1009.98,843.96
ORD-2023-00149,2024-06-19,C0121,Joseph Thomas,Corporate,France,Europe,Ile-de-France,Paris,Office Supplies,Paper,Cardstock,191.12,8,0.0,26.71
ORD-2022-00150,2023-08-31,C0180,Joseph Wilson,Corporate,USA,North America,California,Los Angeles,Furniture,Storage,File Cabinet,1680.34,6,0.0,662.4
ORD-2023-00151,2022-05-24,C0162,James Rodriguez,Corporate,Canada,North America,Ontario,Toronto,Office Supplies,Binders,Expansion Folder,665.46,17,66.55,117.18
ORD-2024-00152,2024-04-27,C0105,Barbara Hernandez,Home Office,China,Asia,Beijing,Beijing,Office Supplies,Paper,Legal Pad,437.29,20,21.86,129.28
ORD-2023-00153,2022-02-10,C0004,Jessica Davis,Consumer,Australia,Oceania,New South Wales,Sydney,Office Supplies,Paper,Legal Pad,169.61,4,33.92,40.85
ORD-2023-00154,2023-10-07,C0158,Richard Williams,Home Office,Japan,Asia,Tokyo,Tokyo,Technology,Accessories,Wireless Mouse,6066.3,15,1213.26,1246.1
ORD-2022-00155,2022-04-24,C0145,Elizabeth Brown,Corporate,Canada,North America,Ontario,Toronto,Furniture,Chairs,Ergonomic Executive Chair,1095.54,6,109.55,125.61
ORD-2024-00156,2022-06-15,C0014,Mary Martinez,Corporate,India,Asia,Maharashtra,Mumbai,Office Supplies,Paper,Legal Pad,91.6,2,4.58,25.46
ORD-2024-00157,2022-01-23,C0102,James Martinez,Home Office,India,Asia,Maharashtra,Mumbai,Technology,Accessories,Webcam,13426.61,20,0.0,4031.83
ORD-2023-00158,2023-12-21,C0090,Patricia Davis,Home Office,Germany,Europe,Bavaria,Munich,Technology,Laptops,Lenovo ThinkPad,11260.76,10,1126.08,2566.84
ORD-2023-00159,2022-08-29,C0145,Elizabeth Brown,Consumer,USA,North America,Texas,Houston,Technology,Laptops,Lenovo ThinkPad,21951.85,15,2195.18,4958.0
ORD-2022-00160,2022-07-21,C0114,Mary Lopez,Corporate,USA,North America,Texas,Houston,Technology,Phones,Samsung Galaxy S21,16388.85,15,0.0,4812.46
ORD-2022-00161,2022-02-21,C0079,David Gonzalez,Home Office,France,Europe,Ile-de-France,Paris,Furniture,Chairs,Ergonomic Executive Chair,5812.41,13,290.62,1803.7
ORD-2023-00162,2023-06-25,C0117,Michael Thomas,Consumer,Japan,Asia,Tokyo,Tokyo,Office Supplies,Binders,3-Ring Binder,398.18,14,0.0,151.32
ORD-2023-00163,2024-03-21,C0099,Susan Anderson,Home Office,Australia,Oceania,Victoria,Melbourne,Office Supplies,Paper,Sticky Notes,287.66,10,14.38,105.98
ORD-2023-00164,2022-06-03,C0117,Michael Thomas,Consumer,USA,North America,California,Los Angeles,Furniture,Chairs,Ergonomic Executive Chair,3738.44,19,0.0,812.87
ORD-2023-00165,2023-06-11,C0015,David Williams,Home Office,UK,Europe,England,London,Technology,Laptops,Dell XPS 15,422.71,2,21.14,96.97
ORD-2022-00166,2023-01-11,C0077,James Davis,Consumer,India,Asia,Maharashtra,Mumbai,Technology,Phones,Pixel 6,992.98,4,198.6,154.64
ORD-2022-00167,2022-03-11,C0162,James Rodriguez,Corporate,USA,North America,California,Los Angeles,Office Supplies,Binders,Expansion Folder,39.81,1,0.0,15.41
ORD-2022-00168,2024-06-22,C0200,Elizabeth Martinez,Consumer,Australia,Oceania,New South Wales,Sydney,Office Supplies,Binders,Report Cover,117.98,4,0.0,46.18
ORD-2023-00169,2023-09-08,C0047,Mary Thomas,Consumer,USA,North America,New York,New York City,Office Supplies,Art,Markers,342.49,9,17.12,62.44
ORD-2023-00170,2022-08-08,C0082,Jessica Martinez,Consumer,Germany,Europe,Bavaria,Munich,Office Supplies,Binders,Expansion Folder,131.48,3,13.15,21.73
ORD-2023-00171,2022-07-31,C0194,Robert Wilson,Home Office,USA,North America,New York,New York City,Technology,Phones,Nokia G20,1661.86,2,83.09,475.57
ORD-2022-00172,2023-07-11,C0078,Mary Wilson,Home Office,UK,Europe,England,London,Office Supplies,Art,Markers,529.46,16,105.89,157.05
ORD-2022-00173,2022-03-23,C0072,Richard Jones,Home Office,USA,North America,New York,New York City,Office Supplies,Art,Markers,63.54,8,0.0,13.79
ORD-2024-00174,2024-09-17,C0152,Jessica Anderson,Home Office,UK,Europe,England,London,Technology,Accessories,Wireless Mouse,3948.67,5,197.43,1081.22
ORD-2023-00175,2023-02-19,C0010,William Brown,Home Office,India,Asia,Maharashtra,Mumbai,Office Supplies,Paper,A4 Printer Paper,202.15,11,20.22,46.08
ORD-2022-00176,2022-03-09,C0171,Joseph Brown,Home Office,UK,Europe,England,London,Furniture,Chairs,Stool,2232.77,7,223.28,539.19
ORD-2024-00177,2023-04-04,C0051,Jennifer Johnson,Consumer,India,Asia,Maharashtra,Mumbai,Technology,Accessories,USB-C Hub,27926.0,20,1396.3,4404.52
ORD-2023-00178,2022-09-13,C0025,Robert Brown,Corporate,UK,Europe,England,London,Technology,Accessories,Webcam,20423.0,17,0.0,7284.07
ORD-2023-00179,2023-03-05,C0005,James Martinez,Consumer,Australia,Oceania,Victoria,Melbourne,Office Supplies,Binders,3-Ring Binder,813.09,20,162.62,142.75
ORD-2023-00180,2023-04-09,C0155,Barbara Anderson,Home Office,USA,North America,Texas,Houston,Furniture,Chairs,Gaming Chair,1007.33,17,50.37,103.31
ORD-2023-00181,2024-02-22,C0074,Jessica Martinez,Corporate,USA,North America,New York,New York City,Office Supplies,Binders,Report Cover,233.76,9,0.0,60.52
ORD-2022-00182,2023-10-18,C0075,James Davis,Home Office,China,Asia,Beijing,Beijing,Technology,Laptops,Lenovo ThinkPad,2131.42,2,0.0,780.72
ORD-2023-00183,2023-10-09,C0166,William Thomas,Consumer,Germany,Europe,Bavaria,Munich,Technology,Accessories,Wireless Mouse,2850.22,5,570.04,621.23
ORD-2024-00184,2022-10-23,C0137,Susan Johnson,Home Office,China,Asia,Beijing,Beijing,Technology,Laptops,Lenovo ThinkPad,4951.15,10,0.0,1153.32
ORD-2023-00185,2022-01-09,C0084,Barbara Wilson,Corporate,Australia,Oceania,Victoria,Melbourne,Office Supplies,Binders,Report Cover,183.31,8,0.0,62.28
ORD-2024-00186,2022-08-03,C0080,David Rodriguez,Consumer,USA,North America,New York,New York City,Furniture,Tables,Conference Table,10081.95,20,0.0,3723.61
ORD-2023-00187,2023-04-18,C0059,Jessica Thomas,Consumer,India,Asia,Maharashtra,Mumbai,Office Supplies,Art,Sketchbook,271.13,17,27.11,41.49
ORD-2024-00188,2022-01-29,C0075,James Davis,Home Office,UK,Europe,England,London,Technology,Accessories,Webcam,7429.07,20,0.0,1514.28
ORD-2022-00189,2023-10-16,C0050,Mary Davis,Corporate,Canada,North America,Ontario,Toronto,Furniture,Storage,Bookshelf,489.32,6,48.93,60.05
ORD-2022-00190,2023-11-28,C0096,Richard Garcia,Corporate,UK,Europe,England,London,Furniture,Tables,Study Desk,3950.38,10,790.08,478.49
ORD-2023-00191,2023-04-23,C0101,Patricia Williams,Home Office,India,Asia,Maharashtra,Mumbai,Technology,Phones,iPhone 13,1106.47,3,0.0,295.76
ORD-2022-00192,2024-02-16,C0179,Jennifer Thomas,Corporate,USA,North America,Texas,Houston,Office Supplies,Paper,Legal Pad,183.15,12,0.0,20.68
ORD-2022-00193,2023-08-31,C0170,Mary Smith,Corporate,France,Europe,Ile-de-France,Paris,Office Supplies,Art,Sketchbook,468.89,12,0.0,55.42
ORD-2024-00194,2024-04-24,C0176,Joseph Hernandez,Corporate,UK,Europe,England,London,Technology,Phones,iPhone 13,26573.18,20,5314.64,3253.57
ORD-2024-00195,2024-03-26,C0079,David Gonzalez,Corporate,India,Asia,Maharashtra,Mumbai,Office Supplies,Binders,Report Cover,524.21,11,0.0,107.43
ORD-2022-00196,2023-10-06,C0098,Susan Gonzalez,Home Office,Canada,North America,Ontario,Toronto,Furniture,Tables,Conference Table,1606.05,13,321.21,169.17
ORD-2022-00197,2024-09-26,C0003,John Brown,Corporate,UK,Europe,England,London,Technology,Phones,Samsung Galaxy S21,14856.29,18,0.0,5346.43
ORD-2024-00198,2024-07-26,C0023,Jennifer Gonzalez,Home Office,USA,North America,Texas,Houston,Technology,Laptops,HP Spectre x360,621.81,2,0.0,202.95
ORD-2024-00199,2022-07-07,C0141,Joseph Lopez,Consumer,France,Europe,Ile-de-France,Paris,Office Supplies,Paper,A4 Printer Paper,537.31,16,0.0,163.36
ORD-2023-00200,2024-09-21,C0057,Michael Gonzalez,Consumer,Australia,Oceania,Victoria,Melbourne,Furniture,Tables,Dining Table,1169.25,7,0.0,127.11
ORD-2024-00201,2023-01-08,C0116,Joseph Rodriguez,Home Office,Australia,Oceania,New South Wales,Sydney,Technology,Laptops,Lenovo ThinkPad,18529.88,16,0.0,4527.05
ORD-2024-00202,2024-02-27,C0129,Elizabeth Johnson,Home Office,Japan,Asia,Tokyo,Tokyo,Furniture,Chairs,Office Chair,1430.99,4,286.2,387.69
ORD-2023-00203,2023-11-22,C0083,James Jones,Consumer,China,Asia,Beijing,Beijing,Office Supplies,Paper,Legal Pad,430.59,9,21.53,98.95
ORD-2022-00204,2022-08-04,C0004,Jessica Davis,Corporate,UK,Europe,England,London,Office Supplies,Paper,Sticky Notes,301.12,11,0.0,60.78
ORD-2024-00205,2024-08-10,C0161,Michael Jones,Home Office,Japan,Asia,Tokyo,Tokyo,Furniture,Tables,Study Desk,640.34,8,0.0,99.94
ORD-2023-00206,2023-11-24,C0148,Linda Jones,Consumer,India,Asia,Maharashtra,Mumbai,Office Supplies,Binders,Report Cover,87.3,4,17.46,8.25
ORD-2023-00207,2022-09-23,C0200,Elizabeth Martinez,Corporate,China,Asia,Beijing,Beijing,Office Supplies,Binders,Report Cover,147.89,5,14.79,42.62
ORD-2024-00208,2024-07-14,C0076,Jennifer Miller,Corporate,Australia,Oceania,New South Wales,Sydney,Technology,Phones,Pixel 6,831.7,1,83.17,252.8
ORD-2022-00209,2024-02-19,C0044,Richard Miller,Home Office,Australia,Oceania,New South Wales,Sydney,Technology,Accessories,Webcam,9431.54,13,1886.31,995.97
ORD-2023-00210,2022-08-11,C0108,John Miller,Corporate,India,Asia,Maharashtra,Mumbai,Office Supplies,Binders,Report Cover,254.1,10,0.0,27.53
ORD-2023-00211,2023-07-18,C0045,Jessica Smith,Home Office,USA,North America,California,Los Angeles,Technology,Phones,Pixel 6,13190.3,10,659.51,3425.26
ORD-2022-00212,2023-12-30,C0134,William Wilson,Home Office,USA,North America,Texas,Houston,Office Supplies,Paper,Sticky Notes,175.67,5,35.13,20.28
ORD-2023-00213,2023-01-02,C0132,John Smith,Corporate,USA,North America,New York,New York City,Furniture,Chairs,Office Chair,4473.29,8,894.66,1336.91
ORD-2024-00214,2024-03-18,C0164,Robert Williams,Home Office,UK,Europe,England,London,Office Supplies,Binders,Expansion Folder,219.95,9,43.99,67.25
ORD-2024-00215,2022-10-14,C0133,Richard Miller,Consumer,China,Asia,Beijing,Beijing,Furniture,Chairs,Stool,7354.96,13,0.0,1998.85
ORD-2022-00216,2024-05-19,C0134,William Wilson,Home Office,UK,Europe,England,London,Office Supplies,Paper,Sticky Notes,52.58,9,10.52,9.32
ORD-2024-00217,2024-01-22,C0193,Linda Williams,Corporate,Canada,North America,Ontario,Toronto,Technology,Phones,Samsung Galaxy S21,748.63,7,0.0,217.47
ORD-2023-00218,2023-11-16,C0095,Patricia Williams,Home Office,Australia,Oceania,Victoria,Melbourne,Furniture,Storage,Wardrobe,270.64,4,0.0,65.11
ORD-2022-00219,2024-08-20,C0047,Mary Thomas,Corporate,Canada,North America,Ontario,Toronto,Office Supplies,Binders,Expansion Folder,37.46,1,7.49,11.56
ORD-2023-00220,2022-03-12,C0099,Susan Anderson,Home Office,Australia,Oceania,New South Wales,Sydney,Furniture,Chairs,Office Chair,580.95,1,0.0,185.31
ORD-2024-00221,2023-03-24,C0064,Linda Jones,Consumer,USA,North America,California,Los Angeles,Furniture,Tables,Study Desk,1629.44,9,81.47,582.07
ORD-2022-00222,2023-12-22,C0003,John Brown,Corporate,Canada,North America,Ontario,Toronto,Technology,Accessories,USB-C Hub,4781.31,16,478.13,1363.74
ORD-2022-00223,2022-06-24,C0071,Michael Thomas,Corporate,Germany,Europe,Bavaria,Munich,Technology,Phones,Samsung Galaxy S21,845.5,6,0.0,167.46
ORD-2024-00224,2022-05-11,C0050,Mary Davis,Consumer,USA,North America,Texas,Houston,Technology,Accessories,Wireless Mouse,6482.98,7,0.0,985.83
ORD-2022-00225,2022-07-21,C0006,John Martinez,Home Office,Australia,Oceania,Victoria,Melbourne,Technology,Phones,iPhone 13,5195.61,12,0.0,1819.24
ORD-2023-00226,2023-03-19,C0090,Patricia Davis,Corporate,Germany,Europe,Bavaria,Munich,Technology,Laptops,Dell XPS 15,418.26,4,83.65,112.76
ORD-2024-00227,2022-05-27,C0099,Susan Anderson,Home Office,India,Asia,Maharashtra,Mumbai,Technology,Laptops,HP Spectre x360,8207.13,20,0.0,2044.63
ORD-2024-00228,2023-12-25,C0135,Linda Johnson,Consumer,Australia,Oceania,New South Wales,Sydney,Office Supplies,Binders,Report Cover,255.51,7,25.55,68.75
ORD-2024-00229,2023-01-22,C0143,Joseph Gonzalez,Corporate,Canada,North America,Ontario,Toronto,Furniture,Tables,Conference Table,2806.28,5,280.63,459.29
ORD-2024-00230,2023-11-17,C0165,Robert Williams,Home Office,USA,North America,Texas,Houston,Furniture,Storage,Bookshelf,3346.06,7,0.0,1223.78
ORD-2024-00231,2022-01-28,C0080,David Rodriguez,Consumer,Canada,North America,Ontario,Toronto,Furniture,Storage,Bookshelf,6229.06,15,311.45,1041.19
ORD-2023-00232,2022-04-23,C0136,Barbara Smith,Corporate,India,Asia,Maharashtra,Mumbai,Furniture,Storage,Wardrobe,1860.79,8,93.04,643.92
ORD-2022-00233,2023-02-18,C0166,William Thomas,Corporate,UK,Europe,England,London,Office Supplies,Art,Watercolor Set,369.95,17,0.0,67.71
ORD-2022-00234,2023-06-25,C0157,Linda Smith,Corporate,France,Europe,Ile-de-France,Paris,Office Supplies,Art,Sketchbook,340.73,8,68.15,70.88
ORD-2024-00235,2022-02-09,C0199,Jessica Smith,Home Office,Australia,Oceania,New South Wales,Sydney,Technology,Accessories,Mechanical Keyboard,26970.22,19,0.0,4158.94
ORD-2022-00236,2023-11-27,C0100,James Jones,Home Office,Australia,Oceania,Victoria,Melbourne,Office Supplies,Paper,A4 Printer Paper,441.11,11,0.0,171.49
ORD-2022-00237,2024-04-16,C0058,David Garcia,Corporate,China,Asia,Beijing,Beijing,Technology,Phones,Pixel 6,6833.99,6,0.0,2220.65
ORD-2023-00238,2023-09-25,C0095,Patricia Williams,Home Office,Canada,North America,Ontario,Toronto,Furniture,Tables,Conference Table,2073.52,12,0.0,749.69
ORD-2023-00239,2023-11-10,C0079,David Gonzalez,Corporate,Australia,Oceania,New South Wales,Sydney,Technology,Laptops,Lenovo ThinkPad,2890.28,4,0.0,710.08
ORD-2024-00240,2022-11-17,C0046,Barbara Davis,Corporate,USA,North America,California,Los Angeles,Technology,Phones,iPhone 13,1270.3,8,127.03,205.01
ORD-2024-00241,2023-01-15,C0065,Barbara Williams,Home Office,Australia,Oceania,New South Wales,Sydney,Technology,Laptops,HP Spectre x360,2872.04,6,574.41,820.57
ORD-2023-00242,2022-12-09,C0020,Michael Williams,Consumer,China,Asia,Beijing,Beijing,Office Supplies,Paper,A4 Printer Paper,430.31,10,86.06,83.49
ORD-2022-00243,2022-06-30,C0045,Jessica Smith,Consumer,France,Europe,Ile-de-France,Paris,Office Supplies,Paper,A4 Printer Paper,75.3,15,3.77,27.28
ORD-2024-00244,2022-07-26,C0093,Elizabeth Davis,Corporate,UK,Europe,England,London,Office Supplies,Art,Markers,423.65,10,42.37,56.22
ORD-2023-00245,2024-01-05,C0128,Jennifer Wilson,Consumer,Australia,Oceania,Victoria,Melbourne,Office Supplies,Binders,3-Ring Binder,133.71,9,6.69,35.65
ORD-2024-00246,2022-09-09,C0110,Jennifer Martinez,Home Office,USA,North America,New York,New York City,Furniture,Storage,File Cabinet,1925.36,6,385.07,485.29
ORD-2022-00247,2022-05-01,C0061,Elizabeth Martinez,Home Office,Australia,Oceania,Victoria,Melbourne,Office Supplies,Art,Sketchbook,97.26,3,4.86,16.84
ORD-2023-00248,2022-04-19,C0004,Jessica Davis,Corporate,China,Asia,Beijing,Beijing,Technology,Laptops,HP Spectre x360,15662.73,13,3132.55,2134.61
ORD-2022-00249,2024-06-28,C0063,Michael Anderson,Consumer,Japan,Asia,Tokyo,Tokyo,Technology,Laptops,HP Spectre x360,14409.53,20,0.0,2902.21
ORD-2023-00250,2024-09-14,C0076,Jennifer Miller,Home Office,USA,North America,California,Los Angeles,Furniture,Chairs,Stool,719.02,2,71.9,71.41
ORD-2023-00251,2024-08-03,C0045,Jessica Smith,Home Office,USA,North America,California,Los Angeles,Furniture,Chairs,Ergonomic Executive Chair,1061.28,3,106.13,146.16
ORD-2024-00252,2024-06-15,C0058,David Garcia,Consumer,UK,Europe,England,London,Office Supplies,Paper,Cardstock,331.83,8,0.0,37.39
ORD-2024-00253,2022-03-15,C0189,Robert Thomas,Consumer,France,Europe,Ile-de-France,Paris,Office Supplies,Art,Watercolor Set,330.87,15,66.17,63.56
ORD-2023-00254,2022-05-20,C0100,James Jones,Consumer,USA,North America,New York,New York City,Furniture,Tables,Dining Table,2011.42,9,0.0,385.32
ORD-2022-00255,2022-12-17,C0135,Linda Johnson,Corporate,Canada,North America,Ontario,Toronto,Furniture,Storage,Wardrobe,252.48,2,50.5,55.1
ORD-2023-00256,2023-06-06,C0175,David Lopez,Consumer,Germany,Europe,Bavaria,Munich,Furniture,Storage,Wardrobe,7611.45,14,380.57,1236.48
ORD-2022-00257,2023-10-01,C0164,Robert Williams,Corporate,USA,North America,Texas,Houston,Furniture,Tables,Coffee Table,2915.93,8,583.19,316.57
ORD-2022-00258,2023-10-22,C0157,Linda Smith,Home Office,UK,Europe,England,London,Technology,Phones,iPhone 13,256.66,1,12.83,86.28
ORD-2023-00259,2024-01-07,C0097,Jessica Garcia,Consumer,USA,North America,New York,New York City,Technology,Laptops,Dell XPS 15,14386.86,17,2877.37,3215.04
ORD-2023-00260,2023-12-27,C0146,Mary Gonzalez,Consumer,France,Europe,Ile-de-France,Paris,Furniture,Tables,Study Desk,4859.14,14,242.96,1505.55
ORD-2023-00261,2022-07-06,C0153,John Thomas,Corporate,France,Europe,Ile-de-France,Paris,Technology,Accessories,Mechanical Keyboard,6274.65,5,313.73,1657.52
ORD-2024-00262,2023-03-03,C0052,David Miller,Consumer,Australia,Oceania,New South Wales,Sydney,Technology,Phones,iPhone 13,12793.16,20,0.0,1373.8
ORD-2022-00263,2023-07-08,C0032,Linda Rodriguez,Home Office,Australia,Oceania,New South Wales,Sydney,Furniture,Chairs,Office Chair,5951.33,20,0.0,2117.81
ORD-2022-00264,2024-01-11,C0068,Elizabeth Lopez,Corporate,India,Asia,Maharashtra,Mumbai,Technology,Accessories,Mechanical Keyboard,1507.23,10,0.0,430.02
ORD-2023-00265,2023-05-03,C0050,Mary Davis,Home Office,China,Asia,Beijing,Beijing,Furniture,Storage,File Cabinet,11298.13,20,0.0,3504.89
ORD-2023-00266,2022-03-17,C0132,John Smith,Consumer,China,Asia,Beijing,Beijing,Office Supplies,Art,Watercolor Set,421.64,18,84.33,102.5
ORD-2024-00267,2022-12-28,C0044,Richard Miller,Corporate,USA,North America,Texas,Houston,Furniture,Tables,Coffee Table,3522.33,12,352.23,978.59
ORD-2023-00268,2024-03-28,C0061,Elizabeth Martinez,Corporate,USA,North America,California,Los Angeles,Office Supplies,Paper,Legal Pad,205.44,10,0.0,62.06
ORD-2022-00269,2023-08-27,C0066,Richard Williams,Consumer,Australia,Oceania,Victoria,Melbourne,Office Supplies,Paper,A4 Printer Paper,680.65,17,68.06,116.55
ORD-2023-00270,2024-09-05,C0197,Richard Wilson,Home Office,Canada,North America,Ontario,Toronto,Furniture,Tables,Coffee Table,2692.07,14,269.21,506.98
ORD-2024-00271,2022-10-19,C0150,Elizabeth Gonzalez,Corporate,Canada,North America,Ontario,Toronto,Technology,Phones,Nokia G20,3492.27,19,698.45,328.17
ORD-2022-00272,2024-06-22,C0038,John Brown,Consumer,France,Europe,Ile-de-France,Paris,Furniture,Chairs,Office Chair,1240.47,4,0.0,394.86
ORD-2022-00273,2023-09-21,C0087,Mary Wilson,Consumer,Germany,Europe,Bavaria,Munich,Office Supplies,Paper,Cardstock,579.65,15,115.93,148.4
ORD-2024-00274,2023-09-06,C0154,Richard Garcia,Consumer,Japan,Asia,Tokyo,Tokyo,Technology,Accessories,Webcam,16495.43,19,3299.09,1802.24
ORD-2023-00275,2022-12-23,C0067,Susan Thomas,Home Office,China,Asia,Beijing,Beijing,Technology,Accessories,Wireless Mouse,21795.35,19,4359.07,1941.33
ORD-2024-00276,2022-07-14,C0172,Richard Garcia,Corporate,China,Asia,Beijing,Beijing,Furniture,Storage,Wardrobe,916.13,4,183.23,278.05
ORD-2023-00277,2022-02-17,C0163,Joseph Hernandez,Consumer,Canada,North America,Ontario,Toronto,Technology,Accessories,Mechanical Keyboard,4334.22,3,216.71,511.85
ORD-2022-00278,2023-01-20,C0123,Susan Garcia,Consumer,China,Asia,Beijing,Beijing,Furniture,Chairs,Stool,911.34,7,182.27,262.46
ORD-2024-00279,2022-11-26,C0158,Richard Williams,Home Office,UK,Europe,England,London,Furniture,Storage,Bookshelf,1643.79,10,82.19,175.54
ORD-2023-00280,2024-05-09,C0145,Elizabeth Brown,Corporate,Australia,Oceania,New South Wales,Sydney,Technology,Laptops,HP Spectre x360,13870.91,17,1387.09,1379.39
ORD-2023-00281,2022-01-04,C0100,James Jones,Home Office,Australia,Oceania,New South Wales,Sydney,Technology,Accessories,Mechanical Keyboard,6199.91,15,0.0,2006.35
ORD-2023-00282,2024-01-17,C0192,Patricia Hernandez,Corporate,France,Europe,Ile-de-France,Paris,Technology,Accessories,Webcam,3438.42,17,343.84,858.17
ORD-2022-00283,2024-09-03,C0135,Linda Johnson,Home Office,Canada,North America,Ontario,Toronto,Furniture,Tables,Coffee Table,2647.78,13,264.78,490.03
ORD-2023-00284,2023-05-15,C0104,Mary Jones,Corporate,China,Asia,Beijing,Beijing,Office Supplies,Paper,Sticky Notes,85.73,9,4.29,19.19
ORD-2023-00285,2023-07-06,C0097,Jessica Garcia,Corporate,France,Europe,Ile-de-France,Paris,Office Supplies,Binders,3-Ring Binder,469.95,11,47.0,143.75
ORD-2023-00286,2023-12-16,C0139,Joseph Garcia,Home Office,Japan,Asia,Tokyo,Tokyo,Furniture,Chairs,Stool,5003.31,11,500.33,965.8
ORD-2023-00287,2022-07-19,C0178,Patricia Thomas,Consumer,USA,North America,Texas,Houston,Furniture,Tables,Dining Table,705.31,8,141.06,99.4
ORD-2024-00288,2023-03-12,C0150,Elizabeth Gonzalez,Corporate,Japan,Asia,Tokyo,Tokyo,Furniture,Chairs,Ergonomic Executive Chair,929.07,4,46.45,188.55
ORD-2023-00289,2023-03-12,C0195,William Hernandez,Corporate,Australia,Oceania,Victoria,Melbourne,Office Supplies,Paper,Sticky Notes,53.35,9,2.67,14.82
ORD-2024-00290,2022-07-13,C0146,Mary Gonzalez,Corporate,India,Asia,Maharashtra,Mumbai,Technology,Phones,Nokia G20,2248.21,13,112.41,630.07
ORD-2023-00291,2023-09-26,C0163,Joseph Hernandez,Corporate,Australia,Oceania,Victoria,Melbourne,Technology,Laptops,HP Spectre x360,2066.69,2,413.34,235.95
ORD-2023-00292,2023-01-06,C0069,Mary Jones,Home Office,Australia,Oceania,Victoria,Melbourne,Office Supplies,Binders,Expansion Folder,702.21,20,140.44,117.47
ORD-2023-00293,2024-01-02,C0043,Elizabeth Williams,Consumer,USA,North America,Texas,Houston,Furniture,Chairs,Office Chair,4473.39,15,447.34,1418.67
ORD-2023-00294,2023-09-25,C0155,Barbara Anderson,Corporate,Germany,Europe,Bavaria,Munich,Furniture,Storage,Bookshelf,982.92,12,98.29,255.81
ORD-2023-00295,2023-12-18,C0025,Robert Brown,Home Office,Australia,Oceania,Victoria,Melbourne,Technology,Phones,Nokia G20,5554.66,5,555.47,1072.54
ORD-2022-00296,2023-08-03,C0180,Joseph Wilson,Consumer,Australia,Oceania,New South Wales,Sydney,Technology,Accessories,Webcam,13816.22,13,1381.62,4193.67
ORD-2024-00297,2024-02-04,C0163,Joseph Hernandez,Consumer,UK,Europe,England,London,Office Supplies,Paper,Sticky Notes,167.46,15,0.0,18.05
ORD-2023-00298,2023-04-18,C0177,Joseph Miller,Corporate,Australia,Oceania,New South Wales,Sydney,Furniture,Storage,Wardrobe,230.36,2,0.0,86.42
ORD-2024-00299,2024-04-11,C0003,John Brown,Corporate,Australia,Oceania,New South Wales,Sydney,Office Supplies,Paper,Sticky Notes,143.88,3,28.78,28.46
ORD-2022-00300,2024-05-21,C0072,Richard Jones,Consumer,Australia,Oceania,Victoria,Melbourne,Furniture,Tables,Dining Table,3071.48,16,0.0,1179.25
ORD-2022-00301,2024-04-12,C0006,John Martinez,Home Office,Canada,North America,Ontario,Toronto,Technology,Laptops,HP Spectre x360,6716.43,14,1343.29,1642.59
ORD-2022-00302,2022-10-15,C0096,Richard Garcia,Corporate,China,Asia,Beijing,Beijing,Furniture,Tables,Coffee Table,6355.25,11,0.0,2289.53
ORD-2023-00303,2023-11-14,C0057,Michael Gonzalez,Corporate,Germany,Europe,Bavaria,Munich,Office Supplies,Paper,Legal Pad,209.56,5,0.0,26.4
ORD-2022-00304,2023-05-19,C0105,Barbara Hernandez,Corporate,USA,North America,California,Los Angeles,Office Supplies,Art,Watercolor Set,160.27,15,0.0,35.16
ORD-2023-00305,2023-10-14,C0092,Barbara Jones,Consumer,Australia,Oceania,Victoria,Melbourne,Office Supplies,Binders,Report Cover,711.51,17,0.0,130.9
ORD-2022-00306,2024-02-04,C0032,Linda Rodriguez,Consumer,India,Asia,Maharashtra,Mumbai,Office Supplies,Art,Markers,745.74,19,0.0,284.03
ORD-2023-00307,2023-09-08,C0168,Patricia Hernandez,Corporate,Australia,Oceania,New South Wales,Sydney,Technology,Phones,Samsung Galaxy S21,2603.91,18,130.2,354.27
ORD-2023-00308,2024-01-20,C0040,Linda Garcia,Consumer,USA,North America,Texas,Houston,Technology,Phones,Nokia G20,4755.09,4,0.0,1246.47
ORD-2024-00309,2023-02-06,C0120,Jessica Martinez,Home Office,USA,North America,Texas,Houston,Furniture,Storage,Bookshelf,3935.33,18,0.0,615.68
ORD-2024-00310,2022-09-08,C0120,Jessica Martinez,Corporate,USA,North America,Texas,Houston,Office Supplies,Paper,A4 Printer Paper,633.74,16,63.37,87.52
ORD-2024-00311,2024-05-03,C0041,Patricia Wilson,Corporate,USA,North America,New York,New York City,Office Supplies,Art,Watercolor Set,141.72,3,14.17,20.3
ORD-2023-00312,2024-05-29,C0085,Elizabeth Smith,Consumer,Australia,Oceania,New South Wales,Sydney,Furniture,Tables,Dining Table,941.54,2,94.15,168.39
ORD-2023-00313,2023-11-12,C0038,John Brown,Consumer,Canada,North America,Ontario,Toronto,Office Supplies,Art,Watercolor Set,280.32,7,28.03,68.1
ORD-2023-00314,2023-10-15,C0077,James Davis,Home Office,Germany,Europe,Bavaria,Munich,Technology,Phones,Nokia G20,14511.81,10,0.0,3982.13
ORD-2022-00315,2024-02-28,C0093,Elizabeth Davis,Home Office,Japan,Asia,Tokyo,Tokyo,Furniture,Chairs,Stool,5171.31,10,258.57,1626.4
ORD-2023-00316,2024-04-28,C0055,John Jones,Home Office,Australia,Oceania,Victoria,Melbourne,Furniture,Storage,File Cabinet,1390.43,3,278.09,275.19
ORD-2024-00317,2023-01-25,C0018,Barbara Rodriguez,Home Office,Australia,Oceania,New South Wales,Sydney,Furniture,Tables,Study Desk,208.59,1,20.86,36.21
ORD-2024-00318,2024-07-09,C0017,William Thomas,Home Office,India,Asia,Maharashtra,Mumbai,Furniture,Chairs,Office Chair,917.53,5,45.88,109.07
ORD-2023-00319,2024-06-21,C0138,Mary Martinez,Consumer,France,Europe,Ile-de-France,Paris,Office Supplies,Binders,3-Ring Binder,291.04,18,29.1,66.83
ORD-2022-00320,2024-08-08,C0071,Michael Thomas,Consumer,USA,North America,Texas,Houston,Technology,Laptops,HP Spectre x360,5804.65,9,0.0,1955.02
ORD-2022-00321,2022-03-16,C0097,Jessica Garcia,Corporate,Australia,Oceania,New South Wales,Sydney,Office Supplies,Paper,A4 Printer Paper,59.54,9,2.98,15.46
ORD-2023-00322,2024-01-28,C0032,Linda Rodriguez,Consumer,USA,North America,California,Los Angeles,Office Supplies,Binders,Report Cover,733.86,18,36.69,242.08
ORD-2023-00323,2023-05-04,C0112,John Williams,Home Office,Australia,Oceania,New South Wales,Sydney,Office Supplies,Paper,Legal Pad,383.54,15,76.71,97.17
ORD-2022-00324,2023-07-22,C0060,Joseph Miller,Consumer,Australia,Oceania,Victoria,Melbourne,Technology,Phones,Samsung Galaxy S21,2890.2,2,0.0,925.66
ORD-2023-00325,2022-11-16,C0194,Robert Wilson,Consumer,UK,Europe,England,London,Furniture,Storage,Bookshelf,4187.75,11,0.0,515.7
ORD-2022-00326,2022-11-20,C0109,Jennifer Hernandez,Consumer,France,Europe,Ile-de-France,Paris,Furniture,Storage,Wardrobe,821.43,7,164.29,184.21
ORD-2024-00327,2024-04-24,C0028,William Thomas,Corporate,USA,North America,New York,New York City,Office Supplies,Paper,Sticky Notes,319.66,16,0.0,45.44
ORD-2023-00328,2024-04-09,C0134,William Wilson,Corporate,UK,Europe,England,London,Office Supplies,Art,Sketchbook,295.38,7,0.0,52.56
ORD-2023-00329,2023-10-29,C0045,Jessica Smith,Consumer,China,Asia,Beijing,Beijing,Furniture,Tables,Dining Table,4432.19,20,0.0,941.22
ORD-2024-00330,2024-04-21,C0193,Linda Williams,Consumer,Australia,Oceania,New South Wales,Sydney,Technology,Phones,Pixel 6,1571.9,9,0.0,556.59
ORD-2023-00331,2022-02-12,C0139,Joseph Garcia,Home Office,Japan,Asia,Tokyo,Tokyo,Technology,Laptops,MacBook Pro 14,4008.43,12,200.42,782.48
ORD-2022-00332,2024-03-06,C0035,Jessica Johnson,Corporate,UK,Europe,England,London,Office Supplies,Binders,Expansion Folder,91.94,6,9.19,16.39
ORD-2023-00333,2024-03-18,C0064,Linda Jones,Corporate,France,Europe,Ile-de-France,Paris,Office Supplies,Paper,Sticky Notes,47.0,5,9.4,4.05
ORD-2024-00334,2023-05-24,C0132,John Smith,Corporate,USA,North America,Texas,Houston,Office Supplies,Binders,3-Ring Binder,450.9,19,45.09,57.18
ORD-2023-00335,2022-05-23,C0182,Mary Wilson,Consumer,Australia,Oceania,Victoria,Melbourne,Furniture,Tables,Study Desk,2098.72,4,419.74,260.43
ORD-2022-00336,2024-07-03,C0102,James Martinez,Home Office,Australia,Oceania,New South Wales,Sydney,Office Supplies,Binders,Expansion Folder,193.49,5,9.67,72.38
ORD-2024-00337,2024-03-24,C0090,Patricia Davis,Consumer,UK,Europe,England,London,Technology,Accessories,USB-C Hub,6846.15,8,1369.23,1830.21
ORD-2024-00338,2024-04-07,C0102,James Martinez,Corporate,France,Europe,Ile-de-France,Paris,Technology,Laptops,Dell XPS 15,14642.57,11,0.0,4056.84
ORD-2022-00339,2023-01-15,C0030,Michael Rodriguez,Home Office,USA,North America,New York,New York City,Technology,Accessories,Mechanical Keyboard,325.03,1,16.25,80.57
ORD-2023-00340,2023-10-24,C0068,Elizabeth Lopez,Home Office,Australia,Oceania,Victoria,Melbourne,Furniture,Storage,Bookshelf,7970.11,16,1594.02,1610.33
ORD-2022-00341,2023-05-04,C0005,James Martinez,Corporate,India,Asia,Maharashtra,Mumbai,Furniture,Chairs,Gaming Chair,3427.78,7,685.56,746.58
ORD-2023-00342,2024-01-19,C0146,Mary Gonzalez,Consumer,Canada,North America,Ontario,Toronto,Office Supplies,Binders,Expansion Folder,487.21,16,0.0,142.3
ORD-2023-00343,2022-08-18,C0032,Linda Rodriguez,Corporate,Germany,Europe,Bavaria,Munich,Technology,Laptops,MacBook Pro 14,21313.89,16,1065.69,5065.13
ORD-2024-00344,2023-05-29,C0131,John Brown,Corporate,Japan,Asia,Tokyo,Tokyo,Technology,Accessories,Webcam,451.31,1,90.26,76.14
ORD-2022-00345,2024-07-04,C0065,Barbara Williams,Home Office,USA,North America,Texas,Houston,Technology,Accessories,Webcam,18926.78,17,3785.36,2023.7
ORD-2023-00346,2023-04-06,C0074,Jessica Martinez,Corporate,Australia,Oceania,Victoria,Melbourne,Furniture,Tables,Study Desk,10109.81,20,0.0,1540.0
ORD-2024-00347,2023-07-17,C0064,Linda Jones,Corporate,China,Asia,Beijing,Beijing,Furniture,Chairs,Office Chair,6460.49,14,0.0,1273.98
ORD-2023-00348,2024-04-27,C0086,Jennifer Gonzalez,Consumer,USA,North America,California,Los Angeles,Technology,Phones,iPhone 13,3396.83,11,169.84,421.63
ORD-2023-00349,2024-04-12,C0109,Jennifer Hernandez,Consumer,France,Europe,Ile-de-France,Paris,Furniture,Chairs,Gaming Chair,2735.67,12,136.78,707.98
ORD-2023-00350,2024-03-10,C0187,Joseph Rodriguez,Corporate,Australia,Oceania,Victoria,Melbourne,Furniture,Chairs,Office Chair,1740.14,20,174.01,235.78
ORD-2022-00351,2024-03-09,C0096,Richard Garcia,Consumer,Australia,Oceania,New South Wales,Sydney,Technology,Phones,iPhone 13,685.67,4,137.13,106.79
ORD-2022-00352,2023-09-20,C0120,Jessica Martinez,Corporate,India,Asia,Maharashtra,Mumbai,Furniture,Tables,Dining Table,3560.19,17,0.0,657.29
ORD-2023-00353,2023-06-22,C0014,Mary Martinez,Home Office,Germany,Europe,Bavaria,Munich,Furniture,Tables,Dining Table,1346.12,8,0.0,247.78
ORD-2023-00354,2023-08-10,C0133,Richard Miller,Home Office,China,Asia,Beijing,Beijing,Technology,Accessories,Wireless Mouse,4274.69,4,854.94,412.93
ORD-2023-00355,2022-05-20,C0092,Barbara Jones,Corporate,Japan,Asia,Tokyo,Tokyo,Office Supplies,Paper,Legal Pad,311.76,8,0.0,66.6
ORD-2024-00356,2022-12-15,C0126,Linda Johnson,Consumer,USA,North America,California,Los Angeles,Technology,Accessories,Mechanical Keyboard,11540.24,11,0.0,1971.79
ORD-2023-00357,2024-02-09,C0160,David Williams,Consumer,Australia,Oceania,Victoria,Melbourne,Technology,Phones,Pixel 6,2560.44,12,512.09,419.2
ORD-2022-00358,2022-06-21,C0045,Jessica Smith,Home Office,Germany,Europe,Bavaria,Munich,Office Supplies,Art,Watercolor Set,48.33,1,0.0,15.92
ORD-2022-00359,2022-02-08,C0104,Mary Jones,Corporate,Australia,Oceania,New South Wales,Sydney,Technology,Laptops,MacBook Pro 14,8708.86,9,1741.77,867.9
ORD-2022-00360,2022-04-06,C0190,Jessica Wilson,Consumer,Australia,Oceania,Victoria,Melbourne,Technology,Accessories,USB-C Hub,7223.44,8,361.17,1098.97
ORD-2022-00361,2024-06-01,C0133,Richard Miller,Consumer,USA,North America,Texas,Houston,Furniture,Storage,Wardrobe,9947.35,18,1989.47,2974.76
ORD-2022-00362,2023-09-07,C0120,Jessica Martinez,Home Office,USA,North America,New York,New York City,Office Supplies,Binders,Report Cover,124.39,6,12.44,12.87
ORD-2023-00363,2022-10-05,C0105,Barbara Hernandez,Home Office,China,Asia,Beijing,Beijing,Technology,Phones,Samsung Galaxy S21,5736.86,8,0.0,1651.22
ORD-2023-00364,2024-09-03,C0191,Jessica Brown,Corporate,USA,North America,New York,New York City,Technology,Accessories,Webcam,6664.26,9,333.21,2427.23
ORD-2024-00365,2024-03-22,C0199,Jessica Smith,Home Office,China,Asia,Beijing,Beijing,Office Supplies,Art,Markers,27.47,1,0.0,6.72
ORD-2024-00366,2023-08-26,C0036,Joseph Johnson,Consumer,Canada,North America,Ontario,Toronto,Furniture,Chairs,Stool,3357.2,20,0.0,378.97
ORD-2022-00367,2022-10-22,C0038,John Brown,Corporate,USA,North America,Texas,Houston,Office Supplies,Paper,Sticky Notes,418.34,15,83.67,121.66
ORD-2023-00368,2022-03-14,C0195,William Hernandez,Home Office,Canada,North America,Ontario,Toronto,Office Supplies,Binders,Expansion Folder,185.84,4,18.58,60.89
ORD-2024-00369,2022-03-20,C0167,William Anderson,Home Office,Australia,Oceania,New South Wales,Sydney,Technology,Accessories,Mechanical Keyboard,26566.96,19,0.0,6651.37
ORD-2022-00370,2022-02-13,C0190,Jessica Wilson,Corporate,Australia,Oceania,New South Wales,Sydney,Technology,Phones,Samsung Galaxy S21,1484.34,1,296.87,354.66
ORD-2023-00371,2023-11-23,C0045,Jessica Smith,Consumer,France,Europe,Ile-de-France,Paris,Furniture,Storage,File Cabinet,7628.51,18,762.85,1811.27
ORD-2023-00372,2023-03-08,C0198,Joseph Martinez,Home Office,Japan,Asia,Tokyo,Tokyo,Technology,Accessories,USB-C Hub,7563.8,6,756.38,725.37
ORD-2022-00373,2023-09-12,C0115,Mary Wilson,Consumer,Germany,Europe,Bavaria,Munich,Furniture,Storage,Wardrobe,7847.12,17,0.0,1580.74
ORD-2023-00374,2022-07-08,C0110,Jennifer Martinez,Consumer,Australia,Oceania,New South Wales,Sydney,Technology,Laptops,MacBook Pro 14,2803.98,15,0.0,394.4
ORD-2023-00375,2022-05-19,C0188,Patricia Wilson,Consumer,India,Asia,Maharashtra,Mumbai,Office Supplies,Paper,Sticky Notes,90.8,2,18.16,9.45
ORD-2022-00376,2023-04-12,C0034,David Wilson,Consumer,Australia,Oceania,Victoria,Melbourne,Office Supplies,Paper,Sticky Notes,595.38,13,29.77,139.58
ORD-2023-00377,2022-08-13,C0168,Patricia Hernandez,Consumer,Australia,Oceania,New South Wales,Sydney,Furniture,Storage,Wardrobe,6619.75,16,330.99,726.84
ORD-2024-00378,2024-09-11,C0094,Linda Garcia,Home Office,India,Asia,Maharashtra,Mumbai,Technology,Phones,Nokia G20,9443.97,16,0.0,1941.65
ORD-2023-00379,2024-03-21,C0154,Richard Garcia,Consumer,France,Europe,Ile-de-France,Paris,Technology,Laptops,HP Spectre x360,10684.95,9,2136.99,872.73
ORD-2023-00380,2024-02-26,C0143,Joseph Gonzalez,Home Office,France,Europe,Ile-de-France,Paris,Office Supplies,Paper,Cardstock,585.77,14,29.29,115.01
ORD-2022-00381,2023-08-23,C0074,Jessica Martinez,Corporate,UK,Europe,England,London,Technology,Laptops,Dell XPS 15,2762.07,3,0.0,512.02
ORD-2022-00382,2023-12-20,C0043,Elizabeth Williams,Home Office,Australia,Oceania,New South Wales,Sydney,Office Supplies,Binders,Report Cover,59.26,2,11.85,5.02
ORD-2023-00383,2024-08-23,C0188,Patricia Wilson,Corporate,France,Europe,Ile-de-France,Paris,Technology,Phones,Pixel 6,310.0,3,15.5,88.01
ORD-2023-00384,2022-07-24,C0011,Patricia Hernandez,Corporate,UK,Europe,England,London,Furniture,Storage,Wardrobe,419.73,2,41.97,40.64
ORD-2022-00385,2022-01-20,C0104,Mary Jones,Consumer,Australia,Oceania,New South Wales,Sydney,Office Supplies,Binders,Report Cover,607.37,15,60.74,164.63
ORD-2023-00386,2024-03-02,C0076,Jennifer Miller,Corporate,USA,North America,Texas,Houston,Furniture,Chairs,Ergonomic Executive Chair,9415.42,20,1883.08,2709.55
ORD-2022-00387,2022-07-26,C0138,Mary Martinez,Corporate,France,Europe,Ile-de-France,Paris,Furniture,Chairs,Office Chair,4023.67,13,201.18,1061.56
ORD-2022-00388,2022-03-19,C0073,Elizabeth Smith,Home Office,Australia,Oceania,Victoria,Melbourne,Furniture,Chairs,Ergonomic Executive Chair,10937.31,19,0.0,3805.17
ORD-2022-00389,2024-02-03,C0006,John Martinez,Consumer,Australia,Oceania,New South Wales,Sydney,Technology,Laptops,Dell XPS 15,2741.4,7,137.07,538.67
ORD-2024-00390,2022-07-01,C0085,Elizabeth Smith,Consumer,USA,North America,California,Los Angeles,Office Supplies,Binders,3-Ring Binder,814.21,19,40.71,308.03
ORD-2022-00391,2023-04-06,C0060,Joseph Miller,Consumer,Japan,Asia,Tokyo,Tokyo,Office Supplies,Binders,Report Cover,657.58,19,32.88,246.48
ORD-2024-00392,2022-11-24,C0017,William Thomas,Corporate,Germany,Europe,Bavaria,Munich,Technology,Accessories,USB-C Hub,12417.17,16,0.0,1964.6
ORD-2024-00393,2024-05-28,C0185,Richard Anderson,Corporate,France,Europe,Ile-de-France,Paris,Office Supplies,Paper,Sticky Notes,13.1,1,1.31,2.89
ORD-2023-00394,2023-11-29,C0067,Susan Thomas,Home Office,Japan,Asia,Tokyo,Tokyo,Office Supplies,Paper,Cardstock,511.16,11,51.12,60.49
ORD-2024-00395,2023-07-15,C0086,Jennifer Gonzalez,Corporate,Germany,Europe,Bavaria,Munich,Furniture,Chairs,Stool,2635.8,9,527.16,710.88
ORD-2024-00396,2023-09-17,C0173,John Thomas,Corporate,Australia,Oceania,Victoria,Melbourne,Furniture,Tables,Conference Table,1721.05,8,0.0,290.1
ORD-2022-00397,2023-06-10,C0031,Robert Garcia,Consumer,India,Asia,Maharashtra,Mumbai,Technology,Laptops,MacBook Pro 14,13290.25,13,2658.05,2886.76
ORD-2023-00398,2023-02-21,C0080,David Rodriguez,Consumer,USA,North America,Texas,Houston,Furniture,Storage,Wardrobe,4805.44,12,480.54,1542.98
ORD-2023-00399,2022-03-31,C0090,Patricia Davis,Corporate,Japan,Asia,Tokyo,Tokyo,Technology,Accessories,Webcam,9970.87,14,498.54,1269.49
ORD-2024-00400,2022-03-24,C0046,Barbara Davis,Corporate,UK,Europe,England,London,Office Supplies,Binders,Expansion Folder,327.36,16,0.0,92.48
ORD-2024-00401,2022-05-05,C0047,Mary Thomas,Consumer,USA,North America,New York,New York City,Furniture,Chairs,Ergonomic Executive Chair,3739.91,7,747.98,833.38
ORD-2023-00402,2024-06-03,C0155,Barbara Anderson,Corporate,Australia,Oceania,Victoria,Melbourne,Furniture,Tables,Study Desk,176.57,1,8.83,50.92
ORD-2022-00403,2024-01-13,C0048,Jessica Thomas,Corporate,China,Asia,Beijing,Beijing,Office Supplies,Paper,Cardstock,632.35,19,0.0,125.53
ORD-2024-00404,2022-08-20,C0099,Susan Anderson,Corporate,India,Asia,Maharashtra,Mumbai,Technology,Laptops,Lenovo ThinkPad,1999.61,7,399.92,198.05
ORD-2024-00405,2023-07-28,C0036,Joseph Johnson,Consumer,Germany,Europe,Bavaria,Munich,Technology,Phones,iPhone 13,3786.78,7,757.36,549.84
ORD-2024-00406,2023-11-11,C0020,Michael Williams,Corporate,China,Asia,Beijing,Beijing,Furniture,Tables,Dining Table,940.51,15,0.0,122.65
ORD-2023-00407,2024-05-11,C0157,Linda Smith,Consumer,Canada,North America,Ontario,Toronto,Furniture,Storage,Bookshelf,541.44,2,54.14,145.1
ORD-2024-00408,2022-12-01,C0067,Susan Thomas,Corporate,France,Europe,Ile-de-France,Paris,Technology,Phones,Pixel 6,10154.46,19,1015.45,2162.47
ORD-2022-00409,2022-06-28,C0110,Jennifer Martinez,Home Office,Japan,Asia,Tokyo,Tokyo,Furniture,Tables,Dining Table,2809.02,9,561.8,799.92
ORD-2024-00410,2023-01-29,C0151,Robert Brown,Home Office,India,Asia,Maharashtra,Mumbai,Technology,Laptops,Lenovo ThinkPad,13505.04,10,0.0,5154.28
ORD-2022-00411,2023-05-15,C0054,Patricia Johnson,Consumer,Japan,Asia,Tokyo,Tokyo,Office Supplies,Paper,A4 Printer Paper,241.19,5,0.0,60.9
ORD-2024-00412,2024-01-21,C0024,Patricia Gonzalez,Consumer,Australia,Oceania,Victoria,Melbourne,Technology,Phones,Nokia G20,24324.1,17,0.0,4642.56
ORD-2023-00413,2023-04-05,C0053,Jennifer Williams,Consumer,Japan,Asia,Tokyo,Tokyo,Furniture,Storage,Wardrobe,835.21,15,167.04,86.09
ORD-2024-00414,2024-03-12,C0024,Patricia Gonzalez,Corporate,France,Europe,Ile-de-France,Paris,Furniture,Chairs,Office Chair,1321.74,8,132.17,381.35
ORD-2022-00415,2022-07-31,C0001,Robert Gonzalez,Consumer,Australia,Oceania,Victoria,Melbourne,Furniture,Storage,Bookshelf,4493.3,16,0.0,1139.13
ORD-2023-00416,2022-10-18,C0099,Susan Anderson,Consumer,Canada,North America,Ontario,Toronto,Furniture,Storage,Wardrobe,4686.98,17,937.4,1154.21
ORD-2022-00417,2022-10-31,C0005,James Martinez,Home Office,Australia,Oceania,New South Wales,Sydney,Office Supplies,Binders,Report Cover,514.22,11,102.84,93.58
ORD-2024-00418,2022-12-17,C0108,John Miller,Consumer,USA,North America,New York,New York City,Office Supplies,Paper,Legal Pad,251.45,10,25.14,34.91
ORD-2024-00419,2022-11-01,C0009,John Martinez,Corporate,USA,North America,Texas,Houston,Furniture,Chairs,Stool,328.84,2,32.88,39.4
ORD-2024-00420,2022-11-21,C0038,John Brown,Consumer,USA,North America,California,Los Angeles,Furniture,Tables,Dining Table,2659.87,6,0.0,988.5
ORD-2022-00421,2023-05-23,C0008,Jennifer Anderson,Corporate,USA,North America,California,Los Angeles,Office Supplies,Art,Markers,90.63,5,4.53,13.12
ORD-2023-00422,2022-01-29,C0086,Jennifer Gonzalez,Corporate,Australia,Oceania,New South Wales,Sydney,Furniture,Chairs,Office Chair,375.52,2,0.0,135.22
ORD-2022-00423,2022-10-25,C0096,Richard Garcia,Corporate,Australia,Oceania,New South Wales,Sydney,Technology,Phones,Samsung Galaxy S21,14560.06,17,1456.01,3974.21
ORD-2022-00424,2023-08-18,C0145,Elizabeth Brown,Corporate,UK,Europe,England,London,Office Supplies,Paper,Sticky Notes,238.68,7,23.87,52.63
ORD-2023-00425,2023-10-09,C0031,Robert Garcia,Consumer,India,Asia,Maharashtra,Mumbai,Office Supplies,Art,Watercolor Set,238.52,10,11.93,82.2
ORD-2024-00426,2023-08-09,C0074,Jessica Martinez,Corporate,Germany,Europe,Bavaria,Munich,Technology,Accessories,USB-C Hub,1590.54,6,0.0,410.94
ORD-2023-00427,2022-06-15,C0126,Linda Johnson,Corporate,Germany,Europe,Bavaria,Munich,Office Supplies,Paper,Sticky Notes,450.42,17,90.08,109.21
ORD-2023-00428,2022-07-27,C0030,Michael Rodriguez,Home Office,UK,Europe,England,London,Office Supplies,Binders,Expansion Folder,338.19,10,16.91,114.69
ORD-2024-00429,2024-07-24,C0178,Patricia Thomas,Home Office,China,Asia,Beijing,Beijing,Furniture,Storage,Bookshelf,1916.16,10,0.0,553.0
ORD-2022-00430,2024-07-10,C0033,Joseph Johnson,Consumer,Australia,Oceania,New South Wales,Sydney,Office Supplies,Binders,Expansion Folder,148.93,6,0.0,40.08
ORD-2023-00431,2022-06-29,C0003,John Brown,Consumer,India,Asia,Maharashtra,Mumbai,Office Supplies,Art,Markers,789.31,17,0.0,207.13
ORD-2022-00432,2022-04-15,C0126,Linda Johnson,Consumer,Australia,Oceania,Victoria,Melbourne,Technology,Laptops,Dell XPS 15,7715.38,13,385.77,2051.53
ORD-2023-00433,2024-06-18,C0095,Patricia Williams,Corporate,USA,North America,Texas,Houston,Office Supplies,Paper,Sticky Notes,186.47,14,37.29,43.57
ORD-2024-00434,2023-09-21,C0107,James Garcia,Consumer,Japan,Asia,Tokyo,Tokyo,Furniture,Tables,Study Desk,65.22,1,0.0,17.16
ORD-2024-00435,2023-06-03,C0017,William Thomas,Corporate,Australia,Oceania,Victoria,Melbourne,Technology,Accessories,Wireless Mouse,8027.4,11,0.0,1357.37
ORD-2023-00436,2022-07-25,C0093,Elizabeth Davis,Consumer,UK,Europe,England,London,Furniture,Chairs,Gaming Chair,2187.81,4,0.0,712.41
ORD-2022-00437,2023-01-22,C0132,John Smith,Home Office,China,Asia,Beijing,Beijing,Furniture,Chairs,Office Chair,3306.88,12,0.0,483.22
ORD-2023-00438,2023-12-20,C0178,Patricia Thomas,Consumer,Australia,Oceania,New South Wales,Sydney,Technology,Laptops,MacBook Pro 14,5841.32,10,292.07,1438.21
ORD-2023-00439,2022-02-25,C0101,Patricia Williams,Consumer,UK,Europe,England,London,Technology,Phones,Pixel 6,12059.14,12,2411.83,2408.15
ORD-2023-00440,2024-08-01,C0164,Robert Williams,Home Office,China,Asia,Beijing,Beijing,Technology,Phones,Nokia G20,5654.64,10,1130.93,1024.99
ORD-2024-00441,2022-02-12,C0042,James Davis,Corporate,USA,North America,Texas,Houston,Furniture,Storage,File Cabinet,10233.96,18,2046.79,2703.63
ORD-2022-00442,2022-08-28,C0151,Robert Brown,Home Office,China,Asia,Beijing,Beijing,Office Supplies,Paper,Cardstock,124.56,3,6.23,34.73
ORD-2024-00443,2024-03-03,C0191,Jessica Brown,Home Office,China,Asia,Beijing,Beijing,Technology,Accessories,USB-C Hub,10235.52,10,2047.1,2150.42
ORD-2024-00444,2023-02-16,C0145,Elizabeth Brown,Home Office,India,Asia,Maharashtra,Mumbai,Furniture,Chairs,Stool,1849.97,12,0.0,242.82
ORD-2023-00445,2022-05-27,C0140,David Miller,Corporate,Australia,Oceania,New South Wales,Sydney,Technology,Phones,Nokia G20,13198.78,20,0.0,1570.53
ORD-2022-00446,2023-03-17,C0062,Robert Johnson,Corporate,Australia,Oceania,Victoria,Melbourne,Technology,Accessories,USB-C Hub,12909.16,14,1290.92,3932.26
ORD-2022-00447,2024-04-19,C0155,Barbara Anderson,Corporate,Australia,Oceania,Victoria,Melbourne,Technology,Laptops,HP Spectre x360,9623.89,12,962.39,3337.28
ORD-2023-00448,2023-05-10,C0059,Jessica Thomas,Corporate,Japan,Asia,Tokyo,Tokyo,Office Supplies,Paper,Legal Pad,440.7,18,22.04,55.35
ORD-2022-00449,2023-09-10,C0015,David Williams,Corporate,UK,Europe,England,London,Office Supplies,Art,Watercolor Set,98.75,15,0.0,33.26
ORD-2022-00450,2024-06-17,C0069,Mary Jones,Consumer,Australia,Oceania,New South Wales,Sydney,Furniture,Storage,Bookshelf,4195.46,7,0.0,948.03
ORD-2022-00451,2023-09-29,C0109,Jennifer Hernandez,Consumer,UK,Europe,England,London,Office Supplies,Art,Markers,132.39,11,0.0,49.6
ORD-2023-00452,2024-01-21,C0086,Jennifer Gonzalez,Home Office,Japan,Asia,Tokyo,Tokyo,Furniture,Tables,Coffee Table,3246.3,14,649.26,321.87
ORD-2023-00453,2024-02-03,C0035,Jessica Johnson,Consumer,France,Europe,Ile-de-France,Paris,Office Supplies,Paper,Legal Pad,127.9,12,6.4,22.2
ORD-2022-00454,2023-05-01,C0187,Joseph Rodriguez,Consumer,France,Europe,Ile-de-France,Paris,Furniture,Chairs,Stool,7160.68,14,1432.14,773.54
ORD-2024-00455,2024-06-07,C0146,Mary Gonzalez,Consumer,Germany,Europe,Bavaria,Munich,Technology,Phones,iPhone 13,11340.65,18,567.03,3947.79
ORD-2024-00456,2023-08-15,C0038,John Brown,Home Office,Australia,Oceania,Victoria,Melbourne,Office Supplies,Paper,Sticky Notes,105.01,4,0.0,34.68
ORD-2022-00457,2022-10-05,C0117,Michael Thomas,Home Office,USA,North America,New York,New York City,Office Supplies,Art,Sketchbook,401.61,19,20.08,63.7
ORD-2024-00458,2022-04-13,C0142,Barbara Rodriguez,Home Office,India,Asia,Maharashtra,Mumbai,Technology,Accessories,Mechanical Keyboard,8073.44,6,1614.69,1661.27
ORD-2024-00459,2023-02-25,C0164,Robert Williams,Home Office,Australia,Oceania,New South Wales,Sydney,Office Supplies,Art,Sketchbook,136.68,11,0.0,23.3
ORD-2022-00460,2023-08-25,C0151,Robert Brown,Consumer,France,Europe,Ile-de-France,Paris,Office Supplies,Art,Markers,101.29,7,5.06,23.72
ORD-2024-00461,2022-11-07,C0176,Joseph Hernandez,Consumer,Canada,North America,Ontario,Toronto,Furniture,Storage,Bookshelf,842.16,16,84.22,271.99
ORD-2023-00462,2023-04-10,C0019,Michael Lopez,Consumer,USA,North America,California,Los Angeles,Furniture,Chairs,Gaming Chair,1436.15,14,287.23,163.66
ORD-2023-00463,2022-03-05,C0029,William Miller,Corporate,Australia,Oceania,Victoria,Melbourne,Technology,Phones,Samsung Galaxy S21,5304.6,8,0.0,1811.94
ORD-2022-00464,2024-05-31,C0119,John Jones,Consumer,USA,North America,Texas,Houston,Office Supplies,Art,Markers,231.68,8,0.0,31.16
ORD-2024-00465,2023-08-25,C0163,Joseph Hernandez,Home Office,UK,Europe,England,London,Furniture,Chairs,Stool,263.94,1,0.0,46.2
ORD-2024-00466,2024-08-23,C0165,Robert Williams,Home Office,Australia,Oceania,New South Wales,Sydney,Technology,Laptops,MacBook Pro 14,1888.82,3,94.44,208.04
ORD-2023-00467,2023-08-27,C0112,John Williams,Consumer,Japan,Asia,Tokyo,Tokyo,Technology,Laptops,Lenovo ThinkPad,11549.88,18,577.49,2985.41
ORD-2022-00468,2023-11-04,C0196,John Smith,Home Office,Japan,Asia,Tokyo,Tokyo,Office Supplies,Paper,Legal Pad,128.27,4,0.0,45.3
ORD-2023-00469,2022-01-28,C0036,Joseph Johnson,Home Office,USA,North America,New York,New York City,Furniture,Tables,Study Desk,6800.89,12,0.0,2381.92
ORD-2023-00470,2024-05-13,C0151,Robert Brown,Home Office,Australia,Oceania,New South Wales,Sydney,Technology,Accessories,Wireless Mouse,2596.65,3,519.33,337.46
ORD-2022-00471,2023-11-29,C0034,David Wilson,Corporate,USA,North America,New York,New York City,Office Supplies,Art,Markers,552.62,18,55.26,116.9
ORD-2022-00472,2023-04-21,C0084,Barbara Wilson,Home Office,Canada,North America,Ontario,Toronto,Technology,Phones,Nokia G20,2370.31,4,118.52,297.68
ORD-2022-00473,2022-08-30,C0124,Robert Thomas,Consumer,USA,North America,California,Los Angeles,Technology,Phones,Samsung Galaxy S21,2083.51,4,0.0,500.72
ORD-2024-00474,2022-12-02,C0199,Jessica Smith,Home Office,USA,North America,California,Los Angeles,Technology,Phones,iPhone 13,11145.23,8,0.0,1216.4
ORD-2023-00475,2023-09-01,C0035,Jessica Johnson,Corporate,India,Asia,Maharashtra,Mumbai,Office Supplies,Art,Sketchbook,227.86,9,22.79,57.74
ORD-2022-00476,2022-07-04,C0120,Jessica Martinez,Home Office,Japan,Asia,Tokyo,Tokyo,Furniture,Storage,File Cabinet,504.07,2,0.0,53.31
ORD-2024-00477,2023-10-31,C0120,Jessica Martinez,Corporate,Germany,Europe,Bavaria,Munich,Furniture,Chairs,Stool,1177.08,3,117.71,138.07
ORD-2022-00478,2023-04-05,C0185,Richard Anderson,Home Office,Australia,Oceania,Victoria,Melbourne,Technology,Phones,iPhone 13,3472.55,8,0.0,647.46
ORD-2022-00479,2023-10-22,C0098,Susan Gonzalez,Consumer,France,Europe,Ile-de-France,Paris,Office Supplies,Binders,Report Cover,140.94,3,28.19,24.56
ORD-2022-00480,2023-09-15,C0173,John Thomas,Consumer,USA,North America,Texas,Houston,Furniture,Chairs,Stool,1441.97,10,72.1,475.39
ORD-2024-00481,2024-04-12,C0174,Mary Brown,Home Office,France,Europe,Ile-de-France,Paris,Furniture,Chairs,Stool,2103.64,6,105.18,680.07
ORD-2024-00482,2024-06-04,C0055,John Jones,Consumer,USA,North America,New York,New York City,Technology,Phones,Nokia G20,17467.74,12,873.39,3220.05
ORD-2022-00483,2022-02-10,C0066,Richard Williams,Corporate,Japan,Asia,Tokyo,Tokyo,Technology,Accessories,Wireless Mouse,6023.26,13,301.16,685.04
ORD-2024-00484,2024-01-22,C0118,Mary Hernandez,Corporate,Australia,Oceania,New South Wales,Sydney,Furniture,Storage,Bookshelf,9444.78,17,944.48,2882.49
ORD-2023-00485,2024-07-26,C0021,Elizabeth Thomas,Consumer,Australia,Oceania,New South Wales,Sydney,Office Supplies,Art,Sketchbook,139.32,3,13.93,13.29
ORD-2024-00486,2022-05-22,C0084,Barbara Wilson,Home Office,Canada,North America,Ontario,Toronto,Furniture,Tables,Conference Table,1530.05,6,153.0,290.67
ORD-2022-00487,2023-12-16,C0065,Barbara Williams,Consumer,Germany,Europe,Bavaria,Munich,Office Supplies,Art,Markers,117.62,11,5.88,30.05
ORD-2022-00488,2022-11-01,C0088,Elizabeth Brown,Corporate,Australia,Oceania,New South Wales,Sydney,Furniture,Storage,Bookshelf,6577.08,12,1315.42,1026.76
ORD-2023-00489,2023-11-11,C0162,James Rodriguez,Corporate,Japan,Asia,Tokyo,Tokyo,Furniture,Tables,Study Desk,4775.04,15,238.75,899.14
ORD-2024-00490,2022-06-13,C0200,Elizabeth Martinez,Corporate,Australia,Oceania,Victoria,Melbourne,Furniture,Chairs,Stool,4977.03,12,0.0,1810.52
ORD-2022-00491,2022-12-02,C0157,Linda Smith,Corporate,Japan,Asia,Tokyo,Tokyo,Furniture,Storage,Wardrobe,4248.82,13,849.76,574.62
ORD-2022-00492,2023-02-25,C0028,William Thomas,Consumer,France,Europe,Ile-de-France,Paris,Furniture,Chairs,Gaming Chair,463.27,3,0.0,66.21
ORD-2023-00493,2022-10-08,C0019,Michael Lopez,Consumer,Australia,Oceania,Victoria,Melbourne,Technology,Laptops,Dell XPS 15,1345.39,6,67.27,190.78
ORD-2024-00494,2023-08-05,C0021,Elizabeth Thomas,Corporate,USA,North America,California,Los Angeles,Furniture,Chairs,Stool,3127.82,14,625.56,626.23
ORD-2023-00495,2023-06-16,C0095,Patricia Williams,Corporate,India,Asia,Maharashtra,Mumbai,Furniture,Tables,Dining Table,8048.38,15,402.42,1440.2
ORD-2024-00496,2022-05-14,C0173,John Thomas,Corporate,France,Europe,Ile-de-France,Paris,Technology,Phones,Nokia G20,3207.29,6,641.46,959.53
ORD-2024-00497,2022-09-19,C0088,Elizabeth Brown,Consumer,India,Asia,Maharashtra,Mumbai,Furniture,Chairs,Office Chair,433.5,1,0.0,58.33
ORD-2024-00498,2024-05-02,C0110,Jennifer Martinez,Consumer,France,Europe,Ile-de-France,Paris,Technology,Phones,iPhone 13,18752.54,14,3750.51,5618.07
ORD-2022-00499,2023-08-24,C0092,Barbara Jones,Consumer,Australia,Oceania,Victoria,Melbourne,Furniture,Chairs,Office Chair,4278.24,16,0.0,1537.95
ORD-2024-00500,2022-05-18,C0163,Joseph Hernandez,Consumer,Australia,Oceania,New South Wales,Sydney,Office Supplies,Art,Watercolor Set,712.83,18,0.0,79.38
ORD-2023-00501,2024-06-26,C0051,Jennifer Johnson,Consumer,USA,North America,California,Los Angeles,Technology,Laptops,Dell XPS 15,2037.08,7,101.85,540.81
ORD-2022-00502,2023-10-21,C0131,John Brown,Consumer,India,Asia,Maharashtra,Mumbai,Furniture,Tables,Dining Table,7714.66,13,771.47,1333.33
ORD-2023-00503,2024-04-03,C0175,David Lopez,Consumer,USA,North America,California,Los Angeles,Furniture,Chairs,Office Chair,3008.29,11,300.83,474.53
ORD-2022-00504,2023-11-17,C0014,Mary Martinez,Home Office,USA,North America,New York,New York City,Technology,Accessories,Mechanical Keyboard,16307.54,16,1630.75,1519.97
ORD-2024-00505,2022-08-29,C0134,William Wilson,Corporate,Australia,Oceania,Victoria,Melbourne,Office Supplies,Paper,Sticky Notes,461.48,14,92.3,131.52
ORD-2023-00506,2022-12-10,C0072,Richard Jones,Home Office,Australia,Oceania,Victoria,Melbourne,Technology,Phones,iPhone 13,1501.4,2,150.14,222.96
ORD-2023-00507,2022-11-03,C0151,Robert Brown,Corporate,Japan,Asia,Tokyo,Tokyo,Furniture,Storage,Bookshelf,2121.93,8,424.39,434.92
ORD-2024-00508,2023-08-31,C0072,Richard Jones,Corporate,France,Europe,Ile-de-France,Paris,Office Supplies,Binders,3-Ring Binder,533.59,15,0.0,212.4
ORD-2024-00509,2024-06-13,C0018,Barbara Rodriguez,Home Office,France,Europe,Ile-de-France,Paris,Technology,Accessories,Mechanical Keyboard,9906.99,15,990.7,2712.81
ORD-2023-00510,2022-02-24,C0187,Joseph Rodriguez,Corporate,Japan,Asia,Tokyo,Tokyo,Furniture,Storage,File Cabinet,327.99,3,0.0,109.68
ORD-2024-00511,2022-03-30,C0037,Barbara Gonzalez,Home Office,Germany,Europe,Bavaria,Munich,Office Supplies,Art,Sketchbook,499.89,16,24.99,173.5
ORD-2023-00512,2024-08-09,C0189,Robert Thomas,Corporate,Japan,Asia,Tokyo,Tokyo,Technology,Laptops,HP Spectre x360,6053.75,10,1210.75,1129.96
ORD-2024-00513,2023-09-02,C0001,Robert Gonzalez,Home Office,Australia,Oceania,New South Wales,Sydney,Technology,Accessories,Webcam,1883.62,9,0.0,324.31
ORD-2023-00514,2024-07-27,C0085,Elizabeth Smith,Corporate,USA,North America,New York,New York City,Office Supplies,Art,Sketchbook,59.92,2,0.0,9.34
ORD-2022-00515,2024-07-25,C0079,David Gonzalez,Corporate,Australia,Oceania,Victoria,Melbourne,Furniture,Tables,Dining Table,6716.4,15,0.0,1704.11
ORD-2024-00516,2022-07-16,C0143,Joseph Gonzalez,Consumer,China,Asia,Beijing,Beijing,Technology,Phones,Nokia G20,6059.67,7,0.0,2121.49
ORD-2024-00517,2022-09-13,C0057,Michael Gonzalez,Corporate,USA,North America,Texas,Houston,Technology,Accessories,USB-C Hub,5456.07,7,0.0,730.92
ORD-2023-00518,2023-08-14,C0035,Jessica Johnson,Corporate,Australia,Oceania,New South Wales,Sydney,Furniture,Tables,Dining Table,1464.79,10,73.24,255.58
ORD-2022-00519,2022-05-07,C0013,Richard Davis,Home Office,Australia,Oceania,New South Wales,Sydney,Furniture,Chairs,Gaming Chair,4240.86,19,848.17,593.58
ORD-2022-00520,2022-06-09,C0041,Patricia Wilson,Corporate,UK,Europe,England,London,Technology,Laptops,Dell XPS 15,4435.57,6,887.11,764.14
ORD-2024-00521,2024-03-02,C0092,Barbara Jones,Home Office,UK,Europe,England,London,Technology,Laptops,Dell XPS 15,6418.73,18,1283.75,1637.56
ORD-2023-00522,2024-07-28,C0193,Linda Williams,Home Office,France,Europe,Ile-de-France,Paris,Technology,Laptops,Lenovo ThinkPad,3535.28,5,0.0,553.41
ORD-2022-00523,2023-10-11,C0142,Barbara Rodriguez,Corporate,USA,North America,New York,New York City,Technology,Laptops,Dell XPS 15,7181.46,9,359.07,1106.86
ORD-2022-00524,2023-01-16,C0148,Linda Jones,Consumer,USA,North America,Texas,Houston,Office Supplies,Paper,Legal Pad,198.46,6,19.85,54.31
ORD-2022-00525,2022-05-31,C0186,Robert Johnson,Corporate,China,Asia,Beijing,Beijing,Office Supplies,Binders,Report Cover,483.86,11,0.0,170.65
ORD-2023-00526,2023-02-01,C0047,Mary Thomas,Corporate,Germany,Europe,Bavaria,Munich,Furniture,Chairs,Stool,4564.35,12,228.22,627.01
ORD-2024-00527,2022-07-11,C0153,John Thomas,Corporate,France,Europe,Ile-de-France,Paris,Technology,Laptops,Dell XPS 15,4148.52,10,829.7,380.68
ORD-2022-00528,2023-06-20,C0041,Patricia Wilson,Corporate,Japan,Asia,Tokyo,Tokyo,Furniture,Chairs,Office Chair,2204.45,4,0.0,876.8
ORD-2022-00529,2023-08-07,C0111,Mary Miller,Corporate,China,Asia,Beijing,Beijing,Technology,Accessories,Wireless Mouse,14729.0,12,2945.8,3186.33
ORD-2022-00530,2023-02-18,C0128,Jennifer Wilson,Corporate,Canada,North America,Ontario,Toronto,Office Supplies,Paper,Legal Pad,556.11,16,0.0,162.62
ORD-2022-00531,2024-03-11,C0045,Jessica Smith,Corporate,Germany,Europe,Bavaria,Munich,Furniture,Tables,Conference Table,1949.02,5,0.0,484.15
ORD-2022-00532,2024-02-08,C0032,Linda Rodriguez,Consumer,Japan,Asia,Tokyo,Tokyo,Office Supplies,Binders,Expansion Folder,84.31,4,4.22,18.57
ORD-2023-00533,2024-07-11,C0033,Joseph Johnson,Home Office,USA,North America,California,Los Angeles,Technology,Laptops,MacBook Pro 14,7588.93,6,758.89,1560.53
ORD-2022-00534,2023-02-27,C0009,John Martinez,Corporate,UK,Europe,England,London,Office Supplies,Paper,A4 Printer Paper,581.08,12,29.05,141.64
ORD-2023-00535,2023-02-22,C0157,Linda Smith,Corporate,Canada,North America,Ontario,Toronto,Technology,Laptops,MacBook Pro 14,11294.9,8,0.0,4361.44
ORD-2022-00536,2022-01-08,C0084,Barbara Wilson,Consumer,USA,North America,Texas,Houston,Technology,Accessories,Mechanical Keyboard,9905.92,13,0.0,2742.29
ORD-2022-00537,2024-01-17,C0144,Michael Jones,Home Office,Germany,Europe,Bavaria,Munich,Technology,Accessories,Mechanical Keyboard,3660.1,14,0.0,728.64
ORD-2022-00538,2022-04-21,C0191,Jessica Brown,Home Office,France,Europe,Ile-de-France,Paris,Furniture,Storage,Wardrobe,4558.81,16,227.94,707.36
ORD-2024-00539,2022-01-19,C0178,Patricia Thomas,Consumer,USA,North America,Texas,Houston,Furniture,Storage,Wardrobe,1429.64,3,71.48,509.48
ORD-2023-00540,2023-06-29,C0095,Patricia Williams,Consumer,Japan,Asia,Tokyo,Tokyo,Technology,Laptops,Lenovo ThinkPad,2843.28,20,284.33,386.95
ORD-2022-00541,2024-05-31,C0107,James Garcia,Home Office,Australia,Oceania,Victoria,Melbourne,Office Supplies,Paper,A4 Printer Paper,273.77,14,0.0,64.1
ORD-2024-00542,2023-05-23,C0116,Joseph Rodriguez,Corporate,Japan,Asia,Tokyo,Tokyo,Technology,Laptops,Lenovo ThinkPad,749.1,1,0.0,203.07
ORD-2022-00543,2024-04-25,C0185,Richard Anderson,Corporate,France,Europe,Ile-de-France,Paris,Furniture,Tables,Conference Table,1879.51,11,93.98,710.27
ORD-2023-00544,2024-05-16,C0156,David Martinez,Corporate,Australia,Oceania,Victoria,Melbourne,Office Supplies,Art,Markers,37.53,1,7.51,8.75
ORD-2023-00545,2022-09-20,C0143,Joseph Gonzalez,Home Office,Australia,Oceania,New South Wales,Sydney,Office Supplies,Art,Watercolor Set,99.11,12,19.82,8.14
ORD-2022-00546,2024-07-10,C0099,Susan Anderson,Consumer,Japan,Asia,Tokyo,Tokyo,Furniture,Chairs,Stool,4725.58,10,945.12,1103.32
ORD-2024-00547,2022-09-30,C0194,Robert Wilson,Consumer,Australia,Oceania,Victoria,Melbourne,Furniture,Storage,File Cabinet,229.25,2,0.0,24.77
ORD-2023-00548,2023-03-16,C0116,Joseph Rodriguez,Consumer,France,Europe,Ile-de-France,Paris,Office Supplies,Binders,Expansion Folder,218.65,10,21.87,33.56
ORD-2023-00549,2024-01-12,C0143,Joseph Gonzalez,Home Office,France,Europe,Ile-de-France,Paris,Office Supplies,Paper,Cardstock,243.23,7,48.65,60.79
ORD-2022-00550,2024-05-31,C0081,Susan Brown,Consumer,France,Europe,Ile-de-France,Paris,Furniture,Storage,Bookshelf,1114.26,2,222.85,197.26
ORD-2023-00551,2023-07-20,C0020,Michael Williams,Consumer,France,Europe,Ile-de-France,Paris,Furniture,Storage,Bookshelf,8311.05,16,0.0,1877.64
ORD-2023-00552,2024-07-05,C0130,Mary Johnson,Home Office,Japan,Asia,Tokyo,Tokyo,Technology,Phones,Samsung Galaxy S21,1123.85,9,112.38,187.73
ORD-2023-00553,2023-12-23,C0035,Jessica Johnson,Corporate,India,Asia,Maharashtra,Mumbai,Office Supplies,Binders,Report Cover,438.03,12,21.9,44.72
ORD-2023-00554,2023-02-08,C0195,William Hernandez,Consumer,Australia,Oceania,Victoria,Melbourne,Technology,Laptops,Lenovo ThinkPad,2233.5,17,111.68,562.96
ORD-2024-00555,2024-07-12,C0034,David Wilson,Consumer,Australia,Oceania,New South Wales,Sydney,Furniture,Tables,Coffee Table,2746.97,7,274.7,961.75
ORD-2023-00556,2022-05-23,C0054,Patricia Johnson,Home Office,France,Europe,Ile-de-France,Paris,Technology,Phones,Pixel 6,1909.7,12,95.49,355.0
ORD-2023-00557,2024-01-28,C0149,Richard Garcia,Corporate,India,Asia,Maharashtra,Mumbai,Technology,Phones,iPhone 13,4460.69,11,223.03,1079.87
ORD-2022-00558,2022-04-20,C0107,James Garcia,Corporate,Australia,Oceania,Victoria,Melbourne,Office Supplies,Art,Watercolor Set,180.48,12,36.1,41.34
ORD-2024-00559,2023-09-08,C0015,David Williams,Corporate,USA,North America,New York,New York City,Office Supplies,Paper,A4 Printer Paper,434.34,12,0.0,166.77
ORD-2023-00560,2022-11-01,C0132,John Smith,Consumer,Japan,Asia,Tokyo,Tokyo,Office Supplies,Art,Markers,149.31,10,7.47,23.09
ORD-2023-00561,2023-09-11,C0131,John Brown,Home Office,India,Asia,Maharashtra,Mumbai,Furniture,Storage,Wardrobe,4262.22,11,0.0,1140.27
ORD-2022-00562,2024-02-07,C0049,Mary Martinez,Consumer,Australia,Oceania,New South Wales,Sydney,Office Supplies,Binders,Report Cover,683.69,17,0.0,127.12
ORD-2022-00563,2023-04-12,C0009,John Martinez,Consumer,USA,North America,California,Los Angeles,Office Supplies,Art,Sketchbook,365.43,12,0.0,54.88
ORD-2023-00564,2024-01-26,C0028,William Thomas,Home Office,USA,North America,New York,New York City,Office Supplies,Binders,3-Ring Binder,776.98,16,0.0,271.73
ORD-2022-00565,2023-09-24,C0139,Joseph Garcia,Home Office,UK,Europe,England,London,Furniture,Chairs,Stool,1563.01,16,0.0,382.52
ORD-2022-00566,2024-04-04,C0053,Jennifer Williams,Corporate,Australia,Oceania,New South Wales,Sydney,Furniture,Chairs,Stool,1045.73,20,104.57,176.52
ORD-2023-00567,2023-03-21,C0073,Elizabeth Smith,Corporate,USA,North America,Texas,Houston,Technology,Phones,Pixel 6,19753.83,17,1975.38,3051.15
ORD-2023-00568,2023-05-05,C0148,Linda Jones,Home Office,India,Asia,Maharashtra,Mumbai,Technology,Phones,iPhone 13,4058.84,20,0.0,605.77
ORD-2022-00569,2024-01-26,C0087,Mary Wilson,Corporate,Australia,Oceania,Victoria,Melbourne,Furniture,Tables,Dining Table,1242.97,10,62.15,469.45
ORD-2024-00570,2022-08-24,C0029,William Miller,Consumer,USA,North America,Texas,Houston,Furniture,Chairs,Ergonomic Executive Chair,5802.12,12,0.0,1108.2
ORD-2024-00571,2022-03-28,C0084,Barbara Wilson,Home Office,India,Asia,Maharashtra,Mumbai,Furniture,Tables,Study Desk,2621.79,5,0.0,848.57
ORD-2024-00572,2023-10-24,C0135,Linda Johnson,Home Office,Japan,Asia,Tokyo,Tokyo,Technology,Accessories,USB-C Hub,8646.4,16,864.64,1379.47
ORD-2023-00573,2022-02-28,C0033,Joseph Johnson,Corporate,USA,North America,Texas,Houston,Furniture,Chairs,Gaming Chair,5545.76,11,554.58,841.8
ORD-2023-00574,2022-05-04,C0084,Barbara Wilson,Corporate,India,Asia,Maharashtra,Mumbai,Office Supplies,Paper,Legal Pad,143.79,12,0.0,46.74
ORD-2024-00575,2022-02-03,C0044,Richard Miller,Corporate,India,Asia,Maharashtra,Mumbai,Office Supplies,Paper,Sticky Notes,437.46,13,21.87,89.02
ORD-2023-00576,2022-09-29,C0144,Michael Jones,Consumer,USA,North America,New York,New York City,Office Supplies,Paper,Legal Pad,279.46,6,0.0,107.92
ORD-2024-00577,2024-06-27,C0088,Elizabeth Brown,Corporate,France,Europe,Ile-de-France,Paris,Technology,Phones,iPhone 13,9429.18,16,942.92,2966.93
ORD-2024-00578,2023-10-29,C0111,Mary Miller,Consumer,USA,North America,Texas,Houston,Furniture,Storage,Bookshelf,6306.45,14,1261.29,1154.2
ORD-2022-00579,2022-09-05,C0057,Michael Gonzalez,Corporate,India,Asia,Maharashtra,Mumbai,Furniture,Storage,Bookshelf,3044.35,8,152.22,330.83
ORD-2024-00580,2022-08-10,C0179,Jennifer Thomas,Consumer,India,Asia,Maharashtra,Mumbai,Technology,Phones,Pixel 6,7383.64,19,738.36,2656.05
ORD-2024-00581,2024-04-29,C0165,Robert Williams,Corporate,USA,North America,California,Los Angeles,Furniture,Chairs,Ergonomic Executive Chair,1318.68,3,263.74,189.88
ORD-2023-00582,2023-09-28,C0069,Mary Jones,Corporate,China,Asia,Beijing,Beijing,Technology,Laptops,HP Spectre x360,8633.4,8,0.0,2258.44
ORD-2023-00583,2023-01-30,C0010,William Brown,Home Office,Germany,Europe,Bavaria,Munich,Office Supplies,Art,Markers,75.43,4,3.77,25.8
ORD-2023-00584,2023-07-05,C0168,Patricia Hernandez,Corporate,UK,Europe,England,London,Furniture,Chairs,Ergonomic Executive Chair,1108.3,15,0.0,277.45
ORD-2022-00585,2023-12-06,C0133,Richard Miller,Consumer,India,Asia,Maharashtra,Mumbai,Furniture,Tables,Coffee Table,3222.17,11,0.0,535.19
ORD-2023-00586,2023-06-27,C0056,Mary Brown,Consumer,Germany,Europe,Bavaria,Munich,Furniture,Storage,Wardrobe,8240.67,20,1648.13,984.59
ORD-2023-00587,2022-07-09,C0021,Elizabeth Thomas,Corporate,India,Asia,Maharashtra,Mumbai,Technology,Phones,Samsung Galaxy S21,10894.87,15,0.0,2128.6
ORD-2022-00588,2022-04-12,C0102,James Martinez,Home Office,Australia,Oceania,Victoria,Melbourne,Furniture,Tables,Coffee Table,3622.33,7,724.47,1019.16
ORD-2024-00589,2023-01-25,C0188,Patricia Wilson,Home Office,USA,North America,California,Los Angeles,Technology,Phones,iPhone 13,9317.08,19,0.0,2886.91
ORD-2023-00590,2022-01-29,C0003,John Brown,Corporate,USA,North America,Texas,Houston,Office Supplies,Art,Watercolor Set,989.14,20,197.83,151.23
ORD-2022-00591,2022-11-16,C0016,James Lopez,Corporate,France,Europe,Ile-de-France,Paris,Office Supplies,Binders,3-Ring Binder,695.79,15,0.0,214.94
ORD-2022-00592,2023-12-08,C0096,Richard Garcia,Consumer,Japan,Asia,Tokyo,Tokyo,Office Supplies,Art,Markers,282.97,10,0.0,59.01
ORD-2024-00593,2022-09-07,C0174,Mary Brown,Home Office,Australia,Oceania,New South Wales,Sydney,Office Supplies,Art,Watercolor Set,466.27,19,46.63,112.44
ORD-2023-00594,2022-06-18,C0038,John Brown,Home Office,Australia,Oceania,New South Wales,Sydney,Technology,Laptops,HP Spectre x360,6705.89,5,0.0,710.68
ORD-2022-00595,2024-04-09,C0048,Jessica Thomas,Corporate,Australia,Oceania,New South Wales,Sydney,Furniture,Storage,Wardrobe,2171.92,5,434.38,681.66
ORD-2023-00596,2023-03-09,C0013,Richard Davis,Corporate,Canada,North America,Ontario,Toronto,Office Supplies,Art,Markers,393.85,18,19.69,69.51
ORD-2023-00597,2022-12-18,C0021,Elizabeth Thomas,Consumer,France,Europe,Ile-de-France,Paris,Furniture,Tables,Study Desk,4011.78,18,200.59,1084.9
ORD-2022-00598,2022-04-21,C0047,Mary Thomas,Home Office,USA,North America,New York,New York City,Office Supplies,Binders,Expansion Folder,186.38,11,0.0,46.69
ORD-2023-00599,2024-03-13,C0039,Barbara Brown,Corporate,France,Europe,Ile-de-France,Paris,Office Supplies,Binders,Expansion Folder,115.99,18,23.2,31.37
ORD-2023-00600,2023-10-29,C0085,Elizabeth Smith,Corporate,Japan,Asia,Tokyo,Tokyo,Technology,Phones,Nokia G20,547.68,2,109.54,170.95
ORD-2023-00601,2023-03-27,C0060,Joseph Miller,Consumer,Germany,Europe,Bavaria,Munich,Technology,Laptops,HP Spectre x360,4517.73,6,0.0,1288.85
ORD-2024-00602,2022-01-08,C0005,James Martinez,Home Office,France,Europe,Ile-de-France,Paris,Technology,Accessories,USB-C Hub,5045.74,11,0.0,785.02
ORD-2023-00603,2023-02-05,C0035,Jessica Johnson,Consumer,USA,North America,Texas,Houston,Office Supplies,Binders,Expansion Folder,553.16,18,110.63,81.35
ORD-2023-00604,2023-11-05,C0139,Joseph Garcia,Home Office,Australia,Oceania,New South Wales,Sydney,Furniture,Tables,Study Desk,10566.6,19,0.0,2805.25
ORD-2023-00605,2024-01-19,C0069,Mary Jones,Consumer,Australia,Oceania,New South Wales,Sydney,Furniture,Storage,Bookshelf,1443.6,6,144.36,380.28
ORD-2022-00606,2022-04-03,C0163,Joseph Hernandez,Home Office,France,Europe,Ile-de-France,Paris,Office Supplies,Binders,3-Ring Binder,348.39,16,17.42,35.46
ORD-2022-00607,2022-12-30,C0170,Mary Smith,Home Office,Australia,Oceania,Victoria,Melbourne,Office Supplies,Art,Watercolor Set,164.6,4,0.0,29.16
ORD-2023-00608,2022-02-19,C0061,Elizabeth Martinez,Consumer,Japan,Asia,Tokyo,Tokyo,Office Supplies,Paper,Sticky Notes,461.95,11,92.39,107.35
ORD-2022-00609,2023-12-13,C0106,John Rodriguez,Home Office,USA,North America,New York,New York City,Technology,Accessories,Wireless Mouse,2751.58,9,137.58,834.05
ORD-2024-00610,2023-08-05,C0186,Robert Johnson,Home Office,Canada,North America,Ontario,Toronto,Technology,Accessories,USB-C Hub,1907.89,3,381.58,315.12
ORD-2022-00611,2024-07-26,C0062,Robert Johnson,Consumer,Germany,Europe,Bavaria,Munich,Office Supplies,Paper,A4 Printer Paper,128.56,5,0.0,39.61
ORD-2022-00612,2024-02-21,C0192,Patricia Hernandez,Consumer,Canada,North America,Ontario,Toronto,Furniture,Tables,Conference Table,1088.34,19,217.67,157.84
ORD-2022-00613,2022-06-20,C0010,William Brown,Home Office,Australia,Oceania,New South Wales,Sydney,Office Supplies,Art,Sketchbook,80.81,13,0.0,31.83
ORD-2024-00614,2024-02-25,C0108,John Miller,Consumer,USA,North America,New York,New York City,Office Supplies,Art,Markers,571.54,12,57.15,84.31
ORD-2022-00615,2024-08-15,C0161,Michael Jones,Home Office,Canada,North America,Ontario,Toronto,Technology,Laptops,Dell XPS 15,18115.51,14,0.0,6227.52
ORD-2022-00616,2022-04-16,C0052,David Miller,Home Office,Australia,Oceania,New South Wales,Sydney,Office Supplies,Binders,3-Ring Binder,178.19,7,8.91,54.26
ORD-2023-00617,2022-06-18,C0096,Richard Garcia,Home Office,Germany,Europe,Bavaria,Munich,Furniture,Storage,Wardrobe,10879.25,20,543.96,1470.3
ORD-2024-00618,2023-10-16,C0046,Barbara Davis,Home Office,USA,North America,New York,New York City,Office Supplies,Art,Markers,598.08,12,0.0,168.3
ORD-2022-00619,2024-09-23,C0128,Jennifer Wilson,Home Office,Canada,North America,Ontario,Toronto,Office Supplies,Paper,A4 Printer Paper,123.07,17,12.31,37.54
ORD-2024-00620,2022-08-14,C0191,Jessica Brown,Home Office,Australia,Oceania,Victoria,Melbourne,Office Supplies,Paper,A4 Printer Paper,76.82,2,0.0,21.62
ORD-2023-00621,2022-10-28,C0177,Joseph Miller,Consumer,USA,North America,New York,New York City,Furniture,Tables,Coffee Table,876.26,12,43.81,309.5
ORD-2022-00622,2023-01-10,C0028,William Thomas,Consumer,France,Europe,Ile-de-France,Paris,Office Supplies,Binders,3-Ring Binder,244.69,7,12.23,38.63
ORD-2024-00623,2022-06-13,C0162,James Rodriguez,Consumer,Japan,Asia,Tokyo,Tokyo,Furniture,Tables,Coffee Table,1271.98,3,127.2,324.29
ORD-2024-00624,2022-02-18,C0198,Joseph Martinez,Consumer,USA,North America,California,Los Angeles,Office Supplies,Binders,3-Ring Binder,412.17,14,41.22,130.03
ORD-2024-00625,2022-06-05,C0133,Richard Miller,Corporate,Australia,Oceania,Victoria,Melbourne,Furniture,Chairs,Stool,2597.48,7,519.5,819.95
ORD-2024-00626,2023-03-22,C0199,Jessica Smith,Corporate,India,Asia,Maharashtra,Mumbai,Furniture,Chairs,Stool,6595.68,11,329.78,1313.34
ORD-2023-00627,2023-06-16,C0192,Patricia Hernandez,Home Office,Australia,Oceania,Victoria,Melbourne,Office Supplies,Binders,3-Ring Binder,97.28,17,0.0,10.89
ORD-2024-00628,2022-07-19,C0117,Michael Thomas,Consumer,Canada,North America,Ontario,Toronto,Office Supplies,Art,Watercolor Set,261.33,14,0.0,37.1
ORD-2023-00629,2024-07-07,C0049,Mary Martinez,Corporate,India,Asia,Maharashtra,Mumbai,Furniture,Storage,Wardrobe,4165.02,7,833.0,504.58
ORD-2022-00630,2022-05-08,C0157,Linda Smith,Corporate,USA,North America,New York,New York City,Technology,Laptops,HP Spectre x360,4547.91,7,0.0,1000.14
ORD-2024-00631,2022-01-05,C0134,William Wilson,Consumer,USA,North America,New York,New York City,Technology,Accessories,Mechanical Keyboard,9207.68,18,0.0,3347.0
ORD-2024-00632,2024-03-05,C0095,Patricia Williams,Corporate,USA,North America,California,Los Angeles,Technology,Accessories,USB-C Hub,18412.06,15,0.0,4054.71
ORD-2024-00633,2022-07-13,C0047,Mary Thomas,Corporate,Australia,Oceania,New South Wales,Sydney,Furniture,Chairs,Office Chair,1416.19,3,0.0,286.65
ORD-2024-00634,2023-06-20,C0002,Susan Martinez,Consumer,Japan,Asia,Tokyo,Tokyo,Furniture,Chairs,Ergonomic Executive Chair,11434.56,20,1143.46,2196.93
ORD-2023-00635,2023-03-20,C0110,Jennifer Martinez,Corporate,USA,North America,California,Los Angeles,Furniture,Storage,File Cabinet,2631.92,6,0.0,505.46
ORD-2023-00636,2022-12-28,C0164,Robert Williams,Consumer,Germany,Europe,Bavaria,Munich,Technology,Phones,iPhone 13,1244.32,1,248.86,170.41
ORD-2023-00637,2023-09-01,C0195,William Hernandez,Consumer,India,Asia,Maharashtra,Mumbai,Furniture,Tables,Conference Table,7417.78,19,370.89,1914.41
ORD-2023-00638,2022-08-16,C0135,Linda Johnson,Consumer,USA,North America,Texas,Houston,Furniture,Storage,File Cabinet,521.11,1,0.0,57.89
ORD-2022-00639,2023-09-24,C0115,Mary Wilson,Corporate,India,Asia,Maharashtra,Mumbai,Furniture,Storage,File Cabinet,1338.34,17,133.83,334.94
ORD-2024-00640,2023-12-01,C0132,John Smith,Consumer,India,Asia,Maharashtra,Mumbai,Office Supplies,Paper,A4 Printer Paper,651.49,14,65.15,95.42
ORD-2023-00641,2023-01-23,C0105,Barbara Hernandez,Consumer,USA,North America,Texas,Houston,Office Supplies,Binders,3-Ring Binder,252.53,11,12.63,60.53
ORD-2023-00642,2024-05-18,C0181,William Thomas,Home Office,Australia,Oceania,Victoria,Melbourne,Technology,Accessories,Webcam,3364.01,6,672.8,291.7
ORD-2023-00643,2023-04-05,C0182,Mary Wilson,Home Office,USA,North America,Texas,Houston,Technology,Laptops,MacBook Pro 14,11827.86,15,1182.79,4015.04
ORD-2024-00644,2023-08-11,C0182,Mary Wilson,Home Office,India,Asia,Maharashtra,Mumbai,Furniture,Chairs,Ergonomic Executive Chair,5140.36,10,0.0,729.83
ORD-2022-00645,2022-05-14,C0105,Barbara Hernandez,Corporate,Canada,North America,Ontario,Toronto,Technology,Laptops,Lenovo ThinkPad,137.24,1,0.0,38.12
ORD-2024-00646,2023-04-26,C0077,James Davis,Consumer,Australia,Oceania,Victoria,Melbourne,Office Supplies,Art,Markers,607.11,15,0.0,81.75
ORD-2022-00647,2022-12-15,C0040,Linda Garcia,Home Office,Japan,Asia,Tokyo,Tokyo,Technology,Phones,iPhone 13,12606.6,9,2521.32,1761.5
ORD-2022-00648,2024-03-17,C0127,Jessica Jones,Corporate,Australia,Oceania,New South Wales,Sydney,Office Supplies,Binders,Expansion Folder,626.1,16,31.31,220.12
ORD-2024-00649,2022-06-13,C0052,David Miller,Consumer,Australia,Oceania,New South Wales,Sydney,Office Supplies,Binders,3-Ring Binder,460.53,18,92.11,113.42
ORD-2022-00650,2024-03-16,C0081,Susan Brown,Home Office,USA,North America,Texas,Houston,Technology,Accessories,Mechanical Keyboard,18193.6,15,0.0,3119.08
ORD-2023-00651,2023-01-12,C0048,Jessica Thomas,Consumer,Germany,Europe,Bavaria,Munich,Office Supplies,Paper,Cardstock,164.63,18,8.23,56.75
ORD-2022-00652,2023-03-02,C0183,Barbara Johnson,Corporate,India,Asia,Maharashtra,Mumbai,Furniture,Tables,Dining Table,2679.06,14,0.0,427.47
ORD-2024-00653,2022-08-17,C0140,David Miller,Consumer,Australia,Oceania,Victoria,Melbourne,Office Supplies,Art,Watercolor Set,264.81,6,13.24,63.88
ORD-2023-00654,2022-09-03,C0072,Richard Jones,Consumer,UK,Europe,England,London,Furniture,Storage,Bookshelf,1041.2,4,0.0,184.33
ORD-2022-00655,2024-06-11,C0100,James Jones,Corporate,Australia,Oceania,Victoria,Melbourne,Furniture,Chairs,Office Chair,704.67,11,0.0,150.33
ORD-2022-00656,2022-02-09,C0138,Mary Martinez,Home Office,Australia,Oceania,Victoria,Melbourne,Furniture,Chairs,Office Chair,1861.75,9,93.09,410.75
ORD-2024-00657,2024-02-17,C0127,Jessica Jones,Corporate,UK,Europe,England,London,Furniture,Storage,File Cabinet,3986.06,7,0.0,1308.32
ORD-2023-00658,2022-03-08,C0065,Barbara Williams,Corporate,France,Europe,Ile-de-France,Paris,Office Supplies,Paper,Sticky Notes,504.68,13,100.94,160.72
ORD-2023-00659,2023-03-12,C0193,Linda Williams,Consumer,USA,North America,California,Los Angeles,Furniture,Chairs,Stool,1379.67,4,0.0,397.13
ORD-2024-00660,2022-08-25,C0137,Susan Johnson,Home Office,Australia,Oceania,Victoria,Melbourne,Office Supplies,Paper,Cardstock,344.63,7,68.93,99.31
ORD-2023-00661,2023-05-14,C0104,Mary Jones,Consumer,Canada,North America,Ontario,Toronto,Office Supplies,Paper,A4 Printer Paper,431.51,10,21.58,140.71
ORD-2022-00662,2022-09-01,C0054,Patricia Johnson,Consumer,USA,North America,New York,New York City,Technology,Laptops,MacBook Pro 14,8099.56,10,0.0,2760.48
ORD-2024-00663,2023-12-10,C0120,Jessica Martinez,Home Office,Germany,Europe,Bavaria,Munich,Furniture,Tables,Coffee Table,7390.74,17,0.0,2159.8
ORD-2024-00664,2022-06-06,C0157,Linda Smith,Consumer,France,Europe,Ile-de-France,Paris,Furniture,Storage,Wardrobe,372.3,1,74.46,69.15
ORD-2024-00665,2022-08-23,C0147,John Hernandez,Home Office,Germany,Europe,Bavaria,Munich,Furniture,Chairs,Office Chair,7041.74,16,1408.35,845.7
ORD-2024-00666,2024-03-27,C0055,John Jones,Corporate,Canada,North America,Ontario,Toronto,Technology,Accessories,Wireless Mouse,13258.2,12,1325.82,4240.91
ORD-2022-00667,2022-07-23,C0169,William Gonzalez,Corporate,India,Asia,Maharashtra,Mumbai,Technology,Accessories,Wireless Mouse,20343.29,14,0.0,6857.51
ORD-2024-00668,2023-05-07,C0144,Michael Jones,Home Office,China,Asia,Beijing,Beijing,Office Supplies,Binders,3-Ring Binder,40.5,4,0.0,15.61
ORD-2024-00669,2023-06-04,C0159,Susan Smith,Corporate,China,Asia,Beijing,Beijing,Office Supplies,Art,Watercolor Set,210.08,14,10.5,45.3
ORD-2023-00670,2024-03-22,C0181,William Thomas,Corporate,China,Asia,Beijing,Beijing,Office Supplies,Paper,Cardstock,40.65,6,0.0,8.37
ORD-2022-00671,2023-08-15,C0135,Linda Johnson,Consumer,USA,North America,New York,New York City,Office Supplies,Art,Markers,152.68,7,7.63,15.72
ORD-2022-00672,2024-04-13,C0048,Jessica Thomas,Home Office,Australia,Oceania,Victoria,Melbourne,Furniture,Storage,Wardrobe,2879.88,6,143.99,965.9
ORD-2024-00673,2023-02-27,C0174,Mary Brown,Consumer,Australia,Oceania,Victoria,Melbourne,Technology,Phones,iPhone 13,1415.08,12,70.75,443.08
ORD-2023-00674,2024-05-03,C0185,Richard Anderson,Consumer,France,Europe,Ile-de-France,Paris,Office Supplies,Art,Sketchbook,182.42,9,0.0,34.39
ORD-2024-00675,2023-08-21,C0158,Richard Williams,Corporate,Japan,Asia,Tokyo,Tokyo,Office Supplies,Binders,Expansion Folder,290.87,18,58.17,26.22
ORD-2022-00676,2022-10-27,C0115,Mary Wilson,Home Office,UK,Europe,England,London,Furniture,Storage,File Cabinet,378.79,1,37.88,92.12
ORD-2024-00677,2022-10-14,C0063,Michael Anderson,Consumer,Australia,Oceania,Victoria,Melbourne,Furniture,Tables,Conference Table,2906.36,10,145.32,544.09
ORD-2023-00678,2023-04-21,C0144,Michael Jones,Consumer,USA,North America,Texas,Houston,Technology,Laptops,Dell XPS 15,4859.37,12,0.0,1363.77
ORD-2024-00679,2024-05-05,C0086,Jennifer Gonzalez,Consumer,Japan,Asia,Tokyo,Tokyo,Furniture,Chairs,Office Chair,387.04,1,38.7,67.49
ORD-2024-00680,2022-02-01,C0172,Richard Garcia,Corporate,Germany,Europe,Bavaria,Munich,Furniture,Storage,Bookshelf,99.95,1,19.99,12.26
ORD-2024-00681,2024-04-20,C0032,Linda Rodriguez,Consumer,Germany,Europe,Bavaria,Munich,Furniture,Storage,File Cabinet,378.68,1,0.0,109.64
ORD-2022-00682,2024-05-25,C0048,Jessica Thomas,Home Office,China,Asia,Beijing,Beijing,Furniture,Storage,Wardrobe,6687.54,12,0.0,2208.55
ORD-2024-00683,2023-08-26,C0099,Susan Anderson,Home Office,Japan,Asia,Tokyo,Tokyo,Office Supplies,Art,Markers,326.13,16,0.0,58.99
ORD-2024-00684,2023-04-26,C0175,David Lopez,Consumer,Australia,Oceania,Victoria,Melbourne,Furniture,Chairs,Stool,3168.68,15,158.43,768.75
ORD-2022-00685,2024-05-06,C0111,Mary Miller,Corporate,Australia,Oceania,New South Wales,Sydney,Office Supplies,Binders,3-Ring Binder,140.38,4,0.0,41.47
ORD-2022-00686,2022-07-03,C0023,Jennifer Gonzalez,Consumer,Germany,Europe,Bavaria,Munich,Technology,Accessories,Mechanical Keyboard,5605.42,8,0.0,1512.06
ORD-2023-00687,2023-08-28,C0166,William Thomas,Consumer,Germany,Europe,Bavaria,Munich,Office Supplies,Paper,Sticky Notes,53.54,4,0.0,8.07
ORD-2023-00688,2022-02-22,C0195,William Hernandez,Home Office,USA,North America,California,Los Angeles,Furniture,Chairs,Stool,1890.52,18,94.53,425.48
ORD-2024-00689,2023-03-12,C0030,Michael Rodriguez,Corporate,India,Asia,Maharashtra,Mumbai,Technology,Laptops,HP Spectre x360,3009.29,3,0.0,1079.0
ORD-2023-00690,2022-06-30,C0013,Richard Davis,Corporate,Japan,Asia,Tokyo,Tokyo,Office Supplies,Paper,A4 Printer Paper,56.04,3,0.0,9.25
ORD-2023-00691,2023-09-05,C0180,Joseph Wilson,Corporate,USA,North America,California,Los Angeles,Technology,Accessories,Webcam,1604.34,11,0.0,299.16
ORD-2024-00692,2023-06-12,C0144,Michael Jones,Home Office,UK,Europe,England,London,Technology,Phones,Pixel 6,16092.59,15,3218.52,3846.09
ORD-2024-00693,2022-09-13,C0131,John Brown,Corporate,Japan,Asia,Tokyo,Tokyo,Office Supplies,Paper,Cardstock,612.61,14,30.63,190.49
ORD-2023-00694,2022-05-17,C0164,Robert Williams,Corporate,Japan,Asia,Tokyo,Tokyo,Office Supplies,Art,Sketchbook,242.81,7,24.28,55.91
ORD-2022-00695,2022-05-01,C0167,William Anderson,Corporate,Australia,Oceania,New South Wales,Sydney,Furniture,Chairs,Stool,148.28,1,0.0,50.43
ORD-2023-00696,2023-06-29,C0189,Robert Thomas,Corporate,UK,Europe,England,London,Furniture,Tables,Study Desk,5135.64,16,0.0,546.69
ORD-2024-00697,2022-06-28,C0125,Jennifer Davis,Corporate,China,Asia,Beijing,Beijing,Technology,Phones,Nokia G20,3476.03,14,0.0,509.77
ORD-2024-00698,2024-08-26,C0111,Mary Miller,Home Office,USA,North America,California,Los Angeles,Furniture,Tables,Coffee Table,3908.88,16,781.78,324.24
ORD-2022-00699,2023-04-03,C0180,Joseph Wilson,Corporate,China,Asia,Beijing,Beijing,Furniture,Storage,File Cabinet,3718.09,20,185.9,724.01
ORD-2024-00700,2022-06-04,C0051,Jennifer Johnson,Home Office,Australia,Oceania,Victoria,Melbourne,Office Supplies,Paper,Sticky Notes,144.52,14,0.0,48.13
ORD-2022-00701,2024-07-20,C0158,Richard Williams,Corporate,UK,Europe,England,London,Office Supplies,Paper,Sticky Notes,105.02,12,21.0,28.4
ORD-2024-00702,2022-10-01,C0147,John Hernandez,Home Office,Australia,Oceania,Victoria,Melbourne,Office Supplies,Paper,Legal Pad,335.47,11,33.55,48.78
ORD-2022-00703,2022-08-20,C0098,Susan Gonzalez,Home Office,USA,North America,California,Los Angeles,Office Supplies,Paper,A4 Printer Paper,152.48,8,15.25,28.57
ORD-2024-00704,2023-09-13,C0157,Linda Smith,Corporate,Australia,Oceania,Victoria,Melbourne,Office Supplies,Paper,Legal Pad,473.73,13,0.0,173.06
ORD-2022-00705,2024-03-10,C0060,Joseph Miller,Home Office,India,Asia,Maharashtra,Mumbai,Office Supplies,Paper,Cardstock,102.61,4,0.0,39.43
ORD-2023-00706,2024-09-25,C0065,Barbara Williams,Corporate,Australia,Oceania,New South Wales,Sydney,Office Supplies,Paper,A4 Printer Paper,110.48,12,0.0,20.97
ORD-2022-00707,2022-02-25,C0121,Joseph Thomas,Consumer,France,Europe,Ile-de-France,Paris,Office Supplies,Paper,Legal Pad,22.03,1,4.41,2.38
ORD-2022-00708,2023-05-07,C0197,Richard Wilson,Home Office,Australia,Oceania,New South Wales,Sydney,Technology,Accessories,USB-C Hub,6623.77,9,662.38,1468.14
ORD-2022-00709,2022-08-22,C0028,William Thomas,Corporate,Australia,Oceania,New South Wales,Sydney,Technology,Phones,Nokia G20,5983.55,19,0.0,2184.56
ORD-2022-00710,2024-03-09,C0183,Barbara Johnson,Home Office,Australia,Oceania,Victoria,Melbourne,Technology,Phones,iPhone 13,16332.67,15,0.0,3793.29
ORD-2024-00711,2024-08-30,C0162,James Rodriguez,Home Office,Canada,North America,Ontario,Toronto,Office Supplies,Binders,Report Cover,182.71,6,0.0,67.85
ORD-2022-00712,2023-12-26,C0194,Robert Wilson,Consumer,Canada,North America,Ontario,Toronto,Technology,Accessories,Wireless Mouse,6107.09,18,1221.42,1867.81
ORD-2024-00713,2024-05-26,C0116,Joseph Rodriguez,Corporate,China,Asia,Beijing,Beijing,Furniture,Chairs,Stool,1910.18,13,95.51,501.07
ORD-2022-00714,2022-07-08,C0153,John Thomas,Home Office,Japan,Asia,Tokyo,Tokyo,Office Supplies,Art,Watercolor Set,217.53,14,10.88,45.42
ORD-2022-00715,2023-12-10,C0100,James Jones,Home Office,UK,Europe,England,London,Technology,Laptops,Dell XPS 15,7157.37,20,0.0,1904.2
ORD-2023-00716,2022-04-16,C0190,Jessica Wilson,Consumer,Germany,Europe,Bavaria,Munich,Office Supplies,Art,Watercolor Set,381.61,20,76.32,91.86
ORD-2023-00717,2024-09-19,C0072,Richard Jones,Corporate,China,Asia,Beijing,Beijing,Office Supplies,Binders,Expansion Folder,370.42,9,18.52,45.16
ORD-2023-00718,2022-08-03,C0197,Richard Wilson,Consumer,Canada,North America,Ontario,Toronto,Technology,Accessories,Wireless Mouse,2568.92,10,128.45,403.39
ORD-2023-00719,2022-11-02,C0035,Jessica Johnson,Corporate,Australia,Oceania,New South Wales,Sydney,Furniture,Chairs,Stool,2800.88,15,0.0,1007.92
ORD-2022-00720,2024-01-21,C0040,Linda Garcia,Home Office,USA,North America,California,Los Angeles,Office Supplies,Paper,Legal Pad,196.74,4,39.35,53.27
ORD-2024-00721,2023-10-24,C0035,Jessica Johnson,Consumer,Australia,Oceania,Victoria,Melbourne,Technology,Accessories,Mechanical Keyboard,15517.54,11,3103.51,3326.42
ORD-2023-00722,2023-03-23,C0042,James Davis,Home Office,Japan,Asia,Tokyo,Tokyo,Furniture,Tables,Conference Table,4720.52,20,0.0,1650.8
ORD-2023-00723,2024-08-25,C0004,Jessica Davis,Corporate,Germany,Europe,Bavaria,Munich,Furniture,Storage,Wardrobe,143.2,2,7.16,40.49
ORD-2024-00724,2024-02-08,C0114,Mary Lopez,Consumer,Germany,Europe,Bavaria,Munich,Technology,Laptops,Lenovo ThinkPad,12122.36,13,606.12,2121.77
ORD-2024-00725,2024-01-07,C0045,Jessica Smith,Consumer,Germany,Europe,Bavaria,Munich,Office Supplies,Paper,Sticky Notes,30.25,3,1.51,7.5
ORD-2024-00726,2023-11-17,C0025,Robert Brown,Corporate,India,Asia,Maharashtra,Mumbai,Technology,Accessories,Mechanical Keyboard,4619.18,16,230.96,464.63
ORD-2022-00727,2023-10-20,C0032,Linda Rodriguez,Consumer,Canada,North America,Ontario,Toronto,Technology,Laptops,Dell XPS 15,8266.54,7,1653.31,2459.1
ORD-2023-00728,2022-01-30,C0178,Patricia Thomas,Consumer,Australia,Oceania,Victoria,Melbourne,Office Supplies,Art,Watercolor Set,193.27,17,19.33,62.17
ORD-2023-00729,2023-07-26,C0162,James Rodriguez,Home Office,India,Asia,Maharashtra,Mumbai,Office Supplies,Binders,Report Cover,282.79,6,0.0,40.89
ORD-2023-00730,2022-07-09,C0108,John Miller,Home Office,China,Asia,Beijing,Beijing,Technology,Accessories,Wireless Mouse,7424.93,7,0.0,2914.41
ORD-2022-00731,2023-06-26,C0196,John Smith,Home Office,Australia,Oceania,New South Wales,Sydney,Technology,Phones,Nokia G20,15273.42,19,763.67,2878.06
ORD-2024-00732,2023-10-20,C0022,David Smith,Consumer,Australia,Oceania,New South Wales,Sydney,Technology,Phones,iPhone 13,4461.66,16,892.33,1171.97
ORD-2023-00733,2022-07-27,C0119,John Jones,Corporate,USA,North America,New York,New York City,Office Supplies,Art,Markers,592.75,12,59.28,183.89
ORD-2024-00734,2023-04-04,C0116,Joseph Rodriguez,Corporate,Australia,Oceania,Victoria,Melbourne,Furniture,Storage,File Cabinet,8675.32,15,1735.06,2308.13
ORD-2023-00735,2023-06-01,C0090,Patricia Davis,Home Office,Australia,Oceania,New South Wales,Sydney,Technology,Laptops,MacBook Pro 14,4621.64,5,0.0,1624.78
ORD-2023-00736,2024-06-18,C0116,Joseph Rodriguez,Consumer,Australia,Oceania,Victoria,Melbourne,Furniture,Chairs,Office Chair,7952.28,15,0.0,2864.18
ORD-2022-00737,2023-11-15,C0030,Michael Rodriguez,Home Office,Canada,North America,Ontario,Toronto,Furniture,Chairs,Stool,2206.1,15,220.61,531.3
ORD-2023-00738,2022-08-09,C0089,Richard Williams,Home Office,Japan,Asia,Tokyo,Tokyo,Office Supplies,Art,Watercolor Set,259.56,9,12.98,46.88
ORD-2023-00739,2023-05-02,C0062,Robert Johnson,Corporate,USA,North America,Texas,Houston,Office Supplies,Paper,Legal Pad,38.39,1,0.0,15.23
ORD-2024-00740,2024-02-04,C0047,Mary Thomas,Home Office,USA,North America,Texas,Houston,Furniture,Chairs,Stool,2788.97,17,0.0,535.85
ORD-2024-00741,2023-07-31,C0067,Susan Thomas,Corporate,China,Asia,Beijing,Beijing,Furniture,Chairs,Ergonomic Executive Chair,3100.38,10,0.0,406.16
ORD-2024-00742,2022-07-19,C0112,John Williams,Corporate,China,Asia,Beijing,Beijing,Office Supplies,Art,Watercolor Set,40.54,4,4.05,9.66
ORD-2023-00743,2023-11-27,C0004,Jessica Davis,Corporate,India,Asia,Maharashtra,Mumbai,Office Supplies,Binders,Expansion Folder,677.42,18,67.74,97.76
ORD-2022-00744,2023-04-19,C0194,Robert Wilson,Home Office,Canada,North America,Ontario,Toronto,Furniture,Chairs,Ergonomic Executive Chair,4768.53,17,238.43,1437.0
ORD-2023-00745,2024-08-08,C0116,Joseph Rodriguez,Corporate,India,Asia,Maharashtra,Mumbai,Technology,Phones,Nokia G20,1916.74,4,95.84,485.61
ORD-2023-00746,2022-01-15,C0002,Susan Martinez,Corporate,Germany,Europe,Bavaria,Munich,Technology,Phones,Pixel 6,5918.47,6,295.92,1877.32
ORD-2024-00747,2023-01-11,C0005,James Martinez,Home Office,India,Asia,Maharashtra,Mumbai,Office Supplies,Binders,Report Cover,652.39,14,130.48,141.86
ORD-2024-00748,2023-09-06,C0188,Patricia Wilson,Consumer,USA,North America,California,Los Angeles,Technology,Phones,Pixel 6,10076.16,11,503.81,2622.24
ORD-2023-00749,2022-07-17,C0109,Jennifer Hernandez,Consumer,France,Europe,Ile-de-France,Paris,Furniture,Tables,Conference Table,1717.15,4,343.43,292.31
ORD-2023-00750,2023-08-01,C0165,Robert Williams,Corporate,UK,Europe,England,London,Furniture,Storage,File Cabinet,2888.5,10,144.43,374.65
ORD-2023-00751,2022-10-06,C0076,Jennifer Miller,Home Office,India,Asia,Maharashtra,Mumbai,Technology,Laptops,Lenovo ThinkPad,17891.15,16,0.0,3039.53
ORD-2023-00752,2023-03-25,C0034,David Wilson,Corporate,Australia,Oceania,New South Wales,Sydney,Office Supplies,Paper,Legal Pad,472.24,14,0.0,112.36
ORD-2023-00753,2024-09-27,C0088,Elizabeth Brown,Consumer,UK,Europe,England,London,Technology,Laptops,MacBook Pro 14,17334.42,16,1733.44,3797.74
ORD-2022-00754,2023-01-19,C0116,Joseph Rodriguez,Corporate,Germany,Europe,Bavaria,Munich,Office Supplies,Binders,Report Cover,752.16,20,0.0,98.2
ORD-2024-00755,2022-11-01,C0100,James Jones,Consumer,Canada,North America,Ontario,Toronto,Furniture,Chairs,Stool,4711.34,14,942.27,1257.29
ORD-2024-00756,2022-01-10,C0054,Patricia Johnson,Home Office,Germany,Europe,Bavaria,Munich,Technology,Phones,iPhone 13,15162.8,16,3032.56,2725.0
ORD-2023-00757,2024-04-27,C0003,John Brown,Corporate,USA,North America,Texas,Houston,Furniture,Storage,Wardrobe,161.2,2,8.06,22.21
ORD-2023-00758,2023-05-13,C0087,Mary Wilson,Corporate,USA,North America,New York,New York City,Office Supplies,Paper,Sticky Notes,265.06,8,53.01,84.36
ORD-2023-00759,2022-01-03,C0142,Barbara Rodriguez,Corporate,Japan,Asia,Tokyo,Tokyo,Technology,Accessories,Mechanical Keyboard,3193.07,11,0.0,680.5
ORD-2024-00760,2024-01-31,C0054,Patricia Johnson,Corporate,Australia,Oceania,Victoria,Melbourne,Furniture,Chairs,Stool,4426.28,20,221.31,1210.49
ORD-2022-00761,2024-01-08,C0154,Richard Garcia,Consumer,USA,North America,Texas,Houston,Technology,Laptops,MacBook Pro 14,20822.58,15,2082.26,3824.69
ORD-2023-00762,2023-12-17,C0188,Patricia Wilson,Home Office,Australia,Oceania,New South Wales,Sydney,Furniture,Tables,Coffee Table,483.8,1,0.0,184.34
ORD-2024-00763,2022-03-08,C0118,Mary Hernandez,Corporate,Australia,Oceania,New South Wales,Sydney,Technology,Accessories,Wireless Mouse,3653.29,11,0.0,1129.21
ORD-2024-00764,2022-02-28,C0069,Mary Jones,Home Office,France,Europe,Ile-de-France,Paris,Furniture,Tables,Conference Table,8896.16,15,0.0,3033.24
ORD-2023-00765,2023-01-29,C0199,Jessica Smith,Corporate,Australia,Oceania,Victoria,Melbourne,Office Supplies,Art,Sketchbook,251.44,18,0.0,87.76
ORD-2023-00766,2022-06-23,C0157,Linda Smith,Home Office,Australia,Oceania,Victoria,Melbourne,Furniture,Storage,File Cabinet,1521.83,5,304.37,286.64
ORD-2024-00767,2024-08-03,C0009,John Martinez,Home Office,India,Asia,Maharashtra,Mumbai,Furniture,Tables,Study Desk,2207.76,14,0.0,347.92
ORD-2022-00768,2023-01-26,C0022,David Smith,Home Office,France,Europe,Ile-de-France,Paris,Furniture,Chairs,Office Chair,1971.68,12,0.0,232.11
ORD-2022-00769,2023-02-13,C0024,Patricia Gonzalez,Home Office,Australia,Oceania,New South Wales,Sydney,Office Supplies,Binders,3-Ring Binder,566.09,20,0.0,72.06
ORD-2022-00770,2022-06-06,C0179,Jennifer Thomas,Home Office,France,Europe,Ile-de-France,Paris,Furniture,Tables,Coffee Table,6932.32,15,1386.46,1790.91
ORD-2023-00771,2023-04-26,C0054,Patricia Johnson,Corporate,Canada,North America,Ontario,Toronto,Furniture,Tables,Coffee Table,6798.82,12,1359.76,2167.1
ORD-2024-00772,2023-11-18,C0153,John Thomas,Consumer,Australia,Oceania,New South Wales,Sydney,Furniture,Tables,Dining Table,1799.87,15,359.97,242.78
ORD-2024-00773,2024-01-02,C0050,Mary Davis,Corporate,UK,Europe,England,London,Office Supplies,Paper,Cardstock,12.36,1,0.62,2.06
ORD-2022-00774,2023-01-27,C0033,Joseph Johnson,Corporate,USA,North America,New York,New York City,Furniture,Storage,Bookshelf,349.16,2,17.46,76.48
ORD-2022-00775,2022-03-27,C0076,Jennifer Miller,Consumer,India,Asia,Maharashtra,Mumbai,Office Supplies,Art,Sketchbook,119.71,19,0.0,16.41
ORD-2024-00776,2022-12-19,C0003,John Brown,Corporate,USA,North America,Texas,Houston,Furniture,Chairs,Stool,2660.91,6,0.0,836.41
ORD-2024-00777,2023-10-22,C0016,James Lopez,Corporate,Germany,Europe,Bavaria,Munich,Technology,Laptops,Dell XPS 15,16474.36,12,0.0,5815.02
ORD-2022-00778,2022-09-07,C0129,Elizabeth Johnson,Home Office,France,Europe,Ile-de-France,Paris,Technology,Laptops,Lenovo ThinkPad,1301.67,1,130.17,396.42
ORD-2022-00779,2024-04-19,C0080,David Rodriguez,Consumer,Australia,Oceania,Victoria,Melbourne,Furniture,Tables,Conference Table,9919.42,19,0.0,3002.18
ORD-2024-00780,2023-03-10,C0065,Barbara Williams,Corporate,Australia,Oceania,Victoria,Melbourne,Technology,Phones,iPhone 13,14176.77,19,0.0,4770.38
ORD-2022-00781,2024-05-06,C0153,John Thomas,Consumer,USA,North America,New York,New York City,Office Supplies,Binders,3-Ring Binder,256.58,7,0.0,57.56
ORD-2023-00782,2022-12-24,C0046,Barbara Davis,Consumer,UK,Europe,England,London,Furniture,Storage,Bookshelf,4822.21,20,482.22,1096.5
ORD-2024-00783,2022-07-02,C0076,Jennifer Miller,Home Office,UK,Europe,England,London,Furniture,Chairs,Office Chair,586.26,1,29.31,150.38
ORD-2023-00784,2022-07-29,C0003,John Brown,Home Office,Australia,Oceania,Victoria,Melbourne,Furniture,Chairs,Ergonomic Executive Chair,901.48,10,0.0,252.53
ORD-2024-00785,2022-05-01,C0107,James Garcia,Consumer,Canada,North America,Ontario,Toronto,Furniture,Tables,Study Desk,1711.73,5,0.0,277.01
ORD-2023-00786,2024-01-24,C0183,Barbara Johnson,Consumer,UK,Europe,England,London,Office Supplies,Binders,3-Ring Binder,379.76,8,0.0,80.23
ORD-2022-00787,2022-04-15,C0185,Richard Anderson,Consumer,UK,Europe,England,London,Technology,Accessories,Mechanical Keyboard,14623.32,18,1462.33,4676.03
ORD-2024-00788,2024-07-04,C0004,Jessica Davis,Home Office,China,Asia,Beijing,Beijing,Furniture,Storage,Wardrobe,9508.14,16,475.41,3546.04
ORD-2022-00789,2022-01-09,C0171,Joseph Brown,Home Office,USA,North America,New York,New York City,Technology,Accessories,Wireless Mouse,2023.24,12,0.0,273.14
ORD-2023-00790,2023-08-25,C0044,Richard Miller,Consumer,Australia,Oceania,Victoria,Melbourne,Office Supplies,Art,Markers,198.96,8,0.0,60.11
ORD-2023-00791,2024-02-14,C0004,Jessica Davis,Home Office,India,Asia,Maharashtra,Mumbai,Technology,Phones,Pixel 6,18922.35,13,1892.23,4697.41
ORD-2022-00792,2023-01-07,C0172,Richard Garcia,Corporate,USA,North America,New York,New York City,Technology,Phones,Pixel 6,1966.49,5,0.0,601.23
ORD-2022-00793,2024-05-17,C0101,Patricia Williams,Home Office,Australia,Oceania,Victoria,Melbourne,Office Supplies,Art,Markers,58.36,8,11.67,18.64
ORD-2022-00794,2023-09-11,C0046,Barbara Davis,Home Office,USA,North America,Texas,Houston,Technology,Laptops,Lenovo ThinkPad,5320.31,14,0.0,1420.25
ORD-2022-00795,2022-08-06,C0125,Jennifer Davis,Consumer,USA,North America,Texas,Houston,Furniture,Tables,Study Desk,402.0,1,80.4,77.99
ORD-2023-00796,2022-12-12,C0010,William Brown,Consumer,France,Europe,Ile-de-France,Paris,Furniture,Tables,Conference Table,5818.79,15,1163.76,1185.7
ORD-2023-00797,2023-05-31,C0157,Linda Smith,Home Office,USA,North America,New York,New York City,Technology,Phones,Samsung Galaxy S21,12155.02,13,1215.5,3825.04
ORD-2023-00798,2023-08-18,C0078,Mary Wilson,Home Office,Canada,North America,Ontario,Toronto,Furniture,Storage,Wardrobe,8191.19,17,1638.24,852.0
ORD-2022-00799,2023-07-05,C0093,Elizabeth Davis,Consumer,Germany,Europe,Bavaria,Munich,Furniture,Storage,Bookshelf,3036.76,10,303.68,595.59
ORD-2022-00800,2024-08-19,C0018,Barbara Rodriguez,Consumer,France,Europe,Ile-de-France,Paris,Office Supplies,Binders,3-Ring Binder,185.57,11,18.56,47.79
ORD-2022-00801,2022-10-01,C0080,David Rodriguez,Corporate,USA,North America,New York,New York City,Technology,Laptops,MacBook Pro 14,5779.03,8,288.95,1451.21
ORD-2023-00802,2022-05-10,C0139,Joseph Garcia,Home Office,India,Asia,Maharashtra,Mumbai,Office Supplies,Binders,3-Ring Binder,176.06,19,17.61,41.86
ORD-2022-00803,2022-07-08,C0156,David Martinez,Home Office,Australia,Oceania,New South Wales,Sydney,Technology,Accessories,Webcam,6019.93,13,601.99,595.22
ORD-2022-00804,2022-10-03,C0148,Linda Jones,Corporate,Australia,Oceania,Victoria,Melbourne,Office Supplies,Art,Sketchbook,79.81,7,0.0,21.72
ORD-2023-00805,2022-10-12,C0082,Jessica Martinez,Consumer,UK,Europe,England,London,Technology,Phones,Pixel 6,7355.84,8,0.0,1049.28
ORD-2022-00806,2023-01-31,C0158,Richard Williams,Home Office,Australia,Oceania,Victoria,Melbourne,Technology,Laptops,Lenovo ThinkPad,9087.38,10,454.37,1206.29
ORD-2022-00807,2024-08-01,C0081,Susan Brown,Home Office,Germany,Europe,Bavaria,Munich,Furniture,Tables,Conference Table,839.84,3,41.99,90.97
ORD-2022-00808,2023-01-06,C0094,Linda Garcia,Consumer,Australia,Oceania,Victoria,Melbourne,Furniture,Storage,Bookshelf,6729.42,17,336.47,2231.26
ORD-2022-00809,2024-04-30,C0039,Barbara Brown,Home Office,Canada,North America,Ontario,Toronto,Office Supplies,Art,Watercolor Set,575.01,14,28.75,114.71
ORD-2024-00810,2023-11-10,C0005,James Martinez,Consumer,Germany,Europe,Bavaria,Munich,Technology,Accessories,Wireless Mouse,14478.98,20,0.0,3830.51
ORD-2024-00811,2023-02-01,C0199,Jessica Smith,Corporate,Canada,North America,Ontario,Toronto,Technology,Laptops,MacBook Pro 14,1133.17,1,226.63,272.0
ORD-2022-00812,2024-05-06,C0074,Jessica Martinez,Corporate,India,Asia,Maharashtra,Mumbai,Technology,Phones,Pixel 6,4210.52,6,0.0,1411.52
ORD-2023-00813,2023-05-18,C0099,Susan Anderson,Home Office,Australia,Oceania,New South Wales,Sydney,Office Supplies,Art,Markers,27.33,1,2.73,5.14
ORD-2024-00814,2024-09-13,C0009,John Martinez,Consumer,Australia,Oceania,Victoria,Melbourne,Office Supplies,Paper,Sticky Notes,271.09,6,54.22,64.87
ORD-2023-00815,2022-04-20,C0051,Jennifer Johnson,Corporate,Australia,Oceania,New South Wales,Sydney,Technology,Laptops,MacBook Pro 14,11660.5,10,0.0,2188.41
ORD-2024-00816,2022-01-09,C0188,Patricia Wilson,Consumer,Germany,Europe,Bavaria,Munich,Office Supplies,Art,Markers,240.07,12,48.01,35.6
ORD-2024-00817,2022-11-15,C0187,Joseph Rodriguez,Corporate,Australia,Oceania,Victoria,Melbourne,Furniture,Tables,Dining Table,1341.86,5,0.0,325.33
ORD-2023-00818,2024-05-20,C0179,Jennifer Thomas,Home Office,USA,North America,Texas,Houston,Technology,Accessories,Mechanical Keyboard,22082.96,15,2208.3,4981.1
ORD-2022-00819,2022-11-05,C0165,Robert Williams,Consumer,China,Asia,Beijing,Beijing,Technology,Accessories,Mechanical Keyboard,11346.83,16,0.0,3668.23
ORD-2022-00820,2023-08-02,C0008,Jennifer Anderson,Home Office,India,Asia,Maharashtra,Mumbai,Furniture,Storage,File Cabinet,10746.51,18,0.0,3346.12
ORD-2024-00821,2022-07-29,C0027,Barbara Miller,Home Office,Canada,North America,Ontario,Toronto,Furniture,Chairs,Stool,2816.17,19,281.62,701.99
ORD-2024-00822,2024-02-11,C0194,Robert Wilson,Consumer,China,Asia,Beijing,Beijing,Office Supplies,Binders,Report Cover,646.39,20,0.0,95.02
ORD-2023-00823,2024-08-06,C0145,Elizabeth Brown,Consumer,Japan,Asia,Tokyo,Tokyo,Office Supplies,Paper,Legal Pad,233.94,5,11.7,32.85
ORD-2023-00824,2024-03-05,C0187,Joseph Rodriguez,Home Office,France,Europe,Ile-de-France,Paris,Office Supplies,Binders,Expansion Folder,43.94,6,0.0,15.27
ORD-2024-00825,2023-12-11,C0192,Patricia Hernandez,Corporate,USA,North America,Texas,Houston,Office Supplies,Binders,3-Ring Binder,157.66,15,0.0,26.57
ORD-2022-00826,2023-01-24,C0191,Jessica Brown,Home Office,Australia,Oceania,New South Wales,Sydney,Furniture,Chairs,Office Chair,650.33,2,130.07,135.81
ORD-2022-00827,2022-01-10,C0151,Robert Brown,Home Office,Australia,Oceania,New South Wales,Sydney,Office Supplies,Paper,Legal Pad,75.9,2,7.59,21.6
ORD-2022-00828,2022-06-11,C0184,Susan Martinez,Consumer,India,Asia,Maharashtra,Mumbai,Office Supplies,Binders,Report Cover,510.84,15,0.0,193.46
ORD-2022-00829,2023-12-23,C0037,Barbara Gonzalez,Corporate,USA,North America,Texas,Houston,Furniture,Chairs,Ergonomic Executive Chair,1023.14,9,102.31,311.52
ORD-2023-00830,2022-07-04,C0125,Jennifer Davis,Corporate,Canada,North America,Ontario,Toronto,Office Supplies,Paper,Sticky Notes,72.82,3,3.64,7.5
ORD-2024-00831,2023-02-16,C0074,Jessica Martinez,Consumer,India,Asia,Maharashtra,Mumbai,Furniture,Storage,File Cabinet,241.91,1,0.0,37.72
ORD-2024-00832,2022-05-07,C0079,David Gonzalez,Home Office,USA,North America,California,Los Angeles,Technology,Laptops,MacBook Pro 14,14260.58,13,1426.06,4785.29
ORD-2024-00833,2024-01-06,C0135,Linda Johnson,Corporate,Australia,Oceania,Victoria,Melbourne,Technology,Accessories,Webcam,6707.2,8,670.72,2344.87
ORD-2024-00834,2024-06-01,C0111,Mary Miller,Corporate,Germany,Europe,Bavaria,Munich,Furniture,Tables,Study Desk,719.38,3,143.88,179.83
ORD-2024-00835,2024-01-15,C0155,Barbara Anderson,Corporate,UK,Europe,England,London,Furniture,Chairs,Stool,1064.08,20,0.0,162.65
ORD-2023-00836,2023-02-06,C0153,John Thomas,Consumer,Australia,Oceania,Victoria,Melbourne,Office Supplies,Art,Markers,200.29,19,20.03,29.13
ORD-2024-00837,2022-05-30,C0184,Susan Martinez,Consumer,Australia,Oceania,Victoria,Melbourne,Office Supplies,Binders,3-Ring Binder,49.56,2,2.48,9.9
ORD-2023-00838,2022-05-24,C0043,Elizabeth Williams,Home Office,Australia,Oceania,Victoria,Melbourne,Office Supplies,Paper,Legal Pad,306.97,8,61.39,88.95
ORD-2022-00839,2023-06-07,C0059,Jessica Thomas,Corporate,Canada,North America,Ontario,Toronto,Furniture,Tables,Study Desk,4495.88,16,0.0,881.81
ORD-2024-00840,2022-11-23,C0183,Barbara Johnson,Home Office,Australia,Oceania,Victoria,Melbourne,Technology,Phones,iPhone 13,4155.72,16,207.79,1399.06
ORD-2024-00841,2024-09-11,C0013,Richard Davis,Corporate,UK,Europe,England,London,Furniture,Storage,Wardrobe,1383.64,13,69.18,138.53
ORD-2024-00842,2022-08-17,C0124,Robert Thomas,Consumer,China,Asia,Beijing,Beijing,Furniture,Storage,Bookshelf,445.46,3,0.0,148.81
ORD-2023-00843,2023-12-07,C0160,David Williams,Consumer,USA,North America,Texas,Houston,Technology,Accessories,Wireless Mouse,18153.89,19,1815.39,6095.26
ORD-2023-00844,2024-02-01,C0022,David Smith,Corporate,China,Asia,Beijing,Beijing,Technology,Accessories,Mechanical Keyboard,6368.65,14,0.0,1561.91
ORD-2022-00845,2023-06-22,C0051,Jennifer Johnson,Consumer,Germany,Europe,Bavaria,Munich,Furniture,Tables,Conference Table,6316.91,17,0.0,1701.96
ORD-2022-00846,2023-06-01,C0056,Mary Brown,Consumer,India,Asia,Maharashtra,Mumbai,Furniture,Tables,Dining Table,2395.33,8,479.07,538.02
ORD-2022-00847,2022-01-08,C0091,Patricia Miller,Consumer,Canada,North America,Ontario,Toronto,Furniture,Storage,Bookshelf,7701.18,16,0.0,2454.46
ORD-2024-00848,2022-04-14,C0098,Susan Gonzalez,Corporate,Germany,Europe,Bavaria,Munich,Technology,Laptops,HP Spectre x360,25163.69,18,1258.18,8758.74
ORD-2024-00849,2023-08-03,C0098,Susan Gonzalez,Consumer,USA,North America,New York,New York City,Furniture,Chairs,Stool,3366.06,6,336.61,985.02
ORD-2022-00850,2023-05-15,C0144,Michael Jones,Home Office,Japan,Asia,Tokyo,Tokyo,Office Supplies,Art,Sketchbook,555.1,12,111.02,125.33
ORD-2024-00851,2024-02-28,C0091,Patricia Miller,Consumer,Germany,Europe,Bavaria,Munich,Office Supplies,Binders,Expansion Folder,20.27,1,0.0,6.21
ORD-2023-00852,2024-05-06,C0186,Robert Johnson,Home Office,Canada,North America,Ontario,Toronto,Office Supplies,Art,Watercolor Set,575.25,12,0.0,122.71
ORD-2023-00853,2022-11-24,C0032,Linda Rodriguez,Consumer,UK,Europe,England,London,Furniture,Chairs,Office Chair,5205.91,15,260.3,1764.37
ORD-2022-00854,2023-10-28,C0031,Robert Garcia,Consumer,Canada,North America,Ontario,Toronto,Technology,Accessories,Wireless Mouse,5444.49,5,1088.9,1061.43
ORD-2022-00855,2024-04-18,C0041,Patricia Wilson,Consumer,Germany,Europe,Bavaria,Munich,Furniture,Storage,Wardrobe,8611.81,15,430.59,1033.21
ORD-2024-00856,2022-12-27,C0061,Elizabeth Martinez,Home Office,Japan,Asia,Tokyo,Tokyo,Technology,Laptops,HP Spectre x360,3921.5,3,0.0,783.62
ORD-2023-00857,2022-08-17,C0165,Robert Williams,Corporate,China,Asia,Beijing,Beijing,Technology,Accessories,USB-C Hub,615.51,2,0.0,232.83
ORD-2024-00858,2024-09-12,C0142,Barbara Rodriguez,Home Office,USA,North America,California,Los Angeles,Office Supplies,Art,Sketchbook,83.55,15,0.0,16.01
ORD-2024-00859,2022-11-24,C0163,Joseph Hernandez,Home Office,USA,North America,Texas,Houston,Technology,Accessories,USB-C Hub,18288.25,15,0.0,3096.27
ORD-2024-00860,2024-07-16,C0190,Jessica Wilson,Corporate,UK,Europe,England,London,Office Supplies,Paper,A4 Printer Paper,640.58,16,64.06,197.2
ORD-2022-00861,2024-07-20,C0024,Patricia Gonzalez,Home Office,Australia,Oceania,New South Wales,Sydney,Technology,Accessories,Mechanical Keyboard,9524.85,15,476.24,1734.05
ORD-2023-00862,2023-06-29,C0086,Jennifer Gonzalez,Corporate,Australia,Oceania,Victoria,Melbourne,Office Supplies,Paper,Cardstock,58.67,3,0.0,9.55
ORD-2022-00863,2023-11-12,C0028,William Thomas,Consumer,UK,Europe,England,London,Furniture,Tables,Dining Table,64.28,1,3.21,21.88
ORD-2023-00864,2024-09-13,C0038,John Brown,Corporate,Japan,Asia,Tokyo,Tokyo,Technology,Laptops,Dell XPS 15,1044.75,6,0.0,339.58
ORD-2024-00865,2022-01-01,C0077,James Davis,Home Office,UK,Europe,England,London,Office Supplies,Binders,Report Cover,39.32,2,1.97,11.71
ORD-2022-00866,2023-08-06,C0176,Joseph Hernandez,Home Office,Germany,Europe,Bavaria,Munich,Furniture,Storage,Bookshelf,1200.71,11,0.0,234.54
ORD-2023-00867,2024-02-25,C0167,William Anderson,Corporate,Australia,Oceania,New South Wales,Sydney,Furniture,Storage,File Cabinet,1377.53,19,137.75,351.07
ORD-2024-00868,2024-06-03,C0157,Linda Smith,Home Office,Australia,Oceania,New South Wales,Sydney,Technology,Laptops,Lenovo ThinkPad,3486.34,13,174.32,858.53
ORD-2022-00869,2023-01-02,C0023,Jennifer Gonzalez,Consumer,China,Asia,Beijing,Beijing,Furniture,Storage,Bookshelf,1011.55,3,50.58,181.23
ORD-2023-00870,2022-01-31,C0096,Richard Garcia,Consumer,UK,Europe,England,London,Furniture,Chairs,Ergonomic Executive Chair,2920.61,13,0.0,484.67
ORD-2024-00871,2022-09-10,C0019,Michael Lopez,Consumer,Germany,Europe,Bavaria,Munich,Technology,Laptops,Dell XPS 15,2654.76,2,132.74,689.3
ORD-2023-00872,2022-03-02,C0143,Joseph Gonzalez,Corporate,China,Asia,Beijing,Beijing,Office Supplies,Binders,Report Cover,79.91,5,15.98,23.89
ORD-2023-00873,2023-02-13,C0117,Michael Thomas,Corporate,Australia,Oceania,Victoria,Melbourne,Technology,Laptops,HP Spectre x360,14877.86,18,0.0,5345.9
ORD-2024-00874,2022-11-15,C0166,William Thomas,Corporate,Germany,Europe,Bavaria,Munich,Furniture,Chairs,Stool,1109.4,8,110.94,178.01
ORD-2023-00875,2024-05-26,C0006,John Martinez,Home Office,USA,North America,New York,New York City,Furniture,Tables,Study Desk,732.72,2,0.0,113.43
ORD-2023-00876,2024-06-18,C0056,Mary Brown,Consumer,India,Asia,Maharashtra,Mumbai,Office Supplies,Binders,Expansion Folder,544.09,11,0.0,94.51
ORD-2022-00877,2022-10-19,C0018,Barbara Rodriguez,Corporate,Australia,Oceania,Victoria,Melbourne,Furniture,Storage,Wardrobe,298.35,3,29.84,85.25
ORD-2023-00878,2023-03-01,C0150,Elizabeth Gonzalez,Home Office,UK,Europe,England,London,Office Supplies,Art,Sketchbook,246.69,7,24.67,84.18
ORD-2023-00879,2023-12-21,C0075,James Davis,Consumer,China,Asia,Beijing,Beijing,Furniture,Storage,File Cabinet,9507.16,16,0.0,2630.66
ORD-2023-00880,2024-08-21,C0057,Michael Gonzalez,Corporate,Australia,Oceania,New South Wales,Sydney,Office Supplies,Binders,Expansion Folder,182.4,15,36.48,17.97
ORD-2023-00881,2022-06-22,C0035,Jessica Johnson,Corporate,Australia,Oceania,New South Wales,Sydney,Office Supplies,Art,Sketchbook,279.34,11,55.87,83.43
ORD-2024-00882,2022-02-24,C0057,Michael Gonzalez,Consumer,Australia,Oceania,New South Wales,Sydney,Office Supplies,Binders,Report Cover,266.65,6,26.66,74.12
ORD-2022-00883,2023-09-10,C0037,Barbara Gonzalez,Consumer,Australia,Oceania,Victoria,Melbourne,Technology,Phones,Samsung Galaxy S21,17083.07,17,3416.61,2195.77
ORD-2022-00884,2024-03-18,C0156,David Martinez,Corporate,India,Asia,Maharashtra,Mumbai,Technology,Phones,iPhone 13,7437.9,5,0.0,2747.85
ORD-2023-00885,2023-06-30,C0120,Jessica Martinez,Consumer,Australia,Oceania,New South Wales,Sydney,Technology,Laptops,MacBook Pro 14,11945.86,11,0.0,4577.29
ORD-2023-00886,2023-04-27,C0167,William Anderson,Home Office,India,Asia,Maharashtra,Mumbai,Office Supplies,Art,Watercolor Set,92.07,2,0.0,15.74
ORD-2023-00887,2022-01-18,C0055,John Jones,Consumer,Canada,North America,Ontario,Toronto,Technology,Phones,iPhone 13,27306.04,20,5461.21,8397.71
ORD-2024-00888,2022-10-21,C0060,Joseph Miller,Corporate,Australia,Oceania,Victoria,Melbourne,Furniture,Chairs,Ergonomic Executive Chair,1120.06,8,56.0,298.39
ORD-2023-00889,2024-06-18,C0121,Joseph Thomas,Consumer,Australia,Oceania,New South Wales,Sydney,Furniture,Storage,Bookshelf,2850.22,14,285.02,567.96
ORD-2024-00890,2022-03-14,C0115,Mary Wilson,Home Office,France,Europe,Ile-de-France,Paris,Office Supplies,Paper,Legal Pad,26.77,3,5.35,6.45
ORD-2024-00891,2023-06-13,C0002,Susan Martinez,Consumer,India,Asia,Maharashtra,Mumbai,Furniture,Chairs,Ergonomic Executive Chair,1068.59,20,213.72,326.69
ORD-2024-00892,2022-09-17,C0180,Joseph Wilson,Consumer,UK,Europe,England,London,Office Supplies,Paper,Legal Pad,20.42,3,4.08,2.0
ORD-2023-00893,2024-02-06,C0150,Elizabeth Gonzalez,Home Office,Australia,Oceania,New South Wales,Sydney,Technology,Accessories,Mechanical Keyboard,133.93,1,0.0,41.81
ORD-2024-00894,2024-04-25,C0116,Joseph Rodriguez,Consumer,China,Asia,Beijing,Beijing,Furniture,Tables,Conference Table,557.79,3,0.0,188.63
ORD-2024-00895,2023-11-09,C0070,Jessica Anderson,Corporate,Australia,Oceania,Victoria,Melbourne,Furniture,Tables,Conference Table,6579.16,13,0.0,2630.73
ORD-2023-00896,2024-08-24,C0009,John Martinez,Corporate,Japan,Asia,Tokyo,Tokyo,Office Supplies,Art,Watercolor Set,425.88,9,0.0,90.78
ORD-2023-00897,2023-11-21,C0110,Jennifer Martinez,Corporate,China,Asia,Beijing,Beijing,Technology,Accessories,USB-C Hub,7698.46,12,384.92,2337.23
ORD-2023-00898,2024-09-08,C0009,John Martinez,Home Office,Germany,Europe,Bavaria,Munich,Office Supplies,Binders,Expansion Folder,46.25,3,0.0,9.15
ORD-2024-00899,2023-10-10,C0013,Richard Davis,Consumer,UK,Europe,England,London,Furniture,Storage,File Cabinet,4642.5,14,0.0,468.03
ORD-2024-00900,2023-01-25,C0131,John Brown,Home Office,Australia,Oceania,New South Wales,Sydney,Furniture,Tables,Coffee Table,1825.33,14,182.53,409.06
ORD-2023-00901,2024-02-18,C0198,Joseph Martinez,Home Office,India,Asia,Maharashtra,Mumbai,Technology,Laptops,Dell XPS 15,2210.49,6,0.0,552.01
ORD-2022-00902,2022-08-16,C0015,David Williams,Consumer,Australia,Oceania,New South Wales,Sydney,Technology,Laptops,Lenovo ThinkPad,12224.5,12,1222.45,2203.33
ORD-2024-00903,2024-07-06,C0044,Richard Miller,Corporate,Australia,Oceania,Victoria,Melbourne,Office Supplies,Binders,Expansion Folder,102.57,14,5.13,21.45
ORD-2024-00904,2023-10-31,C0096,Richard Garcia,Corporate,Australia,Oceania,New South Wales,Sydney,Office Supplies,Paper,Sticky Notes,83.01,11,8.3,23.51
ORD-2024-00905,2023-09-10,C0076,Jennifer Miller,Consumer,China,Asia,Beijing,Beijing,Furniture,Storage,Bookshelf,1706.08,3,0.0,360.0
ORD-2023-00906,2023-03-29,C0136,Barbara Smith,Consumer,Germany,Europe,Bavaria,Munich,Office Supplies,Art,Markers,776.01,19,0.0,110.61
ORD-2023-00907,2022-11-12,C0054,Patricia Johnson,Consumer,India,Asia,Maharashtra,Mumbai,Technology,Accessories,Mechanical Keyboard,5347.94,10,1069.59,1155.3
ORD-2024-00908,2023-03-12,C0127,Jessica Jones,Corporate,Australia,Oceania,Victoria,Melbourne,Technology,Laptops,Dell XPS 15,1814.2,2,0.0,301.79
ORD-2024-00909,2022-02-04,C0045,Jessica Smith,Home Office,China,Asia,Beijing,Beijing,Furniture,Storage,Wardrobe,2635.2,5,263.52,759.87
ORD-2023-00910,2024-01-10,C0053,Jennifer Williams,Consumer,USA,North America,Texas,Houston,Furniture,Tables,Dining Table,3596.09,6,0.0,483.76
ORD-2024-00911,2022-12-24,C0027,Barbara Miller,Home Office,China,Asia,Beijing,Beijing,Technology,Phones,Pixel 6,20023.41,16,4004.68,5079.47
ORD-2024-00912,2022-10-08,C0093,Elizabeth Davis,Consumer,UK,Europe,England,London,Office Supplies,Binders,Report Cover,450.01,14,90.0,139.54
ORD-2023-00913,2024-07-23,C0117,Michael Thomas,Home Office,Canada,North America,Ontario,Toronto,Technology,Accessories,USB-C Hub,24738.07,18,1236.9,3187.12
ORD-2023-00914,2022-06-27,C0051,Jennifer Johnson,Home Office,Canada,North America,Ontario,Toronto,Office Supplies,Binders,Report Cover,141.11,6,14.11,34.81
ORD-2023-00915,2024-03-19,C0092,Barbara Jones,Corporate,Australia,Oceania,Victoria,Melbourne,Furniture,Tables,Dining Table,1391.2,4,0.0,530.47
ORD-2024-00916,2022-03-13,C0130,Mary Johnson,Corporate,Australia,Oceania,Victoria,Melbourne,Technology,Phones,Samsung Galaxy S21,18036.02,17,3607.2,2870.37
ORD-2024-00917,2022-08-07,C0172,Richard Garcia,Consumer,India,Asia,Maharashtra,Mumbai,Office Supplies,Paper,Sticky Notes,48.72,3,0.0,14.55
ORD-2023-00918,2022-03-19,C0088,Elizabeth Brown,Corporate,USA,North America,New York,New York City,Furniture,Storage,Wardrobe,1523.3,8,76.17,231.65
ORD-2024-00919,2022-06-07,C0175,David Lopez,Home Office,France,Europe,Ile-de-France,Paris,Technology,Phones,Pixel 6,1130.37,1,56.52,253.66
ORD-2022-00920,2024-03-04,C0076,Jennifer Miller,Corporate,USA,North America,California,Los Angeles,Office Supplies,Art,Sketchbook,312.53,7,0.0,86.24
ORD-2022-00921,2024-07-17,C0162,James Rodriguez,Consumer,USA,North America,New York,New York City,Office Supplies,Binders,3-Ring Binder,302.28,9,15.11,67.98
ORD-2022-00922,2022-02-28,C0163,Joseph Hernandez,Corporate,Australia,Oceania,Victoria,Melbourne,Office Supplies,Binders,3-Ring Binder,119.65,8,0.0,19.72
ORD-2023-00923,2022-11-10,C0096,Richard Garcia,Corporate,India,Asia,Maharashtra,Mumbai,Technology,Laptops,Lenovo ThinkPad,1698.02,3,0.0,396.57
ORD-2024-00924,2024-08-08,C0127,Jessica Jones,Corporate,Canada,North America,Ontario,Toronto,Technology,Laptops,HP Spectre x360,17882.93,12,894.15,5571.9
ORD-2022-00925,2024-09-24,C0007,David Williams,Home Office,India,Asia,Maharashtra,Mumbai,Furniture,Storage,Wardrobe,10509.26,18,0.0,4093.2
ORD-2024-00926,2023-05-20,C0049,Mary Martinez,Home Office,Canada,North America,Ontario,Toronto,Technology,Laptops,HP Spectre x360,5070.33,4,0.0,1960.6
ORD-2024-00927,2022-06-15,C0124,Robert Thomas,Corporate,Australia,Oceania,Victoria,Melbourne,Furniture,Chairs,Ergonomic Executive Chair,3634.37,19,0.0,1183.9
ORD-2022-00928,2022-01-12,C0092,Barbara Jones,Home Office,Japan,Asia,Tokyo,Tokyo,Technology,Accessories,USB-C Hub,18239.15,15,0.0,7076.09
ORD-2023-00929,2024-07-06,C0147,John Hernandez,Consumer,USA,North America,New York,New York City,Technology,Laptops,Lenovo ThinkPad,3315.16,4,663.03,1042.65
ORD-2023-00930,2022-02-13,C0097,Jessica Garcia,Home Office,USA,North America,New York,New York City,Furniture,Chairs,Stool,2930.72,5,146.54,733.43
ORD-2024-00931,2023-10-29,C0029,William Miller,Consumer,Canada,North America,Ontario,Toronto,Technology,Accessories,Wireless Mouse,4572.13,11,228.61,969.68
ORD-2024-00932,2023-09-05,C0117,Michael Thomas,Corporate,Australia,Oceania,Victoria,Melbourne,Technology,Laptops,Lenovo ThinkPad,942.0,2,94.2,228.43
ORD-2022-00933,2022-09-11,C0028,William Thomas,Consumer,USA,North America,California,Los Angeles,Office Supplies,Art,Markers,326.63,8,0.0,102.17
ORD-2024-00934,2024-05-05,C0012,Patricia Johnson,Home Office,USA,North America,California,Los Angeles,Furniture,Tables,Dining Table,754.99,12,0.0,245.6
ORD-2023-00935,2022-06-08,C0090,Patricia Davis,Home Office,Germany,Europe,Bavaria,Munich,Furniture,Storage,Wardrobe,3070.47,14,0.0,483.26
ORD-2023-00936,2022-05-22,C0078,Mary Wilson,Corporate,Japan,Asia,Tokyo,Tokyo,Furniture,Storage,File Cabinet,776.49,6,0.0,128.36
ORD-2022-00937,2022-08-08,C0006,John Martinez,Home Office,Australia,Oceania,New South Wales,Sydney,Technology,Laptops,Lenovo ThinkPad,3304.39,3,165.22,605.12
ORD-2022-00938,2024-05-03,C0178,Patricia Thomas,Home Office,UK,Europe,England,London,Office Supplies,Paper,Sticky Notes,851.47,18,85.15,195.04
ORD-2022-00939,2023-01-15,C0175,David Lopez,Consumer,Australia,Oceania,Victoria,Melbourne,Office Supplies,Art,Sketchbook,214.53,15,0.0,57.04
ORD-2023-00940,2022-05-22,C0028,William Thomas,Consumer,Australia,Oceania,Victoria,Melbourne,Furniture,Storage,Wardrobe,3885.52,12,777.1,627.42
ORD-2022-00941,2022-05-15,C0163,Joseph Hernandez,Corporate,USA,North America,New York,New York City,Technology,Phones,iPhone 13,22051.22,18,0.0,8600.19
ORD-2024-00942,2024-07-24,C0072,Richard Jones,Consumer,USA,North America,New York,New York City,Furniture,Storage,File Cabinet,692.39,2,0.0,211.07
ORD-2023-00943,2022-03-24,C0027,Barbara Miller,Corporate,Japan,Asia,Tokyo,Tokyo,Furniture,Storage,Wardrobe,1886.68,4,94.33,605.63
ORD-2024-00944,2022-03-12,C0084,Barbara Wilson,Corporate,USA,North America,New York,New York City,Furniture,Chairs,Ergonomic Executive Chair,4353.26,8,217.66,1354.83
ORD-2023-00945,2022-11-01,C0013,Richard Davis,Corporate,Australia,Oceania,New South Wales,Sydney,Furniture,Chairs,Stool,10881.08,19,0.0,2722.32
ORD-2022-00946,2022-07-25,C0186,Robert Johnson,Corporate,Japan,Asia,Tokyo,Tokyo,Furniture,Storage,Wardrobe,4261.29,18,0.0,847.53
ORD-2023-00947,2023-08-13,C0118,Mary Hernandez,Consumer,Japan,Asia,Tokyo,Tokyo,Office Supplies,Binders,Report Cover,850.48,19,0.0,311.73
ORD-2022-00948,2023-03-10,C0037,Barbara Gonzalez,Consumer,USA,North America,New York,New York City,Furniture,Storage,Bookshelf,3339.9,14,0.0,1299.9
ORD-2023-00949,2023-01-06,C0166,William Thomas,Consumer,China,Asia,Beijing,Beijing,Office Supplies,Binders,3-Ring Binder,695.97,18,139.19,138.82
ORD-2024-00950,2022-11-09,C0086,Jennifer Gonzalez,Consumer,Australia,Oceania,Victoria,Melbourne,Furniture,Storage,Wardrobe,6311.1,11,0.0,646.1
ORD-2023-00951,2023-10-27,C0045,Jessica Smith,Home Office,Australia,Oceania,Victoria,Melbourne,Office Supplies,Paper,Sticky Notes,73.12,6,7.31,11.86
ORD-2024-00952,2023-01-13,C0085,Elizabeth Smith,Consumer,Germany,Europe,Bavaria,Munich,Office Supplies,Art,Markers,101.02,5,10.1,35.68
ORD-2023-00953,2023-02-17,C0039,Barbara Brown,Corporate,India,Asia,Maharashtra,Mumbai,Office Supplies,Binders,Report Cover,35.09,3,0.0,10.17
ORD-2022-00954,2022-10-15,C0057,Michael Gonzalez,Home Office,Australia,Oceania,New South Wales,Sydney,Office Supplies,Binders,Report Cover,413.96,20,41.4,130.12
ORD-2023-00955,2022-08-13,C0127,Jessica Jones,Corporate,UK,Europe,England,London,Office Supplies,Binders,Expansion Folder,192.11,11,0.0,75.41
ORD-2023-00956,2022-12-09,C0001,Robert Gonzalez,Corporate,Japan,Asia,Tokyo,Tokyo,Furniture,Storage,Bookshelf,626.29,11,0.0,210.16
ORD-2023-00957,2023-02-07,C0017,William Thomas,Home Office,USA,North America,California,Los Angeles,Furniture,Tables,Conference Table,1699.21,3,0.0,193.18
ORD-2023-00958,2023-03-30,C0138,Mary Martinez,Home Office,USA,North America,New York,New York City,Technology,Phones,Samsung Galaxy S21,5288.52,5,1057.7,944.0
ORD-2022-00959,2022-11-13,C0136,Barbara Smith,Consumer,Japan,Asia,Tokyo,Tokyo,Furniture,Tables,Study Desk,1950.23,14,195.02,626.91
ORD-2022-00960,2024-04-26,C0036,Joseph Johnson,Consumer,USA,North America,California,Los Angeles,Technology,Laptops,HP Spectre x360,5877.65,4,0.0,2119.63
ORD-2022-00961,2022-11-25,C0065,Barbara Williams,Corporate,Australia,Oceania,New South Wales,Sydney,Technology,Laptops,Dell XPS 15,8223.95,11,411.2,2102.2
ORD-2023-00962,2024-06-04,C0097,Jessica Garcia,Home Office,Australia,Oceania,New South Wales,Sydney,Office Supplies,Paper,Cardstock,312.5,8,31.25,98.12
ORD-2022-00963,2023-06-16,C0083,James Jones,Corporate,Australia,Oceania,Victoria,Melbourne,Furniture,Chairs,Gaming Chair,6694.41,13,0.0,2652.14
ORD-2022-00964,2022-01-30,C0024,Patricia Gonzalez,Consumer,Australia,Oceania,New South Wales,Sydney,Technology,Accessories,Wireless Mouse,1606.95,14,0.0,358.05
ORD-2022-00965,2023-10-09,C0093,Elizabeth Davis,Home Office,France,Europe,Ile-de-France,Paris,Technology,Laptops,Dell XPS 15,19791.13,16,3958.23,5224.8
ORD-2024-00966,2022-09-04,C0193,Linda Williams,Home Office,Canada,North America,Ontario,Toronto,Office Supplies,Paper,Legal Pad,562.07,17,28.1,122.99
ORD-2023-00967,2024-09-01,C0011,Patricia Hernandez,Home Office,China,Asia,Beijing,Beijing,Furniture,Chairs,Stool,4663.82,8,233.19,1056.37
ORD-2022-00968,2023-05-19,C0199,Jessica Smith,Consumer,Australia,Oceania,Victoria,Melbourne,Office Supplies,Paper,Legal Pad,400.08,10,0.0,56.72
ORD-2022-00969,2024-03-06,C0116,Joseph Rodriguez,Home Office,China,Asia,Beijing,Beijing,Furniture,Tables,Coffee Table,5279.73,10,0.0,1734.03
ORD-2023-00970,2024-05-18,C0063,Michael Anderson,Consumer,USA,North America,Texas,Houston,Office Supplies,Paper,A4 Printer Paper,175.12,5,0.0,19.48
ORD-2024-00971,2023-05-07,C0121,Joseph Thomas,Corporate,Australia,Oceania,New South Wales,Sydney,Technology,Phones,Nokia G20,16510.73,13,0.0,4222.94
ORD-2023-00972,2023-12-29,C0080,David Rodriguez,Home Office,USA,North America,New York,New York City,Furniture,Storage,Bookshelf,3164.47,6,0.0,835.75
ORD-2022-00973,2022-08-05,C0002,Susan Martinez,Home Office,France,Europe,Ile-de-France,Paris,Technology,Phones,iPhone 13,20648.06,17,0.0,6946.58
ORD-2023-00974,2023-11-30,C0042,James Davis,Corporate,Australia,Oceania,New South Wales,Sydney,Technology,Accessories,USB-C Hub,1943.23,3,97.16,709.36
ORD-2024-00975,2024-05-22,C0089,Richard Williams,Consumer,Canada,North America,Ontario,Toronto,Furniture,Tables,Conference Table,1406.7,15,70.34,305.1
ORD-2023-00976,2023-10-02,C0069,Mary Jones,Consumer,France,Europe,Ile-de-France,Paris,Furniture,Tables,Coffee Table,1602.24,16,320.45,242.42
ORD-2022-00977,2023-02-21,C0151,Robert Brown,Consumer,Australia,Oceania,New South Wales,Sydney,Office Supplies,Art,Watercolor Set,396.59,18,39.66,95.98
ORD-2022-00978,2023-12-11,C0140,David Miller,Home Office,Japan,Asia,Tokyo,Tokyo,Office Supplies,Art,Sketchbook,78.99,8,3.95,18.95
ORD-2023-00979,2023-09-24,C0151,Robert Brown,Consumer,Australia,Oceania,Victoria,Melbourne,Office Supplies,Binders,3-Ring Binder,389.93,8,77.99,89.4
ORD-2023-00980,2024-04-30,C0165,Robert Williams,Home Office,USA,North America,New York,New York City,Technology,Accessories,Wireless Mouse,7718.37,15,0.0,1754.98
ORD-2023-00981,2023-05-20,C0196,John Smith,Corporate,Germany,Europe,Bavaria,Munich,Technology,Laptops,Dell XPS 15,2231.06,3,446.21,565.86
ORD-2023-00982,2022-05-27,C0145,Elizabeth Brown,Consumer,India,Asia,Maharashtra,Mumbai,Office Supplies,Binders,3-Ring Binder,93.4,3,0.0,31.93
ORD-2023-00983,2022-09-28,C0139,Joseph Garcia,Corporate,USA,North America,Texas,Houston,Furniture,Storage,File Cabinet,762.09,8,76.21,212.87
ORD-2024-00984,2022-11-26,C0096,Richard Garcia,Corporate,USA,North America,New York,New York City,Technology,Accessories,Wireless Mouse,12830.69,14,0.0,4196.71
ORD-2022-00985,2022-07-24,C0137,Susan Johnson,Corporate,USA,North America,Texas,Houston,Furniture,Tables,Conference Table,4473.99,12,0.0,1305.43
ORD-2024-00986,2022-11-27,C0142,Barbara Rodriguez,Consumer,USA,North America,Texas,Houston,Furniture,Storage,Bookshelf,304.48,2,60.9,69.53
ORD-2023-00987,2022-06-19,C0092,Barbara Jones,Home Office,France,Europe,Ile-de-France,Paris,Technology,Laptops,HP Spectre x360,1196.59,11,59.83,151.76
ORD-2022-00988,2023-09-04,C0061,Elizabeth Martinez,Consumer,Japan,Asia,Tokyo,Tokyo,Office Supplies,Binders,3-Ring Binder,8.67,1,0.87,0.95
ORD-2022-00989,2024-01-22,C0085,Elizabeth Smith,Corporate,USA,North America,Texas,Houston,Technology,Laptops,MacBook Pro 14,3875.53,11,387.55,741.3
ORD-2023-00990,2023-08-17,C0101,Patricia Williams,Consumer,Germany,Europe,Bavaria,Munich,Furniture,Tables,Conference Table,5764.95,17,0.0,1898.62
ORD-2024-00991,2024-07-16,C0035,Jessica Johnson,Corporate,Australia,Oceania,Victoria,Melbourne,Furniture,Storage,File Cabinet,966.36,3,0.0,154.59
ORD-2024-00992,2022-10-29,C0071,Michael Thomas,Consumer,USA,North America,Texas,Houston,Office Supplies,Paper,Cardstock,288.46,9,57.69,24.04
ORD-2023-00993,2022-06-22,C0059,Jessica Thomas,Home Office,Canada,North America,Ontario,Toronto,Furniture,Storage,Wardrobe,459.86,8,22.99,173.53
ORD-2022-00994,2024-01-27,C0145,Elizabeth Brown,Corporate,UK,Europe,England,London,Office Supplies,Art,Watercolor Set,493.13,15,49.31,69.35
ORD-2023-00995,2023-09-07,C0143,Joseph Gonzalez,Corporate,Japan,Asia,Tokyo,Tokyo,Technology,Phones,Pixel 6,12163.38,13,0.0,2481.53
ORD-2023-00996,2023-09-28,C0176,Joseph Hernandez,Consumer,France,Europe,Ile-de-France,Paris,Office Supplies,Paper,Sticky Notes,164.17,12,8.21,57.35
ORD-2022-00997,2023-08-12,C0094,Linda Garcia,Consumer,Australia,Oceania,Victoria,Melbourne,Technology,Accessories,Webcam,9242.55,17,1848.51,1553.71
ORD-2023-00998,2023-03-16,C0014,Mary Martinez,Consumer,Canada,North America,Ontario,Toronto,Office Supplies,Art,Markers,321.58,10,0.0,34.13
ORD-2022-00999,2022-02-26,C0169,William Gonzalez,Home Office,Australia,Oceania,New South Wales,Sydney,Technology,Accessories,Webcam,468.42,3,46.84,55.95
ORD-2024-01000,2023-07-07,C0025,Robert Brown,Home Office,Japan,Asia,Tokyo,Tokyo,Furniture,Tables,Conference Table,2221.23,12,444.25,539.71
ORD-2022-01001,2023-04-01,C0081,Susan Brown,Home Office,Germany,Europe,Bavaria,Munich,Office Supplies,Art,Markers,206.5,15,41.3,36.9
ORD-2024-01002,2023-11-04,C0093,Elizabeth Davis,Corporate,UK,Europe,England,London,Technology,Laptops,Lenovo ThinkPad,5810.01,18,1162.0,1405.52
ORD-2024-01003,2022-02-19,C0023,Jennifer Gonzalez,Home Office,Germany,Europe,Bavaria,Munich,Technology,Phones,Pixel 6,8326.58,6,0.0,885.29
ORD-2023-01004,2024-02-29,C0192,Patricia Hernandez,Home Office,Australia,Oceania,Victoria,Melbourne,Office Supplies,Binders,Expansion Folder,155.56,4,7.78,50.3
ORD-2022-01005,2022-11-10,C0004,Jessica Davis,Home Office,Australia,Oceania,Victoria,Melbourne,Technology,Phones,Samsung Galaxy S21,8886.36,18,1777.27,2339.17
ORD-2024-01006,2024-01-21,C0071,Michael Thomas,Corporate,Germany,Europe,Bavaria,Munich,Office Supplies,Paper,Cardstock,267.7,14,26.77,92.02
ORD-2023-01007,2024-03-16,C0143,Joseph Gonzalez,Consumer,India,Asia,Maharashtra,Mumbai,Technology,Accessories,Wireless Mouse,14938.41,12,2987.68,3803.84
ORD-2023-01008,2023-08-09,C0054,Patricia Johnson,Home Office,Canada,North America,Ontario,Toronto,Office Supplies,Binders,Expansion Folder,199.34,14,39.87,62.27
ORD-2022-01009,2022-03-26,C0012,Patricia Johnson,Consumer,Australia,Oceania,New South Wales,Sydney,Office Supplies,Art,Markers,230.9,18,46.18,64.0
ORD-2022-01010,2023-10-11,C0076,Jennifer Miller,Corporate,Japan,Asia,Tokyo,Tokyo,Office Supplies,Paper,Sticky Notes,574.13,17,0.0,109.2
ORD-2024-01011,2024-01-11,C0006,John Martinez,Home Office,China,Asia,Beijing,Beijing,Technology,Phones,Samsung Galaxy S21,7819.53,10,390.98,1864.75
ORD-2022-01012,2022-08-27,C0186,Robert Johnson,Consumer,Japan,Asia,Tokyo,Tokyo,Furniture,Tables,Conference Table,2165.57,14,108.28,517.24
ORD-2024-01013,2024-01-21,C0063,Michael Anderson,Consumer,UK,Europe,England,London,Furniture,Tables,Conference Table,6851.15,15,0.0,2683.46
ORD-2022-01014,2022-07-09,C0117,Michael Thomas,Home Office,UK,Europe,England,London,Technology,Laptops,HP Spectre x360,2735.01,13,0.0,768.28
ORD-2022-01015,2024-02-13,C0024,Patricia Gonzalez,Corporate,Australia,Oceania,Victoria,Melbourne,Office Supplies,Paper,Legal Pad,66.91,7,0.0,7.04
ORD-2023-01016,2023-02-28,C0198,Joseph Martinez,Home Office,China,Asia,Beijing,Beijing,Office Supplies,Binders,Expansion Folder,368.42,18,73.68,61.96
ORD-2024-01017,2022-08-17,C0056,Mary Brown,Corporate,Canada,North America,Ontario,Toronto,Furniture,Storage,Wardrobe,7230.15,16,1446.03,1680.16
ORD-2024-01018,2023-06-05,C0092,Barbara Jones,Home Office,Australia,Oceania,New South Wales,Sydney,Technology,Accessories,Webcam,1477.8,2,0.0,543.11
ORD-2022-01019,2023-04-02,C0117,Michael Thomas,Home Office,China,Asia,Beijing,Beijing,Furniture,Tables,Dining Table,1788.19,4,0.0,480.38
ORD-2022-01020,2023-05-02,C0140,David Miller,Home Office,China,Asia,Beijing,Beijing,Office Supplies,Binders,3-Ring Binder,142.28,11,14.23,35.91
ORD-2022-01021,2024-05-11,C0139,Joseph Garcia,Home Office,UK,Europe,England,London,Office Supplies,Art,Sketchbook,90.49,8,18.1,23.73
ORD-2023-01022,2022-08-01,C0036,Joseph Johnson,Home Office,China,Asia,Beijing,Beijing,Furniture,Tables,Study Desk,1623.28,14,324.66,468.98
ORD-2024-01023,2023-06-06,C0037,Barbara Gonzalez,Home Office,China,Asia,Beijing,Beijing,Office Supplies,Binders,3-Ring Binder,146.69,19,7.33,48.26
ORD-2023-01024,2024-06-19,C0042,James Davis,Corporate,Australia,Oceania,New South Wales,Sydney,Office Supplies,Paper,A4 Printer Paper,76.01,2,3.8,25.43
ORD-2024-01025,2023-04-02,C0079,David Gonzalez,Corporate,Australia,Oceania,New South Wales,Sydney,Technology,Phones,Samsung Galaxy S21,6867.28,7,0.0,2369.42
ORD-2024-01026,2022-08-02,C0159,Susan Smith,Home Office,Japan,Asia,Tokyo,Tokyo,Technology,Accessories,Wireless Mouse,5933.16,5,593.32,1046.22
ORD-2024-01027,2023-01-25,C0164,Robert Williams,Consumer,Australia,Oceania,New South Wales,Sydney,Office Supplies,Binders,Report Cover,568.23,17,56.82,84.97
ORD-2022-01028,2024-01-24,C0195,William Hernandez,Corporate,Germany,Europe,Bavaria,Munich,Furniture,Storage,Bookshelf,4123.19,11,824.64,1152.18
ORD-2023-01029,2023-10-21,C0180,Joseph Wilson,Consumer,USA,North America,California,Los Angeles,Office Supplies,Paper,A4 Printer Paper,84.11,6,0.0,15.21
ORD-2024-01030,2023-02-08,C0068,Elizabeth Lopez,Corporate,Germany,Europe,Bavaria,Munich,Office Supplies,Art,Sketchbook,367.48,16,18.37,85.01
ORD-2022-01031,2024-07-04,C0036,Joseph Johnson,Corporate,UK,Europe,England,London,Office Supplies,Binders,Expansion Folder,162.59,4,16.26,29.55
ORD-2023-01032,2022-11-30,C0064,Linda Jones,Corporate,Canada,North America,Ontario,Toronto,Office Supplies,Binders,Report Cover,442.14,15,88.43,74.67
ORD-2023-01033,2023-01-28,C0051,Jennifer Johnson,Home Office,Japan,Asia,Tokyo,Tokyo,Furniture,Tables,Dining Table,839.06,5,0.0,131.1
ORD-2022-01034,2022-12-20,C0178,Patricia Thomas,Home Office,Germany,Europe,Bavaria,Munich,Technology,Laptops,Lenovo ThinkPad,767.63,1,76.76,120.48
ORD-2023-01035,2022-06-07,C0130,Mary Johnson,Corporate,India,Asia,Maharashtra,Mumbai,Furniture,Chairs,Gaming Chair,4493.79,20,898.76,727.68
ORD-2023-01036,2024-06-28,C0040,Linda Garcia,Home Office,India,Asia,Maharashtra,Mumbai,Furniture,Chairs,Stool,5821.52,10,582.15,1411.45
ORD-2023-01037,2024-02-07,C0130,Mary Johnson,Home Office,USA,North America,Texas,Houston,Office Supplies,Art,Sketchbook,42.08,1,2.1,7.03
ORD-2022-01038,2022-11-21,C0173,John Thomas,Consumer,USA,North America,New York,New York City,Technology,Laptops,MacBook Pro 14,2074.29,2,0.0,744.35
ORD-2024-01039,2022-03-04,C0087,Mary Wilson,Corporate,Australia,Oceania,Victoria,Melbourne,Office Supplies,Paper,Legal Pad,76.71,9,7.67,16.11
ORD-2024-01040,2022-12-27,C0051,Jennifer Johnson,Corporate,USA,North America,California,Los Angeles,Technology,Laptops,MacBook Pro 14,25724.69,19,0.0,7792.23
ORD-2023-01041,2022-07-06,C0018,Barbara Rodriguez,Corporate,Australia,Oceania,Victoria,Melbourne,Furniture,Storage,Wardrobe,3346.93,14,669.39,743.04
ORD-2023-01042,2022-08-14,C0060,Joseph Miller,Consumer,France,Europe,Ile-de-France,Paris,Furniture,Storage,File Cabinet,476.31,2,0.0,74.78
ORD-2022-01043,2023-12-26,C0073,Elizabeth Smith,Home Office,Germany,Europe,Bavaria,Munich,Furniture,Tables,Study Desk,3941.68,8,0.0,765.36
ORD-2022-01044,2024-07-21,C0155,Barbara Anderson,Consumer,Australia,Oceania,Victoria,Melbourne,Furniture,Storage,Wardrobe,5512.39,16,275.62,1150.44
ORD-2023-01045,2024-07-12,C0059,Jessica Thomas,Consumer,USA,North America,Texas,Houston,Office Supplies,Paper,A4 Printer Paper,188.68,7,0.0,22.35
ORD-2022-01046,2024-02-07,C0166,William Thomas,Consumer,Germany,Europe,Bavaria,Munich,Technology,Laptops,MacBook Pro 14,3312.93,6,662.59,715.51
ORD-2023-01047,2023-09-20,C0114,Mary Lopez,Corporate,USA,North America,Texas,Houston,Technology,Laptops,Dell XPS 15,16646.38,14,3329.28,3763.11
ORD-2022-01048,2024-04-01,C0041,Patricia Wilson,Home Office,China,Asia,Beijing,Beijing,Furniture,Storage,Bookshelf,7216.25,20,0.0,2324.2
ORD-2022-01049,2022-12-18,C0070,Jessica Anderson,Consumer,USA,North America,New York,New York City,Furniture,Tables,Coffee Table,6641.01,13,0.0,866.4
ORD-2024-01050,2022-04-22,C0186,Robert Johnson,Home Office,Australia,Oceania,Victoria,Melbourne,Technology,Phones,Samsung Galaxy S21,6394.44,6,319.72,1185.53
ORD-2023-01051,2024-01-21,C0188,Patricia Wilson,Consumer,France,Europe,Ile-de-France,Paris,Furniture,Storage,File Cabinet,1113.68,6,0.0,296.49
ORD-2024-01052,2023-07-11,C0116,Joseph Rodriguez,Corporate,USA,North America,New York,New York City,Furniture,Chairs,Gaming Chair,1020.57,2,102.06,234.95
ORD-2024-01053,2024-06-07,C0027,Barbara Miller,Corporate,UK,Europe,England,London,Technology,Phones,iPhone 13,20897.43,16,4179.49,5883.93
ORD-2024-01054,2024-07-26,C0196,John Smith,Corporate,Canada,North America,Ontario,Toronto,Office Supplies,Paper,Sticky Notes,313.54,19,31.35,91.34
ORD-2023-01055,2023-07-01,C0190,Jessica Wilson,Corporate,Australia,Oceania,New South Wales,Sydney,Furniture,Storage,Wardrobe,3229.01,14,0.0,789.5
ORD-2022-01056,2023-01-05,C0168,Patricia Hernandez,Home Office,Canada,North America,Ontario,Toronto,Furniture,Storage,File Cabinet,9525.36,20,476.27,3072.26
ORD-2022-01057,2024-05-10,C0064,Linda Jones,Consumer,USA,North America,New York,New York City,Technology,Laptops,Dell XPS 15,16576.41,13,3315.28,4817.16
ORD-2024-01058,2024-08-10,C0144,Michael Jones,Home Office,Australia,Oceania,Victoria,Melbourne,Technology,Laptops,Dell XPS 15,3348.62,5,334.86,914.98
ORD-2022-01059,2024-02-06,C0192,Patricia Hernandez,Corporate,Japan,Asia,Tokyo,Tokyo,Office Supplies,Binders,Report Cover,801.83,18,0.0,162.0
ORD-2023-01060,2024-04-11,C0163,Joseph Hernandez,Corporate,Germany,Europe,Bavaria,Munich,Technology,Accessories,Wireless Mouse,6867.86,14,1373.57,2103.59
ORD-2024-01061,2024-01-10,C0179,Jennifer Thomas,Corporate,India,Asia,Maharashtra,Mumbai,Office Supplies,Paper,A4 Printer Paper,261.98,17,13.1,58.97
ORD-2023-01062,2023-02-21,C0036,Joseph Johnson,Home Office,USA,North America,Texas,Houston,Technology,Accessories,Wireless Mouse,917.01,1,0.0,133.82
ORD-2022-01063,2023-11-24,C0117,Michael Thomas,Consumer,Australia,Oceania,New South Wales,Sydney,Furniture,Tables,Coffee Table,3398.27,20,169.91,972.74
ORD-2022-01064,2023-10-22,C0051,Jennifer Johnson,Home Office,Canada,North America,Ontario,Toronto,Furniture,Tables,Coffee Table,4895.25,12,244.76,800.52
ORD-2024-01065,2023-12-10,C0120,Jessica Martinez,Corporate,Japan,Asia,Tokyo,Tokyo,Furniture,Storage,Bookshelf,3163.06,19,0.0,1006.36
ORD-2024-01066,2023-01-10,C0125,Jennifer Davis,Corporate,Australia,Oceania,Victoria,Melbourne,Office Supplies,Binders,Expansion Folder,249.05,9,0.0,28.0
ORD-2022-01067,2023-10-25,C0074,Jessica Martinez,Home Office,Australia,Oceania,Victoria,Melbourne,Furniture,Storage,Wardrobe,4490.72,14,224.54,1459.89
ORD-2022-01068,2022-10-09,C0162,James Rodriguez,Consumer,France,Europe,Ile-de-France,Paris,Technology,Phones,Nokia G20,3262.44,3,163.12,605.88
ORD-2024-01069,2022-06-02,C0037,Barbara Gonzalez,Home Office,Australia,Oceania,Victoria,Melbourne,Furniture,Storage,Wardrobe,5032.23,10,1006.45,520.52
ORD-2022-01070,2023-10-15,C0188,Patricia Wilson,Consumer,Japan,Asia,Tokyo,Tokyo,Technology,Laptops,Dell XPS 15,1127.3,4,0.0,374.41
ORD-2024-01071,2022-05-02,C0162,James Rodriguez,Home Office,France,Europe,Ile-de-France,Paris,Office Supplies,Binders,Expansion Folder,284.88,6,0.0,81.52
ORD-2024-01072,2022-11-29,C0010,William Brown,Home Office,Australia,Oceania,Victoria,Melbourne,Furniture,Tables,Dining Table,467.04,8,93.41,112.02
ORD-2023-01073,2023-11-19,C0066,Richard Williams,Corporate,USA,North America,New York,New York City,Furniture,Storage,File Cabinet,9588.65,19,0.0,2311.94
ORD-2023-01074,2022-03-08,C0142,Barbara Rodriguez,Consumer,Australia,Oceania,Victoria,Melbourne,Office Supplies,Paper,A4 Printer Paper,104.23,4,0.0,39.34
ORD-2024-01075,2023-10-22,C0156,David Martinez,Consumer,Australia,Oceania,New South Wales,Sydney,Technology,Accessories,Webcam,2743.06,2,274.31,568.13
ORD-2024-01076,2022-09-22,C0107,James Garcia,Home Office,USA,North America,California,Los Angeles,Office Supplies,Binders,3-Ring Binder,120.87,9,12.09,30.73
ORD-2022-01077,2022-09-14,C0008,Jennifer Anderson,Corporate,Australia,Oceania,Victoria,Melbourne,Furniture,Chairs,Office Chair,3506.11,20,175.31,1159.74
ORD-2022-01078,2023-03-28,C0066,Richard Williams,Corporate,Japan,Asia,Tokyo,Tokyo,Office Supplies,Art,Sketchbook,315.78,15,0.0,105.19
ORD-2024-01079,2023-12-13,C0190,Jessica Wilson,Corporate,USA,North America,New York,New York City,Technology,Accessories,Mechanical Keyboard,26366.86,20,5273.37,2825.78
ORD-2024-01080,2023-04-14,C0159,Susan Smith,Home Office,China,Asia,Beijing,Beijing,Office Supplies,Art,Markers,283.21,19,14.16,80.11
ORD-2024-01081,2023-09-20,C0132,John Smith,Home Office,Australia,Oceania,Victoria,Melbourne,Technology,Accessories,Wireless Mouse,5502.08,5,0.0,1969.14
ORD-2022-01082,2023-09-15,C0050,Mary Davis,Consumer,UK,Europe,England,London,Technology,Laptops,MacBook Pro 14,4094.09,7,204.7,1141.05
ORD-2024-01083,2022-11-29,C0017,William Thomas,Home Office,France,Europe,Ile-de-France,Paris,Technology,Phones,iPhone 13,8571.42,14,857.14,1915.33
ORD-2024-01084,2022-09-10,C0123,Susan Garcia,Consumer,Australia,Oceania,New South Wales,Sydney,Office Supplies,Paper,Sticky Notes,595.91,13,0.0,127.06
ORD-2022-01085,2022-07-23,C0010,William Brown,Consumer,UK,Europe,England,London,Office Supplies,Binders,Expansion Folder,512.85,14,0.0,117.56
ORD-2023-01086,2022-09-06,C0056,Mary Brown,Home Office,Germany,Europe,Bavaria,Munich,Technology,Accessories,USB-C Hub,16071.74,19,803.59,1707.65
ORD-2024-01087,2022-05-04,C0044,Richard Miller,Home Office,Australia,Oceania,New South Wales,Sydney,Furniture,Chairs,Stool,10421.85,20,521.09,2897.06
ORD-2023-01088,2024-05-30,C0100,James Jones,Consumer,Australia,Oceania,New South Wales,Sydney,Office Supplies,Art,Markers,579.87,13,115.97,163.1
ORD-2024-01089,2022-08-18,C0009,John Martinez,Corporate,Germany,Europe,Bavaria,Munich,Office Supplies,Binders,Report Cover,617.67,14,61.77,57.15
ORD-2024-01090,2024-01-24,C0191,Jessica Brown,Home Office,Australia,Oceania,Victoria,Melbourne,Technology,Laptops,HP Spectre x360,8435.51,6,0.0,2628.33
ORD-2022-01091,2023-05-26,C0050,Mary Davis,Consumer,Germany,Europe,Bavaria,Munich,Office Supplies,Art,Sketchbook,148.23,13,7.41,16.69
ORD-2022-01092,2023-07-14,C0080,David Rodriguez,Consumer,Japan,Asia,Tokyo,Tokyo,Furniture,Tables,Conference Table,1389.4,5,0.0,156.36
ORD-2024-01093,2022-11-04,C0022,David Smith,Consumer,France,Europe,Ile-de-France,Paris,Office Supplies,Binders,Report Cover,87.0,6,17.4,7.71
ORD-2023-01094,2023-05-17,C0191,Jessica Brown,Home Office,Japan,Asia,Tokyo,Tokyo,Office Supplies,Paper,A4 Printer Paper,71.8,5,0.0,18.96
ORD-2024-01095,2022-05-24,C0118,Mary Hernandez,Consumer,Australia,Oceania,Victoria,Melbourne,Furniture,Tables,Study Desk,1103.98,4,0.0,215.95
ORD-2022-01096,2022-05-05,C0010,William Brown,Consumer,India,Asia,Maharashtra,Mumbai,Furniture,Tables,Dining Table,293.14,1,14.66,99.47
ORD-2023-01097,2023-12-27,C0123,Susan Garcia,Consumer,China,Asia,Beijing,Beijing,Office Supplies,Binders,3-Ring Binder,258.76,6,25.88,57.41
ORD-2024-01098,2024-02-04,C0131,John Brown,Home Office,USA,North America,California,Los Angeles,Furniture,Chairs,Ergonomic Executive Chair,3924.45,7,0.0,1535.97
ORD-2023-01099,2022-07-27,C0086,Jennifer Gonzalez,Consumer,Germany,Europe,Bavaria,Munich,Furniture,Storage,Wardrobe,2251.09,18,0.0,241.99
ORD-2024-01100,2024-05-18,C0142,Barbara Rodriguez,Consumer,Canada,North America,Ontario,Toronto,Furniture,Chairs,Gaming Chair,3489.63,8,0.0,767.86
ORD-2022-01101,2023-01-15,C0174,Mary Brown,Consumer,UK,Europe,England,London,Furniture,Chairs,Ergonomic Executive Chair,3200.95,10,160.05,881.25
ORD-2022-01102,2024-07-15,C0198,Joseph Martinez,Consumer,China,Asia,Beijing,Beijing,Office Supplies,Art,Sketchbook,180.81,8,0.0,70.51
ORD-2022-01103,2023-06-06,C0168,Patricia Hernandez,Corporate,Australia,Oceania,New South Wales,Sydney,Technology,Laptops,Lenovo ThinkPad,15572.08,14,778.6,1670.05
ORD-2024-01104,2023-09-03,C0008,Jennifer Anderson,Corporate,India,Asia,Maharashtra,Mumbai,Technology,Accessories,Wireless Mouse,27467.56,19,0.0,3296.76
ORD-2023-01105,2024-01-05,C0170,Mary Smith,Home Office,Germany,Europe,Bavaria,Munich,Furniture,Storage,Wardrobe,2778.7,15,277.87,479.07
ORD-2023-01106,2023-12-18,C0001,Robert Gonzalez,Corporate,UK,Europe,England,London,Technology,Phones,iPhone 13,462.98,1,0.0,152.85
ORD-2022-01107,2024-08-22,C0074,Jessica Martinez,Home Office,Australia,Oceania,New South Wales,Sydney,Technology,Accessories,USB-C Hub,788.83,5,0.0,279.99
ORD-2022-01108,2024-03-17,C0011,Patricia Hernandez,Home Office,Canada,North America,Ontario,Toronto,Technology,Accessories,Wireless Mouse,5190.13,4,0.0,1203.62
ORD-2023-01109,2022-05-26,C0096,Richard Garcia,Home Office,Japan,Asia,Tokyo,Tokyo,Technology,Phones,Pixel 6,4015.59,17,0.0,1369.82
ORD-2024-01110,2024-08-26,C0136,Barbara Smith,Home Office,China,Asia,Beijing,Beijing,Office Supplies,Paper,Sticky Notes,704.56,16,0.0,129.88
ORD-2022-01111,2023-01-03,C0133,Richard Miller,Home Office,Canada,North America,Ontario,Toronto,Furniture,Storage,Bookshelf,2292.93,20,458.59,556.64
ORD-2024-01112,2022-09-20,C0070,Jessica Anderson,Consumer,Germany,Europe,Bavaria,Munich,Office Supplies,Binders,3-Ring Binder,290.13,17,29.01,62.88
ORD-2024-01113,2023-11-25,C0023,Jennifer Gonzalez,Corporate,China,Asia,Beijing,Beijing,Office Supplies,Art,Markers,51.74,3,2.59,13.55
ORD-2022-01114,2023-05-31,C0021,Elizabeth Thomas,Consumer,UK,Europe,England,London,Technology,Accessories,Wireless Mouse,1874.4,11,93.72,312.62
ORD-2022-01115,2023-02-25,C0089,Richard Williams,Consumer,Germany,Europe,Bavaria,Munich,Furniture,Storage,Bookshelf,3050.19,16,152.51,383.03
ORD-2024-01116,2024-08-18,C0179,Jennifer Thomas,Home Office,Japan,Asia,Tokyo,Tokyo,Technology,Laptops,Lenovo ThinkPad,5105.66,19,1021.13,1374.33
ORD-2023-01117,2023-03-08,C0010,William Brown,Home Office,UK,Europe,England,London,Technology,Phones,Nokia G20,6923.33,17,0.0,1973.03
ORD-2022-01118,2024-05-29,C0100,James Jones,Consumer,Japan,Asia,Tokyo,Tokyo,Office Supplies,Paper,Legal Pad,264.17,8,13.21,93.01
ORD-2023-01119,2024-06-22,C0100,James Jones,Consumer,UK,Europe,England,London,Furniture,Tables,Coffee Table,9770.62,19,0.0,2461.81
ORD-2023-01120,2024-01-25,C0024,Patricia Gonzalez,Corporate,Germany,Europe,Bavaria,Munich,Technology,Laptops,Dell XPS 15,15814.85,16,3162.97,1981.13
ORD-2024-01121,2023-01-03,C0085,Elizabeth Smith,Consumer,Japan,Asia,Tokyo,Tokyo,Technology,Phones,Samsung Galaxy S21,6866.53,11,686.65,2002.17
ORD-2022-01122,2023-05-07,C0200,Elizabeth Martinez,Consumer,China,Asia,Beijing,Beijing,Technology,Laptops,Lenovo ThinkPad,6814.62,19,0.0,2253.6
ORD-2022-01123,2023-08-06,C0096,Richard Garcia,Home Office,Japan,Asia,Tokyo,Tokyo,Office Supplies,Art,Watercolor Set,263.81,20,52.76,81.18
ORD-2024-01124,2022-01-27,C0156,David Martinez,Consumer,Australia,Oceania,New South Wales,Sydney,Office Supplies,Paper,Sticky Notes,583.96,16,0.0,59.48
ORD-2023-01125,2024-08-04,C0073,Elizabeth Smith,Consumer,USA,North America,California,Los Angeles,Furniture,Tables,Dining Table,231.06,1,0.0,73.39
ORD-2022-01126,2023-07-13,C0197,Richard Wilson,Home Office,Australia,Oceania,New South Wales,Sydney,Technology,Laptops,HP Spectre x360,7647.92,10,0.0,2788.33
ORD-2023-01127,2023-05-24,C0101,Patricia Williams,Consumer,Germany,Europe,Bavaria,Munich,Technology,Phones,Nokia G20,8008.49,8,1601.7,1666.34
ORD-2024-01128,2024-07-19,C0121,Joseph Thomas,Consumer,UK,Europe,England,London,Office Supplies,Binders,Report Cover,198.8,20,9.94,61.4
ORD-2023-01129,2023-02-08,C0024,Patricia Gonzalez,Corporate,India,Asia,Maharashtra,Mumbai,Office Supplies,Binders,Report Cover,183.72,12,0.0,47.24
ORD-2024-01130,2022-02-19,C0149,Richard Garcia,Corporate,Australia,Oceania,New South Wales,Sydney,Technology,Accessories,Mechanical Keyboard,29373.88,20,0.0,3970.23
ORD-2023-01131,2022-04-24,C0117,Michael Thomas,Corporate,UK,Europe,England,London,Office Supplies,Art,Sketchbook,11.75,2,0.0,2.28
ORD-2023-01132,2022-10-08,C0180,Joseph Wilson,Home Office,USA,North America,New York,New York City,Technology,Phones,Samsung Galaxy S21,3469.19,4,0.0,366.33
ORD-2023-01133,2023-12-01,C0150,Elizabeth Gonzalez,Corporate,Australia,Oceania,Victoria,Melbourne,Technology,Laptops,Dell XPS 15,19465.66,18,3893.13,1800.86
ORD-2022-01134,2023-12-23,C0126,Linda Johnson,Consumer,USA,North America,New York,New York City,Office Supplies,Art,Markers,66.03,3,6.6,18.18
ORD-2023-01135,2024-04-20,C0074,Jessica Martinez,Corporate,Australia,Oceania,Victoria,Melbourne,Office Supplies,Binders,Report Cover,41.09,2,0.0,15.5
ORD-2022-01136,2023-11-09,C0128,Jennifer Wilson,Consumer,China,Asia,Beijing,Beijing,Furniture,Storage,Bookshelf,235.33,1,11.77,32.16
ORD-2022-01137,2023-06-11,C0160,David Williams,Consumer,China,Asia,Beijing,Beijing,Furniture,Tables,Dining Table,774.62,2,77.46,87.06
ORD-2024-01138,2022-01-16,C0066,Richard Williams,Consumer,China,Asia,Beijing,Beijing,Furniture,Storage,File Cabinet,5778.69,11,1155.74,638.53
ORD-2024-01139,2024-03-11,C0040,Linda Garcia,Home Office,USA,North America,Texas,Houston,Furniture,Storage,Wardrobe,3108.58,15,0.0,1121.11
ORD-2022-01140,2022-10-09,C0157,Linda Smith,Home Office,Australia,Oceania,New South Wales,Sydney,Furniture,Tables,Study Desk,4886.13,9,977.23,454.0
ORD-2023-01141,2023-05-20,C0193,Linda Williams,Consumer,UK,Europe,England,London,Office Supplies,Binders,Expansion Folder,351.75,10,0.0,58.35
ORD-2023-01142,2022-01-15,C0101,Patricia Williams,Corporate,Australia,Oceania,Victoria,Melbourne,Furniture,Storage,Wardrobe,968.83,10,96.88,103.12
ORD-2023-01143,2022-05-27,C0076,Jennifer Miller,Corporate,Australia,Oceania,New South Wales,Sydney,Technology,Laptops,Dell XPS 15,14209.08,10,0.0,4182.15
ORD-2023-01144,2022-06-30,C0136,Barbara Smith,Home Office,Australia,Oceania,Victoria,Melbourne,Technology,Laptops,Lenovo ThinkPad,9739.78,7,1947.96,2966.72
ORD-2023-01145,2022-02-19,C0025,Robert Brown,Home Office,Australia,Oceania,Victoria,Melbourne,Office Supplies,Art,Markers,73.42,10,14.68,20.83
ORD-2022-01146,2024-03-16,C0146,Mary Gonzalez,Consumer,Australia,Oceania,New South Wales,Sydney,Technology,Laptops,Lenovo ThinkPad,4567.73,12,0.0,855.27
ORD-2024-01147,2023-07-15,C0099,Susan Anderson,Consumer,China,Asia,Beijing,Beijing,Technology,Phones,iPhone 13,2656.22,11,0.0,504.26
ORD-2023-01148,2022-09-29,C0085,Elizabeth Smith,Corporate,Germany,Europe,Bavaria,Munich,Technology,Laptops,MacBook Pro 14,1293.9,1,258.78,381.47
ORD-2023-01149,2023-11-18,C0200,Elizabeth Martinez,Corporate,Germany,Europe,Bavaria,Munich,Furniture,Chairs,Ergonomic Executive Chair,1958.67,6,391.73,443.99
ORD-2024-01150,2024-01-10,C0069,Mary Jones,Corporate,Australia,Oceania,Victoria,Melbourne,Furniture,Chairs,Stool,11792.79,20,589.64,1144.81
ORD-2023-01151,2024-01-14,C0090,Patricia Davis,Home Office,USA,North America,Texas,Houston,Office Supplies,Paper,Sticky Notes,705.75,19,0.0,95.07
ORD-2023-01152,2023-09-14,C0033,Joseph Johnson,Corporate,UK,Europe,England,London,Office Supplies,Art,Markers,504.21,16,50.42,127.29
ORD-2023-01153,2022-05-15,C0087,Mary Wilson,Corporate,USA,North America,New York,New York City,Office Supplies,Art,Sketchbook,270.59,17,0.0,66.59
ORD-2024-01154,2023-07-06,C0108,John Miller,Corporate,UK,Europe,England,London,Office Supplies,Art,Watercolor Set,212.14,10,0.0,69.46
ORD-2022-01155,2024-07-10,C0103,Richard Miller,Consumer,Australia,Oceania,New South Wales,Sydney,Office Supplies,Paper,A4 Printer Paper,64.02,2,0.0,22.67
ORD-2022-01156,2024-02-05,C0087,Mary Wilson,Home Office,USA,North America,California,Los Angeles,Technology,Phones,Samsung Galaxy S21,1968.45,3,98.42,290.97
ORD-2024-01157,2023-07-27,C0092,Barbara Jones,Home Office,USA,North America,New York,New York City,Office Supplies,Paper,Cardstock,278.34,11,55.67,43.21
ORD-2023-01158,2023-05-04,C0192,Patricia Hernandez,Home Office,USA,North America,California,Los Angeles,Office Supplies,Binders,Expansion Folder,613.24,15,61.32,79.98
ORD-2024-01159,2024-05-24,C0156,David Martinez,Consumer,Australia,Oceania,New South Wales,Sydney,Furniture,Chairs,Ergonomic Executive Chair,830.94,2,41.55,119.05
ORD-2024-01160,2024-05-13,C0077,James Davis,Corporate,Australia,Oceania,Victoria,Melbourne,Furniture,Tables,Coffee Table,8171.88,20,1634.38,2338.3
ORD-2023-01161,2022-05-28,C0177,Joseph Miller,Corporate,Japan,Asia,Tokyo,Tokyo,Technology,Accessories,Mechanical Keyboard,10195.85,12,1019.59,3585.5
ORD-2024-01162,2023-06-06,C0080,David Rodriguez,Corporate,Australia,Oceania,New South Wales,Sydney,Furniture,Storage,File Cabinet,2772.53,11,277.25,759.12
ORD-2024-01163,2023-08-23,C0053,Jennifer Williams,Corporate,Japan,Asia,Tokyo,Tokyo,Furniture,Tables,Conference Table,482.78,1,0.0,94.11
ORD-2023-01164,2022-10-07,C0032,Linda Rodriguez,Consumer,Australia,Oceania,Victoria,Melbourne,Office Supplies,Paper,Sticky Notes,93.3,2,4.67,21.04
ORD-2022-01165,2022-11-11,C0007,David Williams,Corporate,Germany,Europe,Bavaria,Munich,Technology,Laptops,MacBook Pro 14,14455.79,17,1445.58,3260.27
ORD-2024-01166,2022-01-02,C0164,Robert Williams,Home Office,China,Asia,Beijing,Beijing,Furniture,Tables,Dining Table,233.28,4,0.0,82.47
ORD-2023-01167,2024-03-07,C0110,Jennifer Martinez,Home Office,Australia,Oceania,Victoria,Melbourne,Technology,Accessories,Wireless Mouse,26644.77,19,5328.95,6540.28
ORD-2024-01168,2022-09-11,C0070,Jessica Anderson,Consumer,Australia,Oceania,New South Wales,Sydney,Technology,Phones,Pixel 6,5849.39,12,0.0,971.35
ORD-2022-01169,2022-11-02,C0021,Elizabeth Thomas,Corporate,France,Europe,Ile-de-France,Paris,Office Supplies,Binders,3-Ring Binder,58.17,5,5.82,17.51
ORD-2023-01170,2022-02-22,C0110,Jennifer Martinez,Corporate,Australia,Oceania,New South Wales,Sydney,Technology,Phones,Samsung Galaxy S21,9227.38,8,461.37,902.72
ORD-2023-01171,2024-03-06,C0013,Richard Davis,Home Office,China,Asia,Beijing,Beijing,Office Supplies,Art,Watercolor Set,79.34,2,7.93,16.12
ORD-2024-01172,2024-09-27,C0062,Robert Johnson,Corporate,India,Asia,Maharashtra,Mumbai,Office Supplies,Binders,Expansion Folder,120.64,8,0.0,24.58
ORD-2024-01173,2022-09-16,C0141,Joseph Lopez,Consumer,Australia,Oceania,Victoria,Melbourne,Furniture,Tables,Study Desk,9460.86,19,1892.17,2458.81
ORD-2023-01174,2024-09-03,C0165,Robert Williams,Corporate,France,Europe,Ile-de-France,Paris,Technology,Phones,Pixel 6,5411.51,4,541.15,631.65
ORD-2023-01175,2024-09-26,C0114,Mary Lopez,Home Office,Australia,Oceania,New South Wales,Sydney,Furniture,Storage,Wardrobe,2146.07,4,0.0,435.34
ORD-2023-01176,2023-12-24,C0021,Elizabeth Thomas,Consumer,Australia,Oceania,Victoria,Melbourne,Office Supplies,Art,Watercolor Set,103.7,4,0.0,37.02
ORD-2022-01177,2023-01-13,C0164,Robert Williams,Corporate,Australia,Oceania,New South Wales,Sydney,Office Supplies,Paper,Cardstock,72.32,2,0.0,17.04
ORD-2022-01178,2024-08-07,C0192,Patricia Hernandez,Home Office,China,Asia,Beijing,Beijing,Furniture,Tables,Coffee Table,1091.74,14,218.35,232.83
ORD-2023-01179,2023-11-19,C0082,Jessica Martinez,Corporate,Australia,Oceania,Victoria,Melbourne,Technology,Phones,iPhone 13,12012.97,14,0.0,2326.93
ORD-2022-01180,2024-06-28,C0049,Mary Martinez,Corporate,Japan,Asia,Tokyo,Tokyo,Technology,Phones,Pixel 6,8788.25,11,439.41,2406.89
ORD-2024-01181,2022-05-07,C0028,William Thomas,Corporate,India,Asia,Maharashtra,Mumbai,Office Supplies,Binders,Report Cover,494.65,12,0.0,143.93
ORD-2023-01182,2022-05-17,C0038,John Brown,Home Office,USA,North America,Texas,Houston,Technology,Accessories,USB-C Hub,4099.66,6,409.97,419.07
ORD-2023-01183,2022-07-06,C0164,Robert Williams,Corporate,USA,North America,Texas,Houston,Office Supplies,Binders,Expansion Folder,176.95,9,0.0,25.08
ORD-2024-01184,2023-01-17,C0123,Susan Garcia,Consumer,Australia,Oceania,Victoria,Melbourne,Furniture,Storage,Bookshelf,2177.92,4,108.9,643.0
ORD-2023-01185,2022-02-13,C0065,Barbara Williams,Consumer,Germany,Europe,Bavaria,Munich,Office Supplies,Paper,Sticky Notes,80.99,4,8.1,24.45
ORD-2024-01186,2024-09-08,C0025,Robert Brown,Consumer,Australia,Oceania,Victoria,Melbourne,Technology,Laptops,Lenovo ThinkPad,6108.6,16,0.0,1673.77
ORD-2022-01187,2022-04-09,C0139,Joseph Garcia,Corporate,USA,North America,Texas,Houston,Technology,Laptops,Lenovo ThinkPad,2763.75,12,0.0,451.13
ORD-2024-01188,2023-09-26,C0144,Michael Jones,Home Office,Australia,Oceania,New South Wales,Sydney,Office Supplies,Art,Sketchbook,401.02,20,80.2,40.41
ORD-2023-01189,2024-07-27,C0031,Robert Garcia,Home Office,USA,North America,Texas,Houston,Technology,Phones,Samsung Galaxy S21,4199.33,7,209.97,588.36
ORD-2024-01190,2022-08-19,C0017,William Thomas,Consumer,USA,North America,New York,New York City,Office Supplies,Paper,Legal Pad,517.65,18,103.53,94.23
ORD-2024-01191,2022-03-05,C0152,Jessica Anderson,Home Office,Australia,Oceania,New South Wales,Sydney,Office Supplies,Paper,Legal Pad,90.2,8,0.0,30.53
ORD-2024-01192,2022-04-08,C0172,Richard Garcia,Corporate,USA,North America,Texas,Houston,Furniture,Storage,Wardrobe,416.81,1,0.0,128.71
ORD-2024-01193,2024-06-15,C0045,Jessica Smith,Corporate,Germany,Europe,Bavaria,Munich,Office Supplies,Paper,A4 Printer Paper,354.36,8,0.0,66.5
ORD-2023-01194,2024-05-26,C0032,Linda Rodriguez,Home Office,Australia,Oceania,Victoria,Melbourne,Technology,Phones,iPhone 13,9264.79,20,0.0,1616.91
ORD-2023-01195,2022-07-30,C0185,Richard Anderson,Consumer,China,Asia,Beijing,Beijing,Furniture,Chairs,Office Chair,631.98,2,63.2,115.97
ORD-2023-01196,2022-07-03,C0047,Mary Thomas,Corporate,Australia,Oceania,New South Wales,Sydney,Furniture,Chairs,Stool,5329.58,10,266.48,1295.53
ORD-2022-01197,2022-09-09,C0156,David Martinez,Home Office,Australia,Oceania,New South Wales,Sydney,Office Supplies,Art,Watercolor Set,141.65,3,0.0,27.95
ORD-2024-01198,2023-01-19,C0012,Patricia Johnson,Corporate,USA,North America,Texas,Houston,Technology,Laptops,Dell XPS 15,13107.6,11,1310.76,2547.34
ORD-2024-01199,2024-02-17,C0097,Jessica Garcia,Corporate,Australia,Oceania,New South Wales,Sydney,Technology,Phones,Pixel 6,1317.55,6,65.88,449.41
ORD-2024-01200,2023-04-20,C0194,Robert Wilson,Corporate,Australia,Oceania,Victoria,Melbourne,Office Supplies,Art,Markers,268.68,14,0.0,59.59
ORD-2022-01201,2023-09-17,C0008,Jennifer Anderson,Home Office,USA,North America,Texas,Houston,Furniture,Storage,Wardrobe,346.0,1,17.3,92.29
ORD-2022-01202,2024-04-14,C0123,Susan Garcia,Home Office,USA,North America,Texas,Houston,Technology,Laptops,MacBook Pro 14,1841.58,13,368.32,152.65
ORD-2023-01203,2022-05-09,C0177,Joseph Miller,Home Office,Australia,Oceania,New South Wales,Sydney,Furniture,Tables,Coffee Table,989.29,6,0.0,200.64
ORD-2024-01204,2023-12-10,C0181,William Thomas,Corporate,Japan,Asia,Tokyo,Tokyo,Furniture,Storage,File Cabinet,2521.32,12,504.26,266.87
ORD-2024-01205,2023-10-19,C0092,Barbara Jones,Home Office,Australia,Oceania,Victoria,Melbourne,Technology,Laptops,MacBook Pro 14,18203.76,14,0.0,2803.67
ORD-2022-01206,2022-09-13,C0179,Jennifer Thomas,Home Office,Australia,Oceania,Victoria,Melbourne,Technology,Laptops,Lenovo ThinkPad,23064.78,20,2306.48,2453.67
ORD-2024-01207,2024-04-23,C0039,Barbara Brown,Corporate,USA,North America,New York,New York City,Technology,Phones,Samsung Galaxy S21,9162.74,7,0.0,1333.43
ORD-2022-01208,2022-02-02,C0003,John Brown,Consumer,Germany,Europe,Bavaria,Munich,Furniture,Tables,Dining Table,4638.29,15,463.83,635.47
ORD-2024-01209,2023-11-04,C0140,David Miller,Home Office,Australia,Oceania,New South Wales,Sydney,Office Supplies,Paper,Cardstock,60.23,4,12.05,14.71
ORD-2024-01210,2023-05-28,C0036,Joseph Johnson,Consumer,China,Asia,Beijing,Beijing,Technology,Laptops,MacBook Pro 14,13139.52,16,0.0,1665.5
ORD-2023-01211,2023-11-14,C0183,Barbara Johnson,Corporate,Australia,Oceania,Victoria,Melbourne,Furniture,Chairs,Stool,6677.44,16,1335.49,585.27
ORD-2022-01212,2023-01-24,C0161,Michael Jones,Home Office,China,Asia,Beijing,Beijing,Technology,Phones,Pixel 6,14017.34,18,0.0,2817.8
ORD-2023-01213,2023-11-04,C0168,Patricia Hernandez,Consumer,Australia,Oceania,New South Wales,Sydney,Furniture,Storage,Bookshelf,422.4,3,0.0,132.49
ORD-2024-01214,2023-07-14,C0038,John Brown,Corporate,USA,North America,California,Los Angeles,Office Supplies,Binders,Report Cover,311.36,8,15.57,85.22
ORD-2023-01215,2022-10-23,C0113,Mary Johnson,Consumer,Australia,Oceania,New South Wales,Sydney,Furniture,Storage,Bookshelf,2791.33,19,279.13,390.62
ORD-2022-01216,2024-04-20,C0096,Richard Garcia,Consumer,UK,Europe,England,London,Technology,Phones,Pixel 6,5389.14,6,0.0,1978.6
ORD-2024-01217,2024-06-20,C0195,William Hernandez,Consumer,Australia,Oceania,Victoria,Melbourne,Furniture,Storage,Wardrobe,2145.18,9,429.04,228.68
ORD-2024-01218,2024-04-30,C0200,Elizabeth Martinez,Consumer,UK,Europe,England,London,Furniture,Storage,File Cabinet,3993.9,7,199.7,531.8
ORD-2024-01219,2024-01-10,C0135,Linda Johnson,Consumer,Germany,Europe,Bavaria,Munich,Technology,Accessories,Webcam,2064.76,6,0.0,276.64
ORD-2023-01220,2024-09-11,C0178,Patricia Thomas,Consumer,Australia,Oceania,New South Wales,Sydney,Technology,Accessories,Wireless Mouse,1164.71,1,116.47,141.16
ORD-2022-01221,2022-07-15,C0109,Jennifer Hernandez,Consumer,China,Asia,Beijing,Beijing,Technology,Phones,Nokia G20,4601.87,7,920.37,649.55
ORD-2024-01222,2024-09-27,C0133,Richard Miller,Consumer,Australia,Oceania,Victoria,Melbourne,Office Supplies,Paper,Cardstock,476.48,20,47.65,111.97
ORD-2024-01223,2024-06-26,C0102,James Martinez,Home Office,USA,North America,California,Los Angeles,Furniture,Chairs,Gaming Chair,7414.59,16,0.0,2756.74
ORD-2023-01224,2023-07-19,C0054,Patricia Johnson,Home Office,Germany,Europe,Bavaria,Munich,Furniture,Tables,Study Desk,4385.62,8,0.0,1699.19
ORD-2023-01225,2022-02-23,C0189,Robert Thomas,Home Office,Australia,Oceania,New South Wales,Sydney,Technology,Accessories,Mechanical Keyboard,10519.71,20,0.0,3954.73
ORD-2023-01226,2023-05-30,C0058,David Garcia,Corporate,USA,North America,New York,New York City,Furniture,Chairs,Ergonomic Executive Chair,3185.84,8,0.0,1130.36
ORD-2024-01227,2024-04-12,C0032,Linda Rodriguez,Corporate,Canada,North America,Ontario,Toronto,Furniture,Chairs,Gaming Chair,1317.75,5,131.78,314.12
ORD-2024-01228,2022-05-21,C0100,James Jones,Corporate,UK,Europe,England,London,Furniture,Tables,Study Desk,4243.58,10,212.18,721.2
ORD-2022-01229,2022-11-26,C0120,Jessica Martinez,Corporate,USA,North America,Texas,Houston,Furniture,Chairs,Gaming Chair,2420.65,8,121.03,753.25
ORD-2022-01230,2022-01-23,C0148,Linda Jones,Consumer,Australia,Oceania,New South Wales,Sydney,Office Supplies,Binders,Expansion Folder,913.89,19,91.39,123.42
ORD-2023-01231,2022-10-21,C0037,Barbara Gonzalez,Corporate,Australia,Oceania,New South Wales,Sydney,Office Supplies,Binders,3-Ring Binder,31.8,2,0.0,4.98
ORD-2022-01232,2024-09-04,C0154,Richard Garcia,Consumer,USA,North America,New York,New York City,Office Supplies,Binders,3-Ring Binder,47.74,3,2.39,9.38
ORD-2024-01233,2022-12-31,C0098,Susan Gonzalez,Corporate,Japan,Asia,Tokyo,Tokyo,Furniture,Chairs,Office Chair,5971.31,11,597.13,2027.07
ORD-2022-01234,2024-09-09,C0185,Richard Anderson,Home Office,Japan,Asia,Tokyo,Tokyo,Office Supplies,Binders,Report Cover,84.34,4,8.43,17.99
ORD-2023-01235,2024-05-11,C0093,Elizabeth Davis,Consumer,USA,North America,New York,New York City,Technology,Accessories,Wireless Mouse,2963.59,8,0.0,554.41
ORD-2023-01236,2022-11-19,C0190,Jessica Wilson,Corporate,France,Europe,Ile-de-France,Paris,Furniture,Tables,Conference Table,2498.49,16,0.0,298.13
ORD-2023-01237,2022-10-18,C0159,Susan Smith,Consumer,China,Asia,Beijing,Beijing,Office Supplies,Binders,Report Cover,403.75,9,0.0,133.19
ORD-2022-01238,2024-01-12,C0111,Mary Miller,Consumer,China,Asia,Beijing,Beijing,Office Supplies,Paper,A4 Printer Paper,68.28,8,0.0,9.52
ORD-2023-01239,2022-06-20,C0135,Linda Johnson,Home Office,USA,North America,California,Los Angeles,Furniture,Storage,File Cabinet,1345.71,4,67.29,133.1
ORD-2022-01240,2023-03-31,C0035,Jessica Johnson,Consumer,Japan,Asia,Tokyo,Tokyo,Furniture,Tables,Study Desk,338.22,2,0.0,50.8
ORD-2022-01241,2022-06-06,C0160,David Williams,Corporate,Australia,Oceania,New South Wales,Sydney,Furniture,Tables,Coffee Table,431.39,1,43.14,139.33
ORD-2024-01242,2022-08-22,C0069,Mary Jones,Consumer,China,Asia,Beijing,Beijing,Technology,Phones,Pixel 6,7973.66,7,0.0,1323.29
ORD-2023-01243,2022-10-04,C0039,Barbara Brown,Consumer,USA,North America,New York,New York City,Technology,Phones,Samsung Galaxy S21,13768.27,12,1376.83,4135.45
ORD-2022-01244,2023-05-10,C0017,William Thomas,Corporate,Japan,Asia,Tokyo,Tokyo,Office Supplies,Art,Sketchbook,10.46,1,0.0,3.32
ORD-2023-01245,2024-09-09,C0174,Mary Brown,Corporate,Australia,Oceania,New South Wales,Sydney,Furniture,Tables,Coffee Table,5098.77,19,509.88,1563.0
ORD-2023-01246,2022-02-10,C0092,Barbara Jones,Consumer,China,Asia,Beijing,Beijing,Office Supplies,Art,Markers,142.94,4,0.0,33.45
ORD-2022-01247,2023-10-13,C0094,Linda Garcia,Corporate,China,Asia,Beijing,Beijing,Furniture,Tables,Dining Table,1890.41,7,0.0,331.14
ORD-2024-01248,2023-06-02,C0061,Elizabeth Martinez,Corporate,France,Europe,Ile-de-France,Paris,Technology,Phones,Pixel 6,13071.63,14,0.0,2348.95
ORD-2024-01249,2023-10-24,C0176,Joseph Hernandez,Home Office,France,Europe,Ile-de-France,Paris,Office Supplies,Binders,Report Cover,209.23,7,10.46,31.78
ORD-2022-01250,2023-04-09,C0196,John Smith,Corporate,France,Europe,Ile-de-France,Paris,Office Supplies,Art,Sketchbook,561.13,14,112.23,166.34
ORD-2024-01251,2023-10-11,C0026,Barbara Jones,Corporate,Australia,Oceania,Victoria,Melbourne,Office Supplies,Art,Sketchbook,249.07,6,12.45,72.22
ORD-2023-01252,2024-07-21,C0123,Susan Garcia,Corporate,India,Asia,Maharashtra,Mumbai,Office Supplies,Paper,Legal Pad,205.77,14,20.58,29.54
ORD-2022-01253,2022-08-26,C0048,Jessica Thomas,Home Office,Germany,Europe,Bavaria,Munich,Furniture,Storage,Wardrobe,1133.35,7,56.67,352.91
ORD-2024-01254,2024-02-27,C0115,Mary Wilson,Home Office,Australia,Oceania,Victoria,Melbourne,Technology,Laptops,HP Spectre x360,11820.66,10,1182.07,2963.34
ORD-2023-01255,2022-10-27,C0034,David Wilson,Consumer,UK,Europe,England,London,Furniture,Storage,Wardrobe,7769.88,13,388.49,1862.37
ORD-2022-01256,2023-09-04,C0150,Elizabeth Gonzalez,Consumer,USA,North America,California,Los Angeles,Technology,Laptops,Lenovo ThinkPad,4594.57,16,229.73,616.41
ORD-2022-01257,2024-02-19,C0143,Joseph Gonzalez,Corporate,Australia,Oceania,Victoria,Melbourne,Office Supplies,Paper,Legal Pad,685.3,19,34.27,250.59
ORD-2022-01258,2024-01-08,C0044,Richard Miller,Consumer,China,Asia,Beijing,Beijing,Technology,Phones,iPhone 13,3978.93,19,795.79,1029.62
ORD-2023-01259,2024-07-03,C0172,Richard Garcia,Corporate,Canada,North America,Ontario,Toronto,Office Supplies,Binders,3-Ring Binder,250.53,16,25.05,37.0
ORD-2022-01260,2023-05-22,C0075,James Davis,Home Office,USA,North America,New York,New York City,Technology,Accessories,Webcam,2641.18,2,528.24,604.71
ORD-2024-01261,2022-05-18,C0024,Patricia Gonzalez,Home Office,UK,Europe,England,London,Office Supplies,Paper,Sticky Notes,44.39,1,0.0,10.38
ORD-2023-01262,2023-10-27,C0163,Joseph Hernandez,Consumer,Australia,Oceania,Victoria,Melbourne,Furniture,Storage,Bookshelf,4256.64,10,0.0,974.34
ORD-2024-01263,2024-06-28,C0031,Robert Garcia,Home Office,USA,North America,California,Los Angeles,Technology,Laptops,Lenovo ThinkPad,5697.54,13,569.75,1375.27
ORD-2023-01264,2023-06-05,C0089,Richard Williams,Corporate,Australia,Oceania,New South Wales,Sydney,Furniture,Tables,Coffee Table,195.51,2,0.0,60.32
ORD-2023-01265,2022-10-23,C0035,Jessica Johnson,Consumer,Australia,Oceania,New South Wales,Sydney,Office Supplies,Binders,Report Cover,160.4,9,8.02,19.43
ORD-2022-01266,2024-02-23,C0139,Joseph Garcia,Home Office,USA,North America,New York,New York City,Office Supplies,Paper,Sticky Notes,124.35,6,0.0,34.13
ORD-2024-01267,2023-01-07,C0187,Joseph Rodriguez,Consumer,India,Asia,Maharashtra,Mumbai,Technology,Laptops,Lenovo ThinkPad,9466.0,7,1893.2,1338.55
ORD-2024-01268,2022-01-02,C0011,Patricia Hernandez,Consumer,China,Asia,Beijing,Beijing,Furniture,Chairs,Gaming Chair,2165.49,6,216.55,633.75
ORD-2023-01269,2022-03-25,C0122,Patricia Garcia,Corporate,UK,Europe,England,London,Technology,Laptops,Lenovo ThinkPad,1276.27,1,255.25,140.78
ORD-2022-01270,2024-01-10,C0053,Jennifer Williams,Consumer,India,Asia,Maharashtra,Mumbai,Furniture,Tables,Conference Table,1804.93,5,180.49,181.72
ORD-2023-01271,2023-12-17,C0097,Jessica Garcia,Corporate,Australia,Oceania,New South Wales,Sydney,Office Supplies,Paper,Legal Pad,115.25,6,0.0,42.03
ORD-2024-01272,2023-12-13,C0150,Elizabeth Gonzalez,Consumer,Canada,North America,Ontario,Toronto,Technology,Laptops,HP Spectre x360,25247.67,19,5049.53,4564.9
ORD-2024-01273,2024-07-06,C0069,Mary Jones,Home Office,Japan,Asia,Tokyo,Tokyo,Furniture,Chairs,Ergonomic Executive Chair,10665.48,19,533.27,2877.81
ORD-2024-01274,2024-09-07,C0064,Linda Jones,Corporate,UK,Europe,England,London,Furniture,Tables,Conference Table,2165.54,4,0.0,795.21
ORD-2024-01275,2022-05-22,C0161,Michael Jones,Home Office,India,Asia,Maharashtra,Mumbai,Technology,Phones,Pixel 6,4993.81,7,998.76,813.35
ORD-2022-01276,2023-08-20,C0141,Joseph Lopez,Home Office,USA,North America,New York,New York City,Technology,Accessories,Wireless Mouse,5464.68,7,546.47,1351.54
ORD-2024-01277,2023-08-04,C0101,Patricia Williams,Home Office,USA,North America,California,Los Angeles,Office Supplies,Art,Sketchbook,464.3,15,0.0,50.21
ORD-2023-01278,2023-02-18,C0196,John Smith,Corporate,Australia,Oceania,New South Wales,Sydney,Technology,Accessories,Mechanical Keyboard,3827.41,3,0.0,1122.66
ORD-2022-01279,2022-06-25,C0135,Linda Johnson,Corporate,China,Asia,Beijing,Beijing,Technology,Phones,Pixel 6,20815.53,14,4163.11,2220.06
ORD-2023-01280,2023-12-01,C0060,Joseph Miller,Corporate,Australia,Oceania,Victoria,Melbourne,Technology,Laptops,MacBook Pro 14,3477.54,6,0.0,1064.01
ORD-2023-01281,2024-07-14,C0012,Patricia Johnson,Corporate,USA,North America,Texas,Houston,Office Supplies,Art,Watercolor Set,479.38,19,23.97,74.93
ORD-2022-01282,2023-12-03,C0010,William Brown,Home Office,Australia,Oceania,New South Wales,Sydney,Office Supplies,Binders,Expansion Folder,31.45,1,3.15,10.91
ORD-2024-01283,2023-01-31,C0140,David Miller,Corporate,France,Europe,Ile-de-France,Paris,Furniture,Chairs,Ergonomic Executive Chair,1565.74,15,78.29,226.49
ORD-2024-01284,2022-03-03,C0138,Mary Martinez,Consumer,Australia,Oceania,Victoria,Melbourne,Furniture,Storage,Bookshelf,758.44,6,151.69,129.88
ORD-2024-01285,2023-06-17,C0134,William Wilson,Home Office,Germany,Europe,Bavaria,Munich,Office Supplies,Art,Sketchbook,30.82,2,6.16,3.76
ORD-2024-01286,2023-05-05,C0119,John Jones,Corporate,China,Asia,Beijing,Beijing,Furniture,Storage,Wardrobe,244.75,2,12.24,65.93
ORD-2024-01287,2022-01-29,C0047,Mary Thomas,Consumer,USA,North America,California,Los Angeles,Technology,Phones,Nokia G20,8805.0,18,880.5,1528.11
ORD-2024-01288,2022-06-13,C0104,Mary Jones,Corporate,France,Europe,Ile-de-France,Paris,Technology,Laptops,Dell XPS 15,165.93,1,0.0,54.13
ORD-2024-01289,2022-12-17,C0171,Joseph Brown,Home Office,USA,North America,California,Los Angeles,Technology,Accessories,Webcam,7938.08,7,0.0,2744.14
ORD-2023-01290,2024-05-08,C0075,James Davis,Consumer,USA,North America,New York,New York City,Technology,Accessories,USB-C Hub,2520.41,15,0.0,946.29
ORD-2023-01291,2022-08-23,C0105,Barbara Hernandez,Consumer,Australia,Oceania,Victoria,Melbourne,Furniture,Storage,Wardrobe,1596.63,8,0.0,579.7
ORD-2023-01292,2023-02-14,C0063,Michael Anderson,Corporate,UK,Europe,England,London,Office Supplies,Art,Watercolor Set,169.25,9,0.0,65.55
ORD-2022-01293,2024-08-19,C0191,Jessica Brown,Home Office,India,Asia,Maharashtra,Mumbai,Furniture,Tables,Coffee Table,2551.52,16,0.0,490.09
ORD-2022-01294,2022-06-11,C0101,Patricia Williams,Consumer,Australia,Oceania,Victoria,Melbourne,Technology,Phones,Nokia G20,3027.67,9,302.77,845.89
ORD-2023-01295,2022-10-29,C0104,Mary Jones,Corporate,China,Asia,Beijing,Beijing,Office Supplies,Art,Sketchbook,152.99,14,7.65,51.89
ORD-2022-01296,2024-08-30,C0189,Robert Thomas,Consumer,China,Asia,Beijing,Beijing,Furniture,Chairs,Ergonomic Executive Chair,1119.44,9,111.94,301.82
ORD-2022-01297,2023-01-09,C0033,Joseph Johnson,Corporate,USA,North America,New York,New York City,Technology,Phones,Samsung Galaxy S21,1141.26,3,0.0,198.74
ORD-2024-01298,2023-03-09,C0181,William Thomas,Consumer,France,Europe,Ile-de-France,Paris,Office Supplies,Binders,Report Cover,196.57,8,19.66,46.6
ORD-2024-01299,2023-09-11,C0086,Jennifer Gonzalez,Home Office,UK,Europe,England,London,Office Supplies,Paper,Legal Pad,814.96,20,162.99,238.37
ORD-2023-01300,2024-01-26,C0100,James Jones,Home Office,USA,North America,New York,New York City,Office Supplies,Art,Watercolor Set,137.19,5,27.44,28.19
ORD-2023-01301,2023-08-03,C0106,John Rodriguez,Consumer,Australia,Oceania,Victoria,Melbourne,Technology,Phones,Nokia G20,15272.45,12,1527.25,4959.22
ORD-2024-01302,2023-08-29,C0012,Patricia Johnson,Corporate,Canada,North America,Ontario,Toronto,Office Supplies,Paper,Sticky Notes,248.81,11,24.88,48.01
ORD-2022-01303,2023-06-03,C0028,William Thomas,Home Office,Japan,Asia,Tokyo,Tokyo,Office Supplies,Art,Sketchbook,277.84,20,55.57,48.34
ORD-2022-01304,2024-02-08,C0005,James Martinez,Home Office,Canada,North America,Ontario,Toronto,Technology,Phones,Pixel 6,2499.27,17,249.93,846.67
ORD-2023-01305,2023-11-06,C0100,James Jones,Consumer,France,Europe,Ile-de-France,Paris,Office Supplies,Binders,Expansion Folder,531.79,14,26.59,88.8
ORD-2022-01306,2022-09-28,C0124,Robert Thomas,Consumer,Canada,North America,Ontario,Toronto,Office Supplies,Art,Sketchbook,406.07,18,40.61,123.83
ORD-2023-01307,2022-06-26,C0017,William Thomas,Corporate,Australia,Oceania,New South Wales,Sydney,Office Supplies,Art,Watercolor Set,743.19,15,37.16,119.71
ORD-2023-01308,2023-04-05,C0021,Elizabeth Thomas,Corporate,USA,North America,New York,New York City,Technology,Laptops,HP Spectre x360,928.77,1,92.88,204.27
ORD-2023-01309,2023-01-11,C0061,Elizabeth Martinez,Consumer,Australia,Oceania,New South Wales,Sydney,Office Supplies,Paper,Cardstock,102.15,7,0.0,29.99
ORD-2024-01310,2023-02-02,C0022,David Smith,Corporate,USA,North America,New York,New York City,Furniture,Storage,Wardrobe,2035.47,4,0.0,637.05
ORD-2024-01311,2024-08-08,C0020,Michael Williams,Corporate,Germany,Europe,Bavaria,Munich,Furniture,Tables,Study Desk,1050.28,15,105.03,268.74
ORD-2022-01312,2023-04-29,C0080,David Rodriguez,Consumer,USA,North America,California,Los Angeles,Technology,Phones,Samsung Galaxy S21,3688.23,3,737.65,546.16
ORD-2024-01313,2023-07-29,C0059,Jessica Thomas,Corporate,India,Asia,Maharashtra,Mumbai,Technology,Phones,iPhone 13,1960.32,2,0.0,416.44
ORD-2022-01314,2023-05-07,C0151,Robert Brown,Consumer,Japan,Asia,Tokyo,Tokyo,Office Supplies,Binders,Report Cover,95.1,5,9.51,11.17
ORD-2024-01315,2024-04-16,C0130,Mary Johnson,Home Office,USA,North America,California,Los Angeles,Office Supplies,Art,Sketchbook,112.17,19,11.22,27.55
ORD-2022-01316,2022-10-22,C0149,Richard Garcia,Home Office,Germany,Europe,Bavaria,Munich,Technology,Laptops,HP Spectre x360,20901.8,19,0.0,4216.28
ORD-2023-01317,2024-05-28,C0110,Jennifer Martinez,Consumer,USA,North America,New York,New York City,Office Supplies,Binders,Report Cover,185.01,17,0.0,25.69
ORD-2024-01318,2023-02-15,C0138,Mary Martinez,Consumer,France,Europe,Ile-de-France,Paris,Furniture,Chairs,Stool,3835.22,8,0.0,1228.8
ORD-2022-01319,2023-06-29,C0012,Patricia Johnson,Corporate,France,Europe,Ile-de-France,Paris,Furniture,Chairs,Office Chair,8126.07,18,0.0,1490.97
ORD-2022-01320,2022-11-30,C0012,Patricia Johnson,Consumer,France,Europe,Ile-de-France,Paris,Technology,Phones,Nokia G20,727.38,6,72.74,117.58
ORD-2022-01321,2022-02-08,C0171,Joseph Brown,Home Office,China,Asia,Beijing,Beijing,Furniture,Storage,File Cabinet,3921.38,9,392.14,1039.91
ORD-2024-01322,2022-06-07,C0005,James Martinez,Home Office,China,Asia,Beijing,Beijing,Technology,Phones,Pixel 6,4407.47,6,0.0,466.32
ORD-2024-01323,2022-06-27,C0144,Michael Jones,Home Office,India,Asia,Maharashtra,Mumbai,Technology,Accessories,Mechanical Keyboard,2689.07,3,0.0,799.72
ORD-2023-01324,2022-03-30,C0062,Robert Johnson,Corporate,USA,North America,California,Los Angeles,Technology,Accessories,USB-C Hub,10992.27,13,549.61,3536.54
ORD-2024-01325,2024-01-18,C0103,Richard Miller,Home Office,Japan,Asia,Tokyo,Tokyo,Office Supplies,Paper,A4 Printer Paper,353.4,17,0.0,97.68
ORD-2024-01326,2022-04-26,C0105,Barbara Hernandez,Home Office,China,Asia,Beijing,Beijing,Office Supplies,Art,Sketchbook,641.65,13,0.0,82.15
ORD-2022-01327,2022-03-22,C0165,Robert Williams,Consumer,India,Asia,Maharashtra,Mumbai,Furniture,Tables,Conference Table,4049.64,14,202.48,965.93
ORD-2022-01328,2022-05-09,C0066,Richard Williams,Corporate,China,Asia,Beijing,Beijing,Technology,Laptops,HP Spectre x360,5440.21,10,0.0,1041.07
ORD-2022-01329,2023-02-23,C0174,Mary Brown,Consumer,USA,North America,California,Los Angeles,Technology,Accessories,Webcam,6378.21,10,637.82,1136.91
ORD-2022-01330,2022-12-04,C0082,Jessica Martinez,Consumer,Australia,Oceania,Victoria,Melbourne,Technology,Laptops,Dell XPS 15,2627.21,7,0.0,845.19
ORD-2022-01331,2022-11-21,C0154,Richard Garcia,Consumer,Australia,Oceania,Victoria,Melbourne,Office Supplies,Art,Watercolor Set,118.52,3,11.85,37.23
ORD-2023-01332,2024-04-04,C0027,Barbara Miller,Corporate,France,Europe,Ile-de-France,Paris,Technology,Phones,Nokia G20,2095.87,10,0.0,646.2
ORD-2024-01333,2024-05-07,C0107,James Garcia,Consumer,Canada,North America,Ontario,Toronto,Furniture,Chairs,Ergonomic Executive Chair,10345.35,20,1034.54,1115.71
ORD-2022-01334,2022-08-23,C0132,John Smith,Home Office,France,Europe,Ile-de-France,Paris,Technology,Phones,Nokia G20,6813.49,8,340.67,2477.33
ORD-2023-01335,2023-10-24,C0094,Linda Garcia,Consumer,France,Europe,Ile-de-France,Paris,Technology,Accessories,Wireless Mouse,4149.85,12,414.99,540.23
ORD-2023-01336,2023-01-08,C0073,Elizabeth Smith,Consumer,India,Asia,Maharashtra,Mumbai,Furniture,Chairs,Stool,5856.12,15,0.0,1618.87
ORD-2023-01337,2022-10-21,C0083,James Jones,Consumer,China,Asia,Beijing,Beijing,Office Supplies,Art,Watercolor Set,9.49,1,0.95,1.65
ORD-2022-01338,2023-10-27,C0152,Jessica Anderson,Corporate,USA,North America,California,Los Angeles,Office Supplies,Art,Watercolor Set,708.55,16,35.43,204.79
ORD-2024-01339,2023-07-15,C0106,John Rodriguez,Corporate,Australia,Oceania,New South Wales,Sydney,Office Supplies,Paper,Cardstock,48.83,1,9.77,15.62
ORD-2022-01340,2024-08-23,C0036,Joseph Johnson,Home Office,India,Asia,Maharashtra,Mumbai,Furniture,Storage,Bookshelf,8192.91,18,1638.58,2559.39
ORD-2024-01341,2024-04-27,C0092,Barbara Jones,Corporate,UK,Europe,England,London,Office Supplies,Art,Sketchbook,661.33,14,33.07,98.06
ORD-2024-01342,2023-09-25,C0031,Robert Garcia,Consumer,Germany,Europe,Bavaria,Munich,Technology,Laptops,Lenovo ThinkPad,2386.62,3,0.0,556.75
ORD-2022-01343,2023-01-30,C0033,Joseph Johnson,Home Office,UK,Europe,England,London,Office Supplies,Art,Watercolor Set,817.81,17,0.0,103.25
ORD-2024-01344,2023-03-23,C0103,Richard Miller,Consumer,France,Europe,Ile-de-France,Paris,Office Supplies,Binders,Expansion Folder,66.65,6,6.67,9.67
ORD-2023-01345,2024-01-22,C0005,James Martinez,Corporate,Japan,Asia,Tokyo,Tokyo,Office Supplies,Binders,Report Cover,124.41,3,24.88,16.39
ORD-2022-01346,2023-03-05,C0072,Richard Jones,Consumer,Australia,Oceania,New South Wales,Sydney,Technology,Laptops,Dell XPS 15,15016.92,19,1501.69,4485.52
ORD-2023-01347,2022-06-05,C0044,Richard Miller,Consumer,Australia,Oceania,New South Wales,Sydney,Office Supplies,Binders,3-Ring Binder,644.19,15,0.0,110.37
ORD-2022-01348,2023-04-18,C0184,Susan Martinez,Consumer,Australia,Oceania,New South Wales,Sydney,Technology,Accessories,Wireless Mouse,5546.91,4,277.35,1335.51
ORD-2023-01349,2022-03-29,C0006,John Martinez,Home Office,India,Asia,Maharashtra,Mumbai,Technology,Phones,Pixel 6,14183.55,11,0.0,1815.37
ORD-2023-01350,2024-03-04,C0112,John Williams,Corporate,Canada,North America,Ontario,Toronto,Office Supplies,Binders,Expansion Folder,325.83,10,0.0,60.01
ORD-2024-01351,2024-01-24,C0014,Mary Martinez,Consumer,USA,North America,Texas,Houston,Furniture,Chairs,Ergonomic Executive Chair,1042.87,3,0.0,313.08
ORD-2022-01352,2022-09-21,C0103,Richard Miller,Consumer,UK,Europe,England,London,Office Supplies,Paper,Cardstock,121.03,3,0.0,25.27
ORD-2023-01353,2022-05-01,C0186,Robert Johnson,Corporate,USA,North America,California,Los Angeles,Furniture,Tables,Dining Table,234.2,1,23.42,51.35
ORD-2024-01354,2022-09-25,C0018,Barbara Rodriguez,Corporate,UK,Europe,England,London,Technology,Phones,iPhone 13,2097.79,4,0.0,582.42
ORD-2023-01355,2024-04-05,C0177,Joseph Miller,Consumer,India,Asia,Maharashtra,Mumbai,Office Supplies,Art,Sketchbook,79.84,8,7.98,19.01
ORD-2024-01356,2023-03-26,C0144,Michael Jones,Corporate,Australia,Oceania,Victoria,Melbourne,Office Supplies,Paper,Cardstock,103.29,18,10.33,34.05
ORD-2023-01357,2023-10-17,C0171,Joseph Brown,Consumer,Germany,Europe,Bavaria,Munich,Office Supplies,Paper,Legal Pad,755.35,20,0.0,245.22
ORD-2022-01358,2023-08-03,C0083,James Jones,Consumer,Canada,North America,Ontario,Toronto,Furniture,Tables,Coffee Table,2925.75,11,0.0,1075.2
ORD-2022-01359,2023-09-25,C0111,Mary Miller,Consumer,Germany,Europe,Bavaria,Munich,Furniture,Storage,Wardrobe,1314.17,4,65.71,314.6
ORD-2024-01360,2023-05-13,C0183,Barbara Johnson,Consumer,India,Asia,Maharashtra,Mumbai,Furniture,Tables,Conference Table,634.24,7,63.42,118.55
ORD-2022-01361,2023-11-15,C0006,John Martinez,Consumer,USA,North America,Texas,Houston,Furniture,Chairs,Stool,435.03,2,87.01,137.47
ORD-2024-01362,2022-11-11,C0027,Barbara Miller,Corporate,Canada,North America,Ontario,Toronto,Office Supplies,Paper,A4 Printer Paper,195.8,4,19.58,63.39
ORD-2024-01363,2023-12-26,C0100,James Jones,Corporate,UK,Europe,England,London,Office Supplies,Binders,Expansion Folder,91.53,7,0.0,27.79
ORD-2022-01364,2024-04-12,C0020,Michael Williams,Consumer,Australia,Oceania,Victoria,Melbourne,Technology,Phones,Nokia G20,9265.55,7,463.28,1695.11
ORD-2023-01365,2023-12-20,C0002,Susan Martinez,Corporate,France,Europe,Ile-de-France,Paris,Furniture,Tables,Coffee Table,2182.7,14,218.27,464.28
ORD-2023-01366,2023-12-16,C0087,Mary Wilson,Home Office,Germany,Europe,Bavaria,Munich,Furniture,Tables,Conference Table,3006.29,7,0.0,609.81
ORD-2022-01367,2022-02-22,C0076,Jennifer Miller,Corporate,Canada,North America,Ontario,Toronto,Furniture,Chairs,Stool,5901.79,10,0.0,1444.35
ORD-2024-01368,2024-01-24,C0008,Jennifer Anderson,Home Office,UK,Europe,England,London,Technology,Laptops,Dell XPS 15,578.58,3,0.0,108.63
ORD-2022-01369,2022-12-29,C0184,Susan Martinez,Home Office,Canada,North America,Ontario,Toronto,Furniture,Tables,Dining Table,5662.63,12,0.0,2184.63
ORD-2022-01370,2024-07-16,C0048,Jessica Thomas,Corporate,Germany,Europe,Bavaria,Munich,Technology,Laptops,Lenovo ThinkPad,6063.91,6,303.2,1093.05
ORD-2024-01371,2022-04-05,C0018,Barbara Rodriguez,Home Office,Australia,Oceania,New South Wales,Sydney,Furniture,Tables,Dining Table,492.79,2,49.28,147.42
ORD-2022-01372,2024-09-03,C0071,Michael Thomas,Consumer,India,Asia,Maharashtra,Mumbai,Office Supplies,Paper,Cardstock,163.54,13,32.71,44.73
ORD-2023-01373,2023-09-08,C0166,William Thomas,Home Office,China,Asia,Beijing,Beijing,Furniture,Storage,Bookshelf,1420.57,8,142.06,394.41
ORD-2022-01374,2022-06-29,C0179,Jennifer Thomas,Consumer,India,Asia,Maharashtra,Mumbai,Technology,Laptops,HP Spectre x360,6588.02,11,658.8,1293.3
ORD-2023-01375,2023-08-27,C0011,Patricia Hernandez,Home Office,Germany,Europe,Bavaria,Munich,Technology,Accessories,Mechanical Keyboard,2006.36,4,100.32,504.68
ORD-2022-01376,2022-12-15,C0020,Michael Williams,Corporate,India,Asia,Maharashtra,Mumbai,Technology,Phones,iPhone 13,8875.52,7,0.0,2103.6
ORD-2024-01377,2023-07-07,C0194,Robert Wilson,Corporate,India,Asia,Maharashtra,Mumbai,Furniture,Chairs,Stool,2152.23,11,430.45,559.14
ORD-2022-01378,2024-05-07,C0101,Patricia Williams,Corporate,Australia,Oceania,Victoria,Melbourne,Furniture,Chairs,Ergonomic Executive Chair,564.47,1,0.0,61.16
ORD-2022-01379,2022-03-06,C0189,Robert Thomas,Corporate,UK,Europe,England,London,Office Supplies,Art,Sketchbook,22.38,3,1.12,5.97
ORD-2024-01380,2022-04-03,C0187,Joseph Rodriguez,Consumer,USA,North America,California,Los Angeles,Office Supplies,Paper,A4 Printer Paper,235.07,9,23.51,52.52
ORD-2024-01381,2024-02-27,C0088,Elizabeth Brown,Home Office,USA,North America,California,Los Angeles,Technology,Phones,Nokia G20,20285.48,18,0.0,6399.43
ORD-2023-01382,2024-07-21,C0010,William Brown,Corporate,Germany,Europe,Bavaria,Munich,Office Supplies,Art,Watercolor Set,37.74,6,1.89,5.83
ORD-2023-01383,2023-12-02,C0073,Elizabeth Smith,Corporate,Germany,Europe,Bavaria,Munich,Technology,Phones,Pixel 6,2895.28,3,0.0,927.91
ORD-2022-01384,2023-11-27,C0150,Elizabeth Gonzalez,Home Office,China,Asia,Beijing,Beijing,Technology,Phones,Nokia G20,13023.06,10,0.0,2614.4
ORD-2023-01385,2022-09-20,C0186,Robert Johnson,Corporate,Germany,Europe,Bavaria,Munich,Technology,Phones,Samsung Galaxy S21,11208.25,12,0.0,2921.95
ORD-2024-01386,2023-05-12,C0057,Michael Gonzalez,Home Office,Canada,North America,Ontario,Toronto,Technology,Accessories,Wireless Mouse,6161.48,5,308.07,648.43
ORD-2023-01387,2023-11-10,C0027,Barbara Miller,Home Office,Canada,North America,Ontario,Toronto,Technology,Laptops,MacBook Pro 14,105.55,1,21.11,33.46
ORD-2022-01388,2024-04-13,C0072,Richard Jones,Home Office,Canada,North America,Ontario,Toronto,Technology,Phones,Pixel 6,4985.39,15,0.0,1528.52
ORD-2022-01389,2022-03-14,C0107,James Garcia,Corporate,UK,Europe,England,London,Furniture,Chairs,Ergonomic Executive Chair,9116.38,19,911.64,3063.92
ORD-2024-01390,2022-08-03,C0123,Susan Garcia,Consumer,Japan,Asia,Tokyo,Tokyo,Furniture,Tables,Coffee Table,483.42,3,0.0,114.62
ORD-2022-01391,2023-02-19,C0186,Robert Johnson,Consumer,UK,Europe,England,London,Office Supplies,Art,Watercolor Set,175.11,20,0.0,57.93
ORD-2022-01392,2022-03-24,C0131,John Brown,Home Office,Japan,Asia,Tokyo,Tokyo,Office Supplies,Art,Sketchbook,13.49,1,0.67,2.33
ORD-2024-01393,2023-05-24,C0107,James Garcia,Home Office,UK,Europe,England,London,Furniture,Chairs,Gaming Chair,6575.25,14,0.0,840.94
ORD-2024-01394,2024-09-27,C0166,William Thomas,Consumer,UK,Europe,England,London,Technology,Accessories,Mechanical Keyboard,4742.7,11,0.0,1401.38
ORD-2022-01395,2022-11-25,C0006,John Martinez,Consumer,USA,North America,Texas,Houston,Office Supplies,Art,Watercolor Set,104.28,19,5.21,35.92
ORD-2024-01396,2024-02-20,C0113,Mary Johnson,Corporate,India,Asia,Maharashtra,Mumbai,Office Supplies,Binders,Expansion Folder,44.85,6,8.97,8.78
ORD-2022-01397,2022-08-25,C0126,Linda Johnson,Consumer,Germany,Europe,Bavaria,Munich,Technology,Laptops,MacBook Pro 14,14477.5,19,723.88,4567.91
ORD-2024-01398,2022-12-18,C0144,Michael Jones,Home Office,India,Asia,Maharashtra,Mumbai,Office Supplies,Art,Markers,995.36,20,199.07,131.43
ORD-2024-01399,2022-10-20,C0162,James Rodriguez,Corporate,UK,Europe,England,London,Furniture,Chairs,Ergonomic Executive Chair,2070.79,11,103.54,634.72
ORD-2022-01400,2023-08-08,C0068,Elizabeth Lopez,Home Office,Japan,Asia,Tokyo,Tokyo,Office Supplies,Art,Watercolor Set,293.72,11,14.69,106.17
ORD-2024-01401,2023-11-13,C0084,Barbara Wilson,Corporate,Australia,Oceania,Victoria,Melbourne,Office Supplies,Binders,Report Cover,307.3,10,61.46,80.43
ORD-2022-01402,2024-01-27,C0101,Patricia Williams,Consumer,Japan,Asia,Tokyo,Tokyo,Furniture,Chairs,Stool,4375.97,14,0.0,1459.24
ORD-2022-01403,2023-02-25,C0153,John Thomas,Consumer,UK,Europe,England,London,Technology,Accessories,Mechanical Keyboard,4662.88,14,466.29,852.48
ORD-2023-01404,2023-11-21,C0100,James Jones,Corporate,Canada,North America,Ontario,Toronto,Technology,Laptops,Lenovo ThinkPad,2508.82,8,250.88,783.82
ORD-2023-01405,2022-08-26,C0009,John Martinez,Consumer,Australia,Oceania,New South Wales,Sydney,Furniture,Tables,Conference Table,4133.34,17,0.0,736.82
ORD-2022-01406,2023-06-06,C0115,Mary Wilson,Consumer,USA,North America,California,Los Angeles,Office Supplies,Paper,Sticky Notes,504.76,11,100.95,148.4
ORD-2023-01407,2022-10-14,C0010,William Brown,Home Office,Australia,Oceania,Victoria,Melbourne,Office Supplies,Binders,Report Cover,83.75,14,0.0,32.4
ORD-2022-01408,2022-09-03,C0091,Patricia Miller,Corporate,Australia,Oceania,Victoria,Melbourne,Technology,Laptops,MacBook Pro 14,29943.55,20,2994.36,6984.57
ORD-2023-01409,2024-04-12,C0045,Jessica Smith,Consumer,Germany,Europe,Bavaria,Munich,Office Supplies,Binders,3-Ring Binder,30.56,1,0.0,6.44
ORD-2024-01410,2024-07-30,C0147,John Hernandez,Home Office,China,Asia,Beijing,Beijing,Office Supplies,Paper,A4 Printer Paper,161.77,13,0.0,22.23
ORD-2024-01411,2024-06-18,C0136,Barbara Smith,Home Office,Australia,Oceania,Victoria,Melbourne,Office Supplies,Art,Sketchbook,203.67,6,0.0,80.22
ORD-2023-01412,2024-02-24,C0140,David Miller,Corporate,Canada,North America,Ontario,Toronto,Office Supplies,Art,Watercolor Set,469.58,13,46.96,52.56
ORD-2023-01413,2023-02-20,C0193,Linda Williams,Consumer,USA,North America,Texas,Houston,Technology,Phones,iPhone 13,11692.47,9,1169.25,3895.6
ORD-2023-01414,2022-10-09,C0037,Barbara Gonzalez,Corporate,Australia,Oceania,Victoria,Melbourne,Office Supplies,Binders,Report Cover,100.39,6,20.08,15.48
ORD-2024-01415,2023-07-24,C0089,Richard Williams,Home Office,China,Asia,Beijing,Beijing,Office Supplies,Paper,Legal Pad,67.51,2,13.5,7.48
ORD-2024-01416,2022-11-28,C0171,Joseph Brown,Home Office,Japan,Asia,Tokyo,Tokyo,Furniture,Tables,Dining Table,5055.67,10,505.57,464.61
ORD-2024-01417,2024-08-30,C0065,Barbara Williams,Home Office,India,Asia,Maharashtra,Mumbai,Technology,Laptops,Lenovo ThinkPad,24754.22,19,0.0,4287.29
ORD-2024-01418,2024-06-19,C0071,Michael Thomas,Consumer,Canada,North America,Ontario,Toronto,Furniture,Storage,File Cabinet,10355.64,18,0.0,2309.4
ORD-2022-01419,2022-10-26,C0052,David Miller,Corporate,USA,North America,Texas,Houston,Office Supplies,Art,Sketchbook,749.37,19,149.87,160.78
ORD-2023-01420,2022-01-21,C0132,John Smith,Corporate,China,Asia,Beijing,Beijing,Office Supplies,Paper,Cardstock,335.44,9,33.54,32.82
ORD-2023-01421,2022-08-16,C0134,William Wilson,Consumer,China,Asia,Beijing,Beijing,Furniture,Tables,Coffee Table,1863.74,4,372.75,173.62
ORD-2024-01422,2023-12-01,C0104,Mary Jones,Home Office,France,Europe,Ile-de-France,Paris,Furniture,Storage,File Cabinet,6549.95,11,0.0,821.8
ORD-2023-01423,2022-01-05,C0177,Joseph Miller,Corporate,USA,North America,California,Los Angeles,Office Supplies,Paper,Sticky Notes,584.1,18,58.41,58.02
ORD-2024-01424,2023-07-07,C0061,Elizabeth Martinez,Home Office,Germany,Europe,Bavaria,Munich,Technology,Laptops,Dell XPS 15,9838.48,11,0.0,2305.26
ORD-2022-01425,2024-09-12,C0104,Mary Jones,Home Office,Australia,Oceania,Victoria,Melbourne,Office Supplies,Art,Markers,25.97,4,5.19,2.35
ORD-2024-01426,2023-04-19,C0195,William Hernandez,Consumer,Australia,Oceania,New South Wales,Sydney,Technology,Accessories,Wireless Mouse,22020.68,16,0.0,7549.84
ORD-2022-01427,2023-06-30,C0110,Jennifer Martinez,Corporate,USA,North America,California,Los Angeles,Furniture,Tables,Coffee Table,9069.87,20,453.49,2157.61
ORD-2023-01428,2023-09-25,C0082,Jessica Martinez,Home Office,Germany,Europe,Bavaria,Munich,Technology,Laptops,HP Spectre x360,12126.81,16,1212.68,1195.55
ORD-2022-01429,2022-11-28,C0173,John Thomas,Home Office,Australia,Oceania,New South Wales,Sydney,Office Supplies,Binders,3-Ring Binder,269.28,9,53.86,24.17
ORD-2023-01430,2024-01-07,C0115,Mary Wilson,Corporate,Australia,Oceania,Victoria,Melbourne,Office Supplies,Paper,A4 Printer Paper,576.36,19,0.0,125.27
ORD-2024-01431,2022-02-20,C0025,Robert Brown,Home Office,Japan,Asia,Tokyo,Tokyo,Office Supplies,Art,Watercolor Set,14.35,1,0.0,2.4
ORD-2023-01432,2022-05-18,C0188,Patricia Wilson,Consumer,UK,Europe,England,London,Furniture,Chairs,Stool,2463.19,8,123.16,506.73
ORD-2022-01433,2023-10-21,C0070,Jessica Anderson,Home Office,Japan,Asia,Tokyo,Tokyo,Furniture,Storage,File Cabinet,490.96,2,0.0,136.09
ORD-2023-01434,2023-10-23,C0102,James Martinez,Consumer,Australia,Oceania,Victoria,Melbourne,Office Supplies,Paper,A4 Printer Paper,86.77,9,17.35,17.3
ORD-2024-01435,2023-01-03,C0007,David Williams,Consumer,Japan,Asia,Tokyo,Tokyo,Furniture,Storage,Wardrobe,5937.96,11,1187.59,1334.67
ORD-2024-01436,2022-12-01,C0161,Michael Jones,Consumer,Australia,Oceania,Victoria,Melbourne,Technology,Accessories,Webcam,6346.41,5,0.0,2043.1
ORD-2023-01437,2023-12-09,C0089,Richard Williams,Corporate,Australia,Oceania,Victoria,Melbourne,Office Supplies,Binders,3-Ring Binder,455.43,10,91.09,85.83
ORD-2023-01438,2024-03-02,C0023,Jennifer Gonzalez,Corporate,China,Asia,Beijing,Beijing,Technology,Phones,Nokia G20,1780.99,15,89.05,246.6
ORD-2024-01439,2023-01-27,C0095,Patricia Williams,Corporate,Australia,Oceania,Victoria,Melbourne,Furniture,Tables,Dining Table,5774.07,15,288.7,1352.98
ORD-2024-01440,2022-09-12,C0173,John Thomas,Home Office,Canada,North America,Ontario,Toronto,Furniture,Chairs,Gaming Chair,3762.53,19,0.0,1218.6
ORD-2023-01441,2022-10-13,C0146,Mary Gonzalez,Home Office,Canada,North America,Ontario,Toronto,Office Supplies,Binders,Expansion Folder,304.47,9,30.45,69.42
ORD-2024-01442,2022-08-26,C0148,Linda Jones,Consumer,Australia,Oceania,New South Wales,Sydney,Office Supplies,Binders,Report Cover,611.28,14,30.56,139.61
ORD-2022-01443,2024-07-12,C0095,Patricia Williams,Consumer,USA,North America,California,Los Angeles,Office Supplies,Art,Watercolor Set,20.39,1,0.0,5.38
ORD-2022-01444,2022-05-29,C0056,Mary Brown,Home Office,Japan,Asia,Tokyo,Tokyo,Office Supplies,Paper,Legal Pad,617.07,15,61.71,195.61
ORD-2023-01445,2023-12-15,C0033,Joseph Johnson,Home Office,USA,North America,New York,New York City,Technology,Phones,Nokia G20,8386.04,13,0.0,1104.05
ORD-2022-01446,2022-09-27,C0055,John Jones,Corporate,India,Asia,Maharashtra,Mumbai,Furniture,Tables,Conference Table,6987.85,14,0.0,1842.41
ORD-2024-01447,2022-11-10,C0003,John Brown,Home Office,Japan,Asia,Tokyo,Tokyo,Office Supplies,Art,Markers,161.75,20,32.35,42.83
ORD-2022-01448,2022-08-12,C0119,John Jones,Home Office,USA,North America,California,Los Angeles,Technology,Phones,iPhone 13,10511.72,18,525.59,1052.3
ORD-2022-01449,2023-10-05,C0167,William Anderson,Consumer,Canada,North America,Ontario,Toronto,Furniture,Storage,File Cabinet,2178.2,11,0.0,722.26
ORD-2024-01450,2022-10-29,C0060,Joseph Miller,Corporate,Australia,Oceania,Victoria,Melbourne,Furniture,Chairs,Stool,1885.93,8,0.0,559.83
ORD-2024-01451,2022-05-24,C0107,James Garcia,Consumer,UK,Europe,England,London,Office Supplies,Binders,3-Ring Binder,76.42,7,15.28,12.18
ORD-2024-01452,2022-05-11,C0046,Barbara Davis,Consumer,Canada,North America,Ontario,Toronto,Technology,Phones,Pixel 6,798.98,1,159.8,216.31
ORD-2023-01453,2023-11-09,C0146,Mary Gonzalez,Home Office,Australia,Oceania,New South Wales,Sydney,Technology,Accessories,Wireless Mouse,4948.7,13,494.87,518.48
ORD-2022-01454,2024-08-13,C0167,William Anderson,Home Office,India,Asia,Maharashtra,Mumbai,Technology,Phones,Pixel 6,3862.15,9,386.22,487.68
ORD-2022-01455,2024-05-29,C0200,Elizabeth Martinez,Consumer,Germany,Europe,Bavaria,Munich,Technology,Phones,Pixel 6,5248.47,5,524.85,1060.31
ORD-2022-01456,2023-07-20,C0091,Patricia Miller,Consumer,Australia,Oceania,Victoria,Melbourne,Office Supplies,Art,Markers,171.14,20,17.11,53.34
ORD-2024-01457,2023-03-12,C0072,Richard Jones,Home Office,Germany,Europe,Bavaria,Munich,Office Supplies,Binders,3-Ring Binder,157.41,10,31.48,49.35
ORD-2024-01458,2022-03-03,C0039,Barbara Brown,Corporate,Japan,Asia,Tokyo,Tokyo,Technology,Phones,Nokia G20,3774.26,3,188.71,817.44
ORD-2022-01459,2024-01-12,C0083,James Jones,Home Office,UK,Europe,England,London,Office Supplies,Binders,Expansion Folder,416.45,10,0.0,134.01
ORD-2024-01460,2023-02-24,C0103,Richard Miller,Consumer,USA,North America,California,Los Angeles,Technology,Laptops,HP Spectre x360,1017.52,3,203.5,115.77
ORD-2024-01461,2022-01-20,C0159,Susan Smith,Home Office,Germany,Europe,Bavaria,Munich,Furniture,Tables,Conference Table,326.75,6,0.0,79.87
ORD-2024-01462,2024-07-11,C0153,John Thomas,Home Office,France,Europe,Ile-de-France,Paris,Office Supplies,Art,Watercolor Set,132.44,11,6.62,15.9
ORD-2022-01463,2024-05-03,C0135,Linda Johnson,Home Office,USA,North America,California,Los Angeles,Technology,Phones,Samsung Galaxy S21,721.95,4,36.1,255.84
ORD-2024-01464,2022-10-17,C0077,James Davis,Consumer,USA,North America,New York,New York City,Technology,Phones,iPhone 13,1651.73,8,0.0,436.11
ORD-2024-01465,2024-08-25,C0193,Linda Williams,Home Office,Japan,Asia,Tokyo,Tokyo,Furniture,Tables,Coffee Table,7845.11,16,0.0,980.05
ORD-2022-01466,2022-05-04,C0074,Jessica Martinez,Home Office,USA,North America,California,Los Angeles,Office Supplies,Paper,Cardstock,73.99,5,3.7,13.52
ORD-2022-01467,2024-01-16,C0167,William Anderson,Home Office,USA,North America,California,Los Angeles,Office Supplies,Binders,Expansion Folder,30.18,2,0.0,4.82
ORD-2024-01468,2022-07-05,C0072,Richard Jones,Consumer,Australia,Oceania,New South Wales,Sydney,Technology,Phones,Nokia G20,2018.7,4,0.0,661.31
ORD-2024-01469,2024-05-13,C0130,Mary Johnson,Home Office,USA,North America,California,Los Angeles,Furniture,Chairs,Ergonomic Executive Chair,1049.81,10,209.96,135.89
ORD-2022-01470,2022-04-09,C0170,Mary Smith,Corporate,Canada,North America,Ontario,Toronto,Office Supplies,Binders,Report Cover,347.56,8,69.51,63.04
ORD-2024-01471,2023-05-24,C0072,Richard Jones,Consumer,India,Asia,Maharashtra,Mumbai,Furniture,Tables,Coffee Table,8630.73,18,0.0,1039.82
ORD-2024-01472,2022-01-19,C0197,Richard Wilson,Corporate,India,Asia,Maharashtra,Mumbai,Furniture,Tables,Coffee Table,4628.71,15,0.0,1336.88
ORD-2022-01473,2023-08-13,C0018,Barbara Rodriguez,Corporate,UK,Europe,England,London,Technology,Laptops,HP Spectre x360,6668.14,11,1333.63,846.32
ORD-2022-01474,2023-01-23,C0015,David Williams,Home Office,Australia,Oceania,Victoria,Melbourne,Office Supplies,Binders,3-Ring Binder,350.97,16,0.0,66.2
ORD-2024-01475,2022-08-19,C0137,Susan Johnson,Home Office,Australia,Oceania,New South Wales,Sydney,Office Supplies,Paper,Sticky Notes,207.56,11,0.0,63.49
ORD-2024-01476,2023-08-11,C0192,Patricia Hernandez,Home Office,Canada,North America,Ontario,Toronto,Office Supplies,Paper,Legal Pad,188.58,17,9.43,69.32
ORD-2022-01477,2022-11-06,C0099,Susan Anderson,Corporate,UK,Europe,England,London,Office Supplies,Paper,Cardstock,318.99,12,63.8,62.02
ORD-2022-01478,2022-10-23,C0170,Mary Smith,Corporate,Germany,Europe,Bavaria,Munich,Office Supplies,Binders,3-Ring Binder,214.97,9,10.75,74.03
ORD-2022-01479,2022-01-21,C0037,Barbara Gonzalez,Home Office,Germany,Europe,Bavaria,Munich,Office Supplies,Binders,Expansion Folder,23.27,1,1.16,7.25
ORD-2024-01480,2024-07-04,C0125,Jennifer Davis,Corporate,UK,Europe,England,London,Office Supplies,Art,Markers,385.99,8,19.3,83.23
ORD-2024-01481,2022-09-18,C0041,Patricia Wilson,Home Office,Australia,Oceania,New South Wales,Sydney,Office Supplies,Binders,Expansion Folder,701.77,19,0.0,179.1
ORD-2024-01482,2023-02-06,C0063,Michael Anderson,Corporate,France,Europe,Ile-de-France,Paris,Furniture,Tables,Study Desk,2374.28,11,474.86,398.19
ORD-2024-01483,2022-03-24,C0122,Patricia Garcia,Consumer,UK,Europe,England,London,Office Supplies,Paper,Legal Pad,493.67,11,98.73,51.48
ORD-2024-01484,2023-12-15,C0170,Mary Smith,Consumer,Australia,Oceania,Victoria,Melbourne,Office Supplies,Paper,Legal Pad,175.02,4,35.0,48.58
ORD-2024-01485,2023-06-04,C0060,Joseph Miller,Corporate,Australia,Oceania,New South Wales,Sydney,Technology,Accessories,Webcam,657.81,6,32.89,147.98
ORD-2024-01486,2022-05-20,C0105,Barbara Hernandez,Home Office,Australia,Oceania,New South Wales,Sydney,Office Supplies,Binders,Expansion Folder,127.83,11,25.57,10.8
ORD-2022-01487,2022-01-24,C0185,Richard Anderson,Corporate,Australia,Oceania,New South Wales,Sydney,Technology,Phones,iPhone 13,7654.62,17,0.0,2798.61
ORD-2024-01488,2023-10-09,C0148,Linda Jones,Consumer,Germany,Europe,Bavaria,Munich,Technology,Laptops,MacBook Pro 14,6397.29,11,639.73,2148.32
ORD-2022-01489,2024-03-23,C0093,Elizabeth Davis,Corporate,France,Europe,Ile-de-France,Paris,Technology,Laptops,MacBook Pro 14,29746.46,20,5949.29,5891.32
ORD-2022-01490,2022-02-13,C0173,John Thomas,Corporate,Australia,Oceania,Victoria,Melbourne,Technology,Laptops,MacBook Pro 14,6191.68,8,309.58,1710.24
ORD-2023-01491,2022-01-31,C0051,Jennifer Johnson,Corporate,Australia,Oceania,Victoria,Melbourne,Technology,Accessories,Wireless Mouse,20741.87,14,4148.37,5396.24
ORD-2022-01492,2023-05-11,C0038,John Brown,Consumer,USA,North America,California,Los Angeles,Furniture,Tables,Dining Table,1835.43,4,367.09,209.39
ORD-2022-01493,2024-06-05,C0138,Mary Martinez,Corporate,USA,North America,Texas,Houston,Technology,Accessories,Mechanical Keyboard,5446.61,9,272.33,890.51
ORD-2024-01494,2024-07-05,C0015,David Williams,Consumer,UK,Europe,England,London,Office Supplies,Art,Sketchbook,78.89,4,0.0,26.75
ORD-2022-01495,2023-08-01,C0112,John Williams,Corporate,Australia,Oceania,New South Wales,Sydney,Office Supplies,Art,Markers,618.43,14,0.0,244.49
ORD-2022-01496,2023-07-05,C0143,Joseph Gonzalez,Corporate,France,Europe,Ile-de-France,Paris,Office Supplies,Art,Sketchbook,208.54,6,10.43,30.74
ORD-2023-01497,2023-10-17,C0161,Michael Jones,Consumer,USA,North America,California,Los Angeles,Technology,Accessories,USB-C Hub,8741.42,6,1748.28,1722.63
ORD-2023-01498,2022-10-05,C0067,Susan Thomas,Consumer,Australia,Oceania,Victoria,Melbourne,Office Supplies,Binders,Report Cover,23.52,4,4.7,5.06
ORD-2024-01499,2023-11-02,C0156,David Martinez,Consumer,Australia,Oceania,New South Wales,Sydney,Office Supplies,Art,Markers,229.74,14,11.49,23.53
ORD-2024-01500,2023-05-09,C0171,Joseph Brown,Consumer,UK,Europe,England,London,Furniture,Storage,File Cabinet,7081.81,13,1416.36,1439.08
ORD-2022-01501,2023-10-29,C0061,Elizabeth Martinez,Consumer,Australia,Oceania,New South Wales,Sydney,Technology,Accessories,Mechanical Keyboard,23732.66,19,2373.27,7902.84
ORD-2023-01502,2023-01-07,C0126,Linda Johnson,Consumer,Germany,Europe,Bavaria,Munich,Office Supplies,Paper,A4 Printer Paper,399.0,11,19.95,74.55
ORD-2023-01503,2022-05-17,C0182,Mary Wilson,Consumer,USA,North America,Texas,Houston,Office Supplies,Binders,3-Ring Binder,268.27,8,26.83,44.77
ORD-2023-01504,2023-04-17,C0179,Jennifer Thomas,Home Office,Canada,North America,Ontario,Toronto,Office Supplies,Paper,Legal Pad,775.19,19,155.04,134.62
ORD-2024-01505,2024-06-28,C0033,Joseph Johnson,Consumer,Japan,Asia,Tokyo,Tokyo,Technology,Phones,Pixel 6,1041.01,1,104.1,131.44
ORD-2023-01506,2022-09-07,C0075,James Davis,Corporate,Canada,North America,Ontario,Toronto,Office Supplies,Binders,Report Cover,930.54,19,0.0,105.06
ORD-2023-01507,2022-12-12,C0185,Richard Anderson,Consumer,Australia,Oceania,Victoria,Melbourne,Technology,Accessories,USB-C Hub,9261.35,16,926.14,1966.6
ORD-2023-01508,2023-07-05,C0063,Michael Anderson,Corporate,UK,Europe,England,London,Technology,Accessories,Wireless Mouse,957.88,1,47.89,182.04
ORD-2024-01509,2022-10-01,C0106,John Rodriguez,Home Office,China,Asia,Beijing,Beijing,Furniture,Tables,Dining Table,208.44,4,20.84,47.39
ORD-2022-01510,2022-04-07,C0181,William Thomas,Home Office,Germany,Europe,Bavaria,Munich,Technology,Phones,Pixel 6,1271.84,1,63.59,188.2
ORD-2023-01511,2023-05-26,C0149,Richard Garcia,Corporate,Japan,Asia,Tokyo,Tokyo,Technology,Accessories,USB-C Hub,7292.92,18,364.65,1605.97
ORD-2022-01512,2022-12-19,C0130,Mary Johnson,Home Office,Australia,Oceania,New South Wales,Sydney,Furniture,Chairs,Ergonomic Executive Chair,8218.3,15,410.91,2381.65
ORD-2023-01513,2024-02-19,C0192,Patricia Hernandez,Consumer,India,Asia,Maharashtra,Mumbai,Office Supplies,Art,Sketchbook,563.61,20,0.0,186.12
ORD-2022-01514,2023-11-01,C0190,Jessica Wilson,Home Office,China,Asia,Beijing,Beijing,Technology,Phones,Pixel 6,1751.53,10,350.31,370.27
ORD-2022-01515,2023-06-23,C0189,Robert Thomas,Corporate,France,Europe,Ile-de-France,Paris,Technology,Phones,Pixel 6,5616.03,5,280.8,2005.83
ORD-2023-01516,2024-01-15,C0085,Elizabeth Smith,Corporate,USA,North America,New York,New York City,Technology,Phones,Samsung Galaxy S21,2501.89,7,500.38,375.56
ORD-2022-01517,2023-05-27,C0077,James Davis,Consumer,France,Europe,Ile-de-France,Paris,Office Supplies,Binders,Report Cover,75.98,8,7.6,8.8
ORD-2024-01518,2022-07-12,C0063,Michael Anderson,Consumer,China,Asia,Beijing,Beijing,Furniture,Chairs,Office Chair,2136.35,4,0.0,581.81
ORD-2023-01519,2023-05-06,C0049,Mary Martinez,Corporate,India,Asia,Maharashtra,Mumbai,Technology,Laptops,MacBook Pro 14,17160.2,16,0.0,3721.6
ORD-2024-01520,2022-06-26,C0055,John Jones,Corporate,Australia,Oceania,Victoria,Melbourne,Office Supplies,Art,Markers,202.78,15,40.56,23.47
ORD-2023-01521,2023-05-17,C0040,Linda Garcia,Consumer,Australia,Oceania,Victoria,Melbourne,Furniture,Storage,Wardrobe,2308.31,19,0.0,627.71
ORD-2024-01522,2023-04-12,C0054,Patricia Johnson,Home Office,Japan,Asia,Tokyo,Tokyo,Office Supplies,Paper,Legal Pad,197.25,5,0.0,76.18
ORD-2022-01523,2022-03-03,C0146,Mary Gonzalez,Consumer,Canada,North America,Ontario,Toronto,Technology,Accessories,Webcam,8270.21,9,1654.04,1042.88
ORD-2024-01524,2023-10-29,C0066,Richard Williams,Consumer,Germany,Europe,Bavaria,Munich,Office Supplies,Art,Sketchbook,312.66,8,62.53,79.34
ORD-2022-01525,2023-05-13,C0071,Michael Thomas,Home Office,Australia,Oceania,New South Wales,Sydney,Office Supplies,Art,Watercolor Set,481.27,10,0.0,65.91
ORD-2022-01526,2022-06-14,C0130,Mary Johnson,Home Office,Canada,North America,Ontario,Toronto,Furniture,Tables,Study Desk,10711.14,20,1071.11,3216.59
ORD-2022-01527,2023-09-17,C0060,Joseph Miller,Corporate,USA,North America,Texas,Houston,Furniture,Tables,Conference Table,4133.63,15,206.68,1149.64
ORD-2023-01528,2023-03-20,C0150,Elizabeth Gonzalez,Consumer,Japan,Asia,Tokyo,Tokyo,Technology,Accessories,Webcam,3825.72,20,765.14,513.83
ORD-2022-01529,2022-08-31,C0147,John Hernandez,Corporate,USA,North America,Texas,Houston,Office Supplies,Art,Watercolor Set,121.86,14,0.0,15.21
ORD-2022-01530,2022-02-14,C0004,Jessica Davis,Home Office,China,Asia,Beijing,Beijing,Technology,Phones,Samsung Galaxy S21,25780.47,20,0.0,5459.2
ORD-2024-01531,2024-07-10,C0092,Barbara Jones,Consumer,USA,North America,California,Los Angeles,Technology,Phones,Nokia G20,1061.29,2,0.0,224.26
ORD-2022-01532,2022-11-08,C0116,Joseph Rodriguez,Corporate,Germany,Europe,Bavaria,Munich,Furniture,Storage,File Cabinet,2977.76,15,297.78,508.77
ORD-2022-01533,2024-09-26,C0009,John Martinez,Corporate,France,Europe,Ile-de-France,Paris,Office Supplies,Art,Sketchbook,518.46,12,0.0,194.08
ORD-2024-01534,2022-08-14,C0151,Robert Brown,Corporate,USA,North America,New York,New York City,Office Supplies,Binders,3-Ring Binder,895.8,18,89.58,178.48
ORD-2022-01535,2022-12-07,C0078,Mary Wilson,Home Office,USA,North America,California,Los Angeles,Technology,Laptops,HP Spectre x360,3245.81,3,324.58,1045.3
ORD-2022-01536,2024-08-01,C0078,Mary Wilson,Home Office,Australia,Oceania,New South Wales,Sydney,Furniture,Tables,Conference Table,6431.06,19,0.0,1033.74
ORD-2022-01537,2023-05-27,C0010,William Brown,Consumer,France,Europe,Ile-de-France,Paris,Furniture,Chairs,Stool,82.5,1,0.0,24.92
ORD-2023-01538,2022-08-30,C0015,David Williams,Consumer,USA,North America,Texas,Houston,Technology,Accessories,Wireless Mouse,14971.37,14,2994.27,1985.33
ORD-2023-01539,2024-03-26,C0141,Joseph Lopez,Corporate,Canada,North America,Ontario,Toronto,Technology,Laptops,MacBook Pro 14,8603.38,10,0.0,3270.18
ORD-2024-01540,2022-10-07,C0176,Joseph Hernandez,Consumer,China,Asia,Beijing,Beijing,Office Supplies,Paper,A4 Printer Paper,653.89,19,130.78,95.45
ORD-2022-01541,2022-06-21,C0035,Jessica Johnson,Consumer,Canada,North America,Ontario,Toronto,Furniture,Chairs,Office Chair,2549.44,9,509.89,353.05
ORD-2024-01542,2022-06-10,C0042,James Davis,Corporate,USA,North America,Texas,Houston,Office Supplies,Art,Watercolor Set,905.52,19,45.28,343.82
ORD-2023-01543,2022-03-28,C0175,David Lopez,Home Office,France,Europe,Ile-de-France,Paris,Technology,Laptops,Dell XPS 15,8112.11,6,405.61,1709.34
ORD-2024-01544,2023-11-19,C0110,Jennifer Martinez,Consumer,USA,North America,Texas,Houston,Furniture,Tables,Coffee Table,695.98,9,139.2,110.5
ORD-2024-01545,2022-07-02,C0062,Robert Johnson,Consumer,Canada,North America,Ontario,Toronto,Technology,Phones,Pixel 6,8167.72,6,408.39,1709.29
ORD-2023-01546,2022-08-03,C0147,John Hernandez,Home Office,USA,North America,New York,New York City,Technology,Phones,Pixel 6,5370.89,9,1074.18,1101.66
ORD-2024-01547,2023-08-07,C0051,Jennifer Johnson,Home Office,China,Asia,Beijing,Beijing,Office Supplies,Paper,A4 Printer Paper,7.13,1,0.36,2.42
ORD-2024-01548,2022-02-06,C0119,John Jones,Home Office,Australia,Oceania,Victoria,Melbourne,Furniture,Storage,File Cabinet,1887.97,19,0.0,708.09
ORD-2024-01549,2022-12-25,C0153,John Thomas,Consumer,France,Europe,Ile-de-France,Paris,Office Supplies,Paper,Sticky Notes,398.4,16,0.0,151.18
ORD-2024-01550,2023-08-27,C0061,Elizabeth Martinez,Consumer,Australia,Oceania,New South Wales,Sydney,Office Supplies,Paper,A4 Printer Paper,406.53,9,20.33,38.63
ORD-2022-01551,2024-04-14,C0060,Joseph Miller,Consumer,USA,North America,California,Los Angeles,Office Supplies,Paper,A4 Printer Paper,150.2,4,15.02,53.71
ORD-2022-01552,2023-07-26,C0056,Mary Brown,Consumer,India,Asia,Maharashtra,Mumbai,Technology,Accessories,Mechanical Keyboard,7722.42,6,772.24,1444.28
ORD-2023-01553,2022-07-23,C0117,Michael Thomas,Consumer,Australia,Oceania,Victoria,Melbourne,Office Supplies,Art,Markers,159.11,11,0.0,32.57
ORD-2022-01554,2024-07-13,C0109,Jennifer Hernandez,Consumer,Germany,Europe,Bavaria,Munich,Office Supplies,Binders,3-Ring Binder,157.93,19,15.79,22.01
ORD-2024-01555,2022-07-21,C0137,Susan Johnson,Corporate,Australia,Oceania,New South Wales,Sydney,Technology,Phones,Pixel 6,1793.0,6,0.0,662.49
ORD-2023-01556,2022-11-06,C0156,David Martinez,Corporate,USA,North America,New York,New York City,Technology,Phones,Samsung Galaxy S21,7187.35,6,0.0,1630.62
ORD-2024-01557,2022-06-15,C0154,Richard Garcia,Corporate,UK,Europe,England,London,Furniture,Storage,File Cabinet,8446.2,16,0.0,2841.58
ORD-2024-01558,2023-08-31,C0084,Barbara Wilson,Home Office,Japan,Asia,Tokyo,Tokyo,Technology,Laptops,HP Spectre x360,2523.42,14,0.0,529.05
ORD-2022-01559,2023-10-12,C0130,Mary Johnson,Consumer,USA,North America,New York,New York City,Furniture,Tables,Coffee Table,3442.47,8,344.25,613.5
ORD-2023-01560,2022-07-29,C0093,Elizabeth Davis,Corporate,Australia,Oceania,New South Wales,Sydney,Furniture,Storage,File Cabinet,5304.7,16,265.24,1701.66
ORD-2023-01561,2022-07-18,C0008,Jennifer Anderson,Consumer,China,Asia,Beijing,Beijing,Furniture,Storage,File Cabinet,6423.33,15,642.33,1931.19
ORD-2022-01562,2023-08-26,C0045,Jessica Smith,Consumer,UK,Europe,England,London,Office Supplies,Art,Watercolor Set,418.61,10,83.72,78.78
ORD-2024-01563,2022-06-28,C0084,Barbara Wilson,Corporate,Japan,Asia,Tokyo,Tokyo,Office Supplies,Art,Watercolor Set,194.83,18,38.97,45.32
ORD-2022-01564,2023-12-12,C0011,Patricia Hernandez,Consumer,Australia,Oceania,Victoria,Melbourne,Technology,Laptops,Lenovo ThinkPad,8419.09,7,420.95,2875.79
ORD-2023-01565,2022-06-10,C0061,Elizabeth Martinez,Consumer,India,Asia,Maharashtra,Mumbai,Furniture,Storage,Wardrobe,792.26,5,158.45,130.71
ORD-2023-01566,2022-04-15,C0038,John Brown,Consumer,USA,North America,California,Los Angeles,Technology,Accessories,Webcam,3523.0,12,352.3,629.95
ORD-2022-01567,2024-07-20,C0188,Patricia Wilson,Consumer,India,Asia,Maharashtra,Mumbai,Office Supplies,Binders,3-Ring Binder,84.4,5,0.0,9.39
ORD-2022-01568,2023-02-27,C0006,John Martinez,Consumer,USA,North America,New York,New York City,Technology,Phones,iPhone 13,11744.78,10,1174.48,1323.49
ORD-2023-01569,2024-02-08,C0131,John Brown,Consumer,France,Europe,Ile-de-France,Paris,Office Supplies,Art,Watercolor Set,280.13,9,0.0,104.85
ORD-2022-01570,2023-03-02,C0095,Patricia Williams,Consumer,Australia,Oceania,New South Wales,Sydney,Office Supplies,Art,Sketchbook,289.72,12,28.97,97.54
ORD-2023-01571,2022-03-29,C0110,Jennifer Martinez,Home Office,USA,North America,Texas,Houston,Technology,Phones,Nokia G20,3973.26,3,0.0,1448.1
ORD-2022-01572,2022-08-01,C0103,Richard Miller,Consumer,France,Europe,Ile-de-France,Paris,Furniture,Chairs,Office Chair,7171.54,15,717.15,1876.11
ORD-2023-01573,2022-05-19,C0019,Michael Lopez,Home Office,UK,Europe,England,London,Technology,Laptops,HP Spectre x360,4915.43,12,0.0,905.55
ORD-2022-01574,2022-01-14,C0034,David Wilson,Consumer,UK,Europe,England,London,Office Supplies,Art,Watercolor Set,155.82,6,7.79,43.3
ORD-2023-01575,2022-09-14,C0045,Jessica Smith,Corporate,Canada,North America,Ontario,Toronto,Technology,Phones,Samsung Galaxy S21,2592.39,4,0.0,521.84
ORD-2023-01576,2024-08-22,C0011,Patricia Hernandez,Consumer,Australia,Oceania,New South Wales,Sydney,Furniture,Storage,File Cabinet,3392.46,7,0.0,626.98
ORD-2024-01577,2023-11-04,C0146,Mary Gonzalez,Home Office,Australia,Oceania,New South Wales,Sydney,Technology,Laptops,Lenovo ThinkPad,7675.94,17,0.0,3058.74
ORD-2024-01578,2023-10-22,C0139,Joseph Garcia,Consumer,Australia,Oceania,Victoria,Melbourne,Office Supplies,Binders,Report Cover,215.5,5,43.1,62.5
ORD-2022-01579,2022-04-25,C0088,Elizabeth Brown,Home Office,Australia,Oceania,Victoria,Melbourne,Office Supplies,Paper,Cardstock,684.22,20,0.0,172.94
ORD-2023-01580,2022-05-22,C0022,David Smith,Home Office,China,Asia,Beijing,Beijing,Office Supplies,Art,Sketchbook,178.3,6,35.66,54.43
ORD-2024-01581,2024-02-22,C0033,Joseph Johnson,Corporate,USA,North America,New York,New York City,Furniture,Tables,Dining Table,9206.1,16,0.0,3145.33
ORD-2022-01582,2024-04-23,C0144,Michael Jones,Consumer,USA,North America,New York,New York City,Furniture,Storage,File Cabinet,863.77,4,0.0,92.43
ORD-2023-01583,2022-04-05,C0167,William Anderson,Home Office,India,Asia,Maharashtra,Mumbai,Technology,Phones,Pixel 6,970.72,1,0.0,174.88
ORD-2024-01584,2024-07-12,C0037,Barbara Gonzalez,Home Office,Australia,Oceania,New South Wales,Sydney,Technology,Phones,iPhone 13,5413.31,8,270.67,1950.92
ORD-2024-01585,2023-07-07,C0167,William Anderson,Corporate,Australia,Oceania,New South Wales,Sydney,Office Supplies,Art,Sketchbook,203.56,8,20.36,50.32
ORD-2023-01586,2022-06-19,C0198,Joseph Martinez,Home Office,China,Asia,Beijing,Beijing,Office Supplies,Art,Markers,94.36,14,0.0,26.33
ORD-2024-01587,2023-09-30,C0179,Jennifer Thomas,Home Office,USA,North America,California,Los Angeles,Office Supplies,Binders,3-Ring Binder,168.77,6,0.0,65.26
ORD-2024-01588,2023-10-12,C0015,David Williams,Corporate,USA,North America,New York,New York City,Technology,Laptops,HP Spectre x360,14770.36,20,0.0,3130.83
ORD-2023-01589,2022-01-02,C0050,Mary Davis,Consumer,Australia,Oceania,New South Wales,Sydney,Technology,Accessories,USB-C Hub,8710.61,7,435.53,1849.03
ORD-2022-01590,2024-08-17,C0131,John Brown,Corporate,Australia,Oceania,Victoria,Melbourne,Office Supplies,Paper,A4 Printer Paper,155.96,18,7.8,42.44
ORD-2022-01591,2024-05-17,C0051,Jennifer Johnson,Home Office,Canada,North America,Ontario,Toronto,Furniture,Tables,Conference Table,189.22,2,0.0,42.68
ORD-2023-01592,2023-04-26,C0008,Jennifer Anderson,Corporate,USA,North America,California,Los Angeles,Furniture,Chairs,Ergonomic Executive Chair,8020.22,15,401.01,2560.49
ORD-2024-01593,2022-05-12,C0127,Jessica Jones,Home Office,India,Asia,Maharashtra,Mumbai,Technology,Accessories,Wireless Mouse,18429.94,14,1842.99,5994.34
ORD-2024-01594,2023-08-24,C0128,Jennifer Wilson,Consumer,Canada,North America,Ontario,Toronto,Furniture,Tables,Dining Table,3974.38,9,198.72,888.94
ORD-2023-01595,2023-01-12,C0063,Michael Anderson,Consumer,USA,North America,New York,New York City,Office Supplies,Paper,Legal Pad,631.46,18,0.0,242.35
ORD-2023-01596,2022-06-15,C0171,Joseph Brown,Consumer,Australia,Oceania,Victoria,Melbourne,Technology,Phones,iPhone 13,5291.4,4,529.14,1729.03
ORD-2023-01597,2023-08-14,C0003,John Brown,Consumer,Australia,Oceania,New South Wales,Sydney,Furniture,Tables,Conference Table,8753.42,18,0.0,2655.27
ORD-2023-01598,2023-04-24,C0049,Mary Martinez,Corporate,USA,North America,California,Los Angeles,Office Supplies,Paper,Legal Pad,432.08,18,0.0,67.02
ORD-2022-01599,2024-02-14,C0156,David Martinez,Home Office,India,Asia,Maharashtra,Mumbai,Office Supplies,Paper,Cardstock,51.02,6,2.55,5.06
ORD-2023-01600,2022-05-12,C0050,Mary Davis,Home Office,UK,Europe,England,London,Technology,Phones,Samsung Galaxy S21,10786.05,11,0.0,2113.39
ORD-2022-01601,2024-08-05,C0105,Barbara Hernandez,Consumer,Australia,Oceania,Victoria,Melbourne,Furniture,Chairs,Ergonomic Executive Chair,7989.72,15,0.0,1835.71
ORD-2022-01602,2023-09-04,C0028,William Thomas,Corporate,USA,North America,Texas,Houston,Office Supplies,Art,Markers,236.47,9,0.0,86.99
ORD-2023-01603,2023-01-31,C0184,Susan Martinez,Corporate,UK,Europe,England,London,Technology,Laptops,Lenovo ThinkPad,5832.94,14,291.65,2108.12
ORD-2024-01604,2024-09-12,C0012,Patricia Johnson,Home Office,Australia,Oceania,New South Wales,Sydney,Furniture,Storage,File Cabinet,4488.68,12,448.87,607.58
ORD-2022-01605,2022-12-30,C0091,Patricia Miller,Consumer,Australia,Oceania,Victoria,Melbourne,Office Supplies,Art,Markers,116.52,3,5.83,16.45
ORD-2022-01606,2023-07-30,C0054,Patricia Johnson,Home Office,USA,North America,New York,New York City,Technology,Phones,iPhone 13,4376.48,19,0.0,471.27
ORD-2022-01607,2023-07-25,C0145,Elizabeth Brown,Consumer,Japan,Asia,Tokyo,Tokyo,Furniture,Chairs,Stool,829.96,2,0.0,314.28
ORD-2023-01608,2022-03-18,C0025,Robert Brown,Home Office,Japan,Asia,Tokyo,Tokyo,Office Supplies,Binders,Expansion Folder,312.13,16,0.0,96.42
ORD-2024-01609,2023-11-25,C0006,John Martinez,Home Office,Germany,Europe,Bavaria,Munich,Furniture,Tables,Study Desk,1759.87,4,175.99,307.98
ORD-2024-01610,2024-05-16,C0056,Mary Brown,Home Office,France,Europe,Ile-de-France,Paris,Office Supplies,Paper,A4 Printer Paper,203.58,15,40.72,53.79
ORD-2022-01611,2023-10-27,C0056,Mary Brown,Home Office,Japan,Asia,Tokyo,Tokyo,Office Supplies,Binders,Report Cover,92.99,10,4.65,29.25
ORD-2024-01612,2022-06-08,C0084,Barbara Wilson,Home Office,USA,North America,Texas,Houston,Technology,Phones,Pixel 6,2137.49,15,0.0,840.38
ORD-2023-01613,2023-02-22,C0075,James Davis,Corporate,UK,Europe,England,London,Furniture,Storage,Bookshelf,3806.73,10,761.35,603.5
ORD-2022-01614,2024-03-29,C0140,David Miller,Home Office,China,Asia,Beijing,Beijing,Technology,Laptops,Lenovo ThinkPad,582.03,4,0.0,75.76
ORD-2024-01615,2022-06-12,C0010,William Brown,Consumer,Australia,Oceania,Victoria,Melbourne,Office Supplies,Binders,3-Ring Binder,7.0,1,0.35,1.11
ORD-2022-01616,2022-10-04,C0145,Elizabeth Brown,Consumer,USA,North America,Texas,Houston,Furniture,Tables,Coffee Table,2208.92,4,0.0,399.68
ORD-2022-01617,2023-08-05,C0034,David Wilson,Consumer,USA,North America,California,Los Angeles,Furniture,Chairs,Gaming Chair,174.04,1,34.81,27.57
ORD-2022-01618,2024-09-16,C0152,Jessica Anderson,Home Office,Germany,Europe,Bavaria,Munich,Office Supplies,Art,Sketchbook,154.12,18,15.41,17.76
ORD-2023-01619,2022-02-19,C0089,Richard Williams,Home Office,Germany,Europe,Bavaria,Munich,Technology,Phones,Samsung Galaxy S21,3658.1,8,0.0,1082.7
ORD-2024-01620,2022-12-27,C0083,James Jones,Home Office,France,Europe,Ile-de-France,Paris,Office Supplies,Paper,Legal Pad,197.43,5,0.0,27.32
ORD-2023-01621,2024-04-03,C0198,Joseph Martinez,Corporate,Canada,North America,Ontario,Toronto,Furniture,Chairs,Gaming Chair,2337.22,10,0.0,661.69
ORD-2024-01622,2024-04-04,C0148,Linda Jones,Home Office,India,Asia,Maharashtra,Mumbai,Furniture,Chairs,Stool,506.54,3,101.31,65.51
ORD-2022-01623,2023-04-13,C0102,James Martinez,Home Office,India,Asia,Maharashtra,Mumbai,Furniture,Storage,File Cabinet,5356.73,11,0.0,1899.41
ORD-2024-01624,2024-02-11,C0166,William Thomas,Corporate,India,Asia,Maharashtra,Mumbai,Office Supplies,Binders,Report Cover,97.69,2,0.0,26.23
ORD-2022-01625,2022-07-04,C0102,James Martinez,Consumer,Australia,Oceania,New South Wales,Sydney,Furniture,Chairs,Office Chair,2677.63,14,0.0,679.01
ORD-2024-01626,2022-01-13,C0089,Richard Williams,Corporate,Australia,Oceania,New South Wales,Sydney,Furniture,Tables,Conference Table,2795.28,18,559.06,813.47
ORD-2023-01627,2023-11-05,C0128,Jennifer Wilson,Consumer,Australia,Oceania,Victoria,Melbourne,Furniture,Storage,Bookshelf,576.41,1,0.0,79.97
ORD-2023-01628,2023-06-03,C0070,Jessica Anderson,Corporate,Germany,Europe,Bavaria,Munich,Technology,Phones,Samsung Galaxy S21,1060.77,4,0.0,248.71
ORD-2024-01629,2022-05-18,C0020,Michael Williams,Home Office,USA,North America,Texas,Houston,Technology,Laptops,MacBook Pro 14,5790.45,14,0.0,2032.61
ORD-2024-01630,2022-09-15,C0192,Patricia Hernandez,Home Office,UK,Europe,England,London,Technology,Accessories,Mechanical Keyboard,7582.91,10,1516.58,1687.86
ORD-2024-01631,2023-07-18,C0055,John Jones,Corporate,UK,Europe,England,London,Office Supplies,Art,Markers,212.9,10,21.29,48.87
ORD-2022-01632,2024-01-02,C0156,David Martinez,Corporate,Germany,Europe,Bavaria,Munich,Furniture,Chairs,Ergonomic Executive Chair,8165.07,17,0.0,1145.31
ORD-2022-01633,2022-08-28,C0029,William Miller,Home Office,France,Europe,Ile-de-France,Paris,Furniture,Tables,Coffee Table,1938.19,5,387.64,461.45
ORD-2022-01634,2024-04-14,C0069,Mary Jones,Home Office,USA,North America,Texas,Houston,Furniture,Tables,Dining Table,6644.13,12,664.41,615.62
ORD-2023-01635,2022-01-10,C0068,Elizabeth Lopez,Corporate,Germany,Europe,Bavaria,Munich,Office Supplies,Art,Watercolor Set,342.93,16,0.0,41.16
ORD-2024-01636,2023-10-04,C0066,Richard Williams,Consumer,Canada,North America,Ontario,Toronto,Office Supplies,Binders,3-Ring Binder,662.12,17,0.0,91.58
ORD-2024-01637,2023-04-19,C0128,Jennifer Wilson,Consumer,France,Europe,Ile-de-France,Paris,Furniture,Chairs,Gaming Chair,2477.05,5,123.85,932.43
ORD-2023-01638,2023-05-31,C0045,Jessica Smith,Consumer,UK,Europe,England,London,Office Supplies,Paper,Legal Pad,412.37,15,20.62,149.27
ORD-2022-01639,2023-06-12,C0095,Patricia Williams,Home Office,USA,North America,Texas,Houston,Technology,Laptops,Lenovo ThinkPad,4485.64,10,0.0,1257.53
ORD-2024-01640,2023-05-19,C0115,Mary Wilson,Consumer,USA,North America,California,Los Angeles,Office Supplies,Paper,Sticky Notes,328.14,19,16.41,84.0
ORD-2024-01641,2024-04-05,C0030,Michael Rodriguez,Corporate,China,Asia,Beijing,Beijing,Technology,Laptops,HP Spectre x360,3869.41,8,193.47,1097.53
ORD-2023-01642,2023-09-26,C0040,Linda Garcia,Corporate,USA,North America,Texas,Houston,Furniture,Storage,File Cabinet,3800.65,14,380.07,1147.74
ORD-2022-01643,2024-02-17,C0105,Barbara Hernandez,Home Office,Canada,North America,Ontario,Toronto,Technology,Laptops,HP Spectre x360,1063.76,4,212.75,326.17
ORD-2023-01644,2023-08-08,C0025,Robert Brown,Home Office,France,Europe,Ile-de-France,Paris,Furniture,Chairs,Office Chair,1127.72,13,0.0,224.31
ORD-2023-01645,2022-11-01,C0015,David Williams,Consumer,Australia,Oceania,Victoria,Melbourne,Furniture,Tables,Coffee Table,6000.26,17,1200.05,1530.42
ORD-2024-01646,2023-03-18,C0068,Elizabeth Lopez,Consumer,UK,Europe,England,London,Office Supplies,Paper,A4 Printer Paper,258.15,9,25.81,41.65
ORD-2023-01647,2023-05-31,C0029,William Miller,Home Office,Australia,Oceania,Victoria,Melbourne,Technology,Accessories,Wireless Mouse,771.8,1,0.0,81.68
ORD-2024-01648,2023-07-30,C0003,John Brown,Corporate,India,Asia,Maharashtra,Mumbai,Technology,Accessories,USB-C Hub,5003.46,4,1000.69,456.54
ORD-2022-01649,2024-08-19,C0012,Patricia Johnson,Corporate,Australia,Oceania,New South Wales,Sydney,Technology,Phones,Samsung Galaxy S21,8139.12,7,813.91,1917.54
ORD-2024-01650,2022-04-10,C0065,Barbara Williams,Corporate,China,Asia,Beijing,Beijing,Technology,Accessories,Mechanical Keyboard,14500.94,19,2900.19,2334.54
ORD-2023-01651,2022-01-18,C0046,Barbara Davis,Home Office,China,Asia,Beijing,Beijing,Technology,Phones,Pixel 6,10393.69,13,0.0,1680.6
ORD-2024-01652,2024-08-01,C0040,Linda Garcia,Consumer,Japan,Asia,Tokyo,Tokyo,Furniture,Storage,File Cabinet,3485.12,6,348.51,529.07
ORD-2022-01653,2024-04-18,C0062,Robert Johnson,Home Office,USA,North America,Texas,Houston,Furniture,Tables,Dining Table,2700.49,20,270.05,813.76
ORD-2023-01654,2022-12-14,C0156,David Martinez,Home Office,Australia,Oceania,New South Wales,Sydney,Office Supplies,Paper,A4 Printer Paper,811.98,19,0.0,231.03
ORD-2022-01655,2024-03-13,C0112,John Williams,Corporate,USA,North America,Texas,Houston,Office Supplies,Binders,3-Ring Binder,58.4,11,2.92,14.62
ORD-2024-01656,2023-12-23,C0099,Susan Anderson,Corporate,USA,North America,California,Los Angeles,Furniture,Tables,Study Desk,1218.65,8,0.0,459.47
ORD-2022-01657,2022-05-15,C0140,David Miller,Home Office,Australia,Oceania,Victoria,Melbourne,Technology,Accessories,Webcam,5561.58,4,278.08,1524.88
ORD-2024-01658,2022-08-25,C0040,Linda Garcia,Consumer,China,Asia,Beijing,Beijing,Office Supplies,Art,Markers,367.76,9,0.0,89.39
ORD-2022-01659,2022-12-25,C0021,Elizabeth Thomas,Consumer,India,Asia,Maharashtra,Mumbai,Furniture,Tables,Conference Table,4535.7,10,0.0,730.47
ORD-2024-01660,2022-09-27,C0184,Susan Martinez,Corporate,Germany,Europe,Bavaria,Munich,Office Supplies,Paper,Sticky Notes,112.83,9,11.28,39.52
ORD-2024-01661,2022-12-19,C0024,Patricia Gonzalez,Consumer,Australia,Oceania,New South Wales,Sydney,Technology,Phones,Pixel 6,1668.48,3,0.0,172.24
ORD-2024-01662,2022-03-05,C0199,Jessica Smith,Home Office,Australia,Oceania,Victoria,Melbourne,Office Supplies,Paper,Cardstock,87.65,4,17.53,18.27
ORD-2024-01663,2023-06-15,C0196,John Smith,Corporate,France,Europe,Ile-de-France,Paris,Office Supplies,Paper,Cardstock,296.62,8,0.0,91.38
ORD-2023-01664,2022-11-04,C0168,Patricia Hernandez,Consumer,India,Asia,Maharashtra,Mumbai,Office Supplies,Art,Markers,387.81,14,0.0,119.45
ORD-2024-01665,2023-08-27,C0125,Jennifer Davis,Home Office,Germany,Europe,Bavaria,Munich,Technology,Accessories,Wireless Mouse,3346.94,18,334.69,917.27
ORD-2024-01666,2024-08-21,C0082,Jessica Martinez,Home Office,Australia,Oceania,New South Wales,Sydney,Technology,Laptops,MacBook Pro 14,4917.31,7,983.46,890.32
ORD-2023-01667,2024-01-29,C0096,Richard Garcia,Corporate,Australia,Oceania,New South Wales,Sydney,Furniture,Tables,Conference Table,2318.91,6,0.0,364.67
ORD-2023-01668,2023-10-21,C0123,Susan Garcia,Home Office,Germany,Europe,Bavaria,Munich,Furniture,Chairs,Office Chair,5907.59,10,0.0,1096.39
ORD-2023-01669,2023-12-10,C0166,William Thomas,Corporate,Japan,Asia,Tokyo,Tokyo,Technology,Phones,Pixel 6,16520.37,15,0.0,5500.03
ORD-2022-01670,2024-06-08,C0168,Patricia Hernandez,Consumer,Australia,Oceania,New South Wales,Sydney,Technology,Laptops,MacBook Pro 14,16222.18,12,0.0,5654.82
ORD-2024-01671,2022-05-16,C0143,Joseph Gonzalez,Consumer,China,Asia,Beijing,Beijing,Furniture,Storage,Bookshelf,3776.87,7,188.84,365.76
ORD-2023-01672,2022-11-17,C0109,Jennifer Hernandez,Home Office,USA,North America,New York,New York City,Furniture,Storage,Bookshelf,1409.34,8,0.0,483.88
ORD-2024-01673,2023-01-13,C0128,Jennifer Wilson,Corporate,Germany,Europe,Bavaria,Munich,Office Supplies,Art,Markers,183.93,5,9.2,59.42
ORD-2024-01674,2022-06-19,C0128,Jennifer Wilson,Corporate,Japan,Asia,Tokyo,Tokyo,Office Supplies,Paper,Legal Pad,276.31,12,0.0,50.87
ORD-2024-01675,2023-10-08,C0070,Jessica Anderson,Consumer,China,Asia,Beijing,Beijing,Technology,Accessories,Mechanical Keyboard,3841.27,8,0.0,1432.67
ORD-2022-01676,2024-02-25,C0064,Linda Jones,Corporate,USA,North America,California,Los Angeles,Technology,Laptops,HP Spectre x360,15091.85,14,3018.37,4292.54
ORD-2024-01677,2023-05-16,C0010,William Brown,Corporate,USA,North America,New York,New York City,Office Supplies,Paper,Legal Pad,247.57,8,24.76,39.42
ORD-2024-01678,2024-04-13,C0181,William Thomas,Consumer,China,Asia,Beijing,Beijing,Furniture,Tables,Coffee Table,2446.84,11,0.0,281.06
ORD-2024-01679,2024-07-23,C0093,Elizabeth Davis,Home Office,USA,North America,California,Los Angeles,Office Supplies,Binders,Expansion Folder,37.36,2,1.87,10.17
ORD-2023-01680,2023-03-10,C0126,Linda Johnson,Home Office,USA,North America,Texas,Houston,Technology,Accessories,Wireless Mouse,3320.59,6,0.0,874.57
ORD-2022-01681,2022-05-20,C0052,David Miller,Home Office,Australia,Oceania,New South Wales,Sydney,Office Supplies,Art,Markers,186.05,7,0.0,34.01
ORD-2023-01682,2022-09-26,C0040,Linda Garcia,Consumer,India,Asia,Maharashtra,Mumbai,Technology,Laptops,HP Spectre x360,4888.99,12,0.0,595.1
ORD-2022-01683,2022-03-27,C0108,John Miller,Consumer,USA,North America,New York,New York City,Technology,Laptops,Lenovo ThinkPad,6512.66,17,1302.53,525.33
ORD-2022-01684,2024-01-16,C0101,Patricia Williams,Corporate,India,Asia,Maharashtra,Mumbai,Furniture,Chairs,Ergonomic Executive Chair,3741.59,7,0.0,638.98
ORD-2022-01685,2023-06-23,C0070,Jessica Anderson,Consumer,France,Europe,Ile-de-France,Paris,Technology,Accessories,Webcam,3882.84,5,388.28,740.11
ORD-2023-01686,2023-11-13,C0150,Elizabeth Gonzalez,Consumer,UK,Europe,England,London,Furniture,Tables,Coffee Table,5620.85,19,562.09,1858.88
ORD-2024-01687,2023-09-24,C0083,James Jones,Consumer,Germany,Europe,Bavaria,Munich,Technology,Accessories,Webcam,19958.39,20,997.92,2555.31
ORD-2024-01688,2023-03-02,C0161,Michael Jones,Corporate,USA,North America,New York,New York City,Office Supplies,Paper,Cardstock,51.12,5,10.22,14.61
ORD-2022-01689,2023-04-24,C0111,Mary Miller,Consumer,Australia,Oceania,Victoria,Melbourne,Furniture,Chairs,Office Chair,2177.24,9,217.72,381.82
ORD-2024-01690,2023-06-09,C0072,Richard Jones,Home Office,China,Asia,Beijing,Beijing,Technology,Phones,Samsung Galaxy S21,5970.46,11,0.0,1965.82
ORD-2023-01691,2024-08-03,C0066,Richard Williams,Consumer,Germany,Europe,Bavaria,Munich,Technology,Accessories,Webcam,1435.37,1,287.07,363.45
ORD-2024-01692,2024-09-16,C0102,James Martinez,Corporate,India,Asia,Maharashtra,Mumbai,Technology,Accessories,Wireless Mouse,17575.85,16,0.0,4044.41
ORD-2022-01693,2022-05-18,C0014,Mary Martinez,Consumer,Australia,Oceania,Victoria,Melbourne,Furniture,Storage,Wardrobe,104.0,1,0.0,15.56
ORD-2024-01694,2024-07-20,C0178,Patricia Thomas,Consumer,Australia,Oceania,New South Wales,Sydney,Technology,Accessories,Wireless Mouse,11452.8,13,0.0,1769.0
ORD-2022-01695,2023-05-07,C0101,Patricia Williams,Home Office,Australia,Oceania,Victoria,Melbourne,Office Supplies,Paper,Cardstock,147.4,15,14.74,15.37
ORD-2023-01696,2023-02-20,C0189,Robert Thomas,Consumer,USA,North America,Texas,Houston,Technology,Phones,Pixel 6,4412.67,3,441.27,915.72
ORD-2024-01697,2022-12-29,C0167,William Anderson,Consumer,Australia,Oceania,New South Wales,Sydney,Furniture,Storage,Wardrobe,2363.57,18,472.71,381.58
ORD-2023-01698,2024-08-08,C0061,Elizabeth Martinez,Corporate,USA,North America,California,Los Angeles,Technology,Phones,Pixel 6,7083.62,12,0.0,911.19
ORD-2023-01699,2023-04-25,C0194,Robert Wilson,Corporate,Australia,Oceania,New South Wales,Sydney,Furniture,Storage,File Cabinet,8094.59,18,404.73,844.12
ORD-2024-01700,2022-12-03,C0006,John Martinez,Consumer,USA,North America,California,Los Angeles,Furniture,Chairs,Office Chair,2089.7,4,104.48,723.53
ORD-2022-01701,2024-02-20,C0092,Barbara Jones,Corporate,Australia,Oceania,Victoria,Melbourne,Office Supplies,Paper,Sticky Notes,481.46,19,0.0,89.07
ORD-2022-01702,2022-06-15,C0070,Jessica Anderson,Consumer,Australia,Oceania,Victoria,Melbourne,Technology,Accessories,Wireless Mouse,10211.18,10,1021.12,2981.01
ORD-2022-01703,2024-06-10,C0181,William Thomas,Home Office,Australia,Oceania,Victoria,Melbourne,Office Supplies,Paper,A4 Printer Paper,203.57,18,0.0,45.61
ORD-2022-01704,2024-02-21,C0141,Joseph Lopez,Home Office,USA,North America,California,Los Angeles,Furniture,Chairs,Gaming Chair,1727.28,5,0.0,424.94
ORD-2023-01705,2024-05-10,C0041,Patricia Wilson,Home Office,India,Asia,Maharashtra,Mumbai,Office Supplies,Binders,3-Ring Binder,340.91,19,0.0,130.96
ORD-2023-01706,2022-07-03,C0197,Richard Wilson,Consumer,France,Europe,Ile-de-France,Paris,Office Supplies,Binders,Expansion Folder,646.61,18,64.66,99.64
ORD-2022-01707,2022-01-12,C0142,Barbara Rodriguez,Home Office,USA,North America,New York,New York City,Furniture,Tables,Dining Table,2803.93,10,280.39,764.34
ORD-2024-01708,2022-09-21,C0007,David Williams,Home Office,USA,North America,California,Los Angeles,Office Supplies,Binders,3-Ring Binder,681.93,18,136.39,101.61
ORD-2022-01709,2023-02-11,C0057,Michael Gonzalez,Consumer,Japan,Asia,Tokyo,Tokyo,Furniture,Storage,Wardrobe,4163.82,12,416.38,1265.78
ORD-2023-01710,2023-05-12,C0065,Barbara Williams,Corporate,India,Asia,Maharashtra,Mumbai,Technology,Phones,Nokia G20,1169.83,2,116.98,309.89
ORD-2022-01711,2024-01-06,C0079,David Gonzalez,Home Office,Germany,Europe,Bavaria,Munich,Office Supplies,Binders,Report Cover,129.84,12,25.97,36.92
ORD-2023-01712,2023-05-24,C0067,Susan Thomas,Home Office,Japan,Asia,Tokyo,Tokyo,Technology,Accessories,Wireless Mouse,10863.49,8,1086.35,1635.73
ORD-2022-01713,2023-07-21,C0088,Elizabeth Brown,Consumer,USA,North America,New York,New York City,Office Supplies,Art,Markers,597.77,18,59.78,166.81
ORD-2024-01714,2022-09-03,C0172,Richard Garcia,Consumer,China,Asia,Beijing,Beijing,Office Supplies,Paper,A4 Printer Paper,22.81,1,0.0,6.89
ORD-2022-01715,2022-07-31,C0073,Elizabeth Smith,Home Office,USA,North America,New York,New York City,Office Supplies,Art,Watercolor Set,322.87,19,16.14,61.5
ORD-2023-01716,2024-04-19,C0081,Susan Brown,Corporate,UK,Europe,England,London,Technology,Accessories,USB-C Hub,2104.91,3,0.0,370.21
ORD-2023-01717,2023-06-13,C0099,Susan Anderson,Corporate,USA,North America,California,Los Angeles,Furniture,Storage,Wardrobe,1554.43,3,0.0,234.58
ORD-2022-01718,2023-09-04,C0144,Michael Jones,Home Office,Australia,Oceania,New South Wales,Sydney,Furniture,Chairs,Office Chair,2266.2,19,113.31,417.31
ORD-2024-01719,2023-06-12,C0195,William Hernandez,Consumer,USA,North America,California,Los Angeles,Furniture,Tables,Conference Table,5166.31,15,0.0,1434.85
ORD-2022-01720,2022-08-26,C0007,David Williams,Corporate,China,Asia,Beijing,Beijing,Office Supplies,Binders,3-Ring Binder,170.77,4,8.54,47.24
ORD-2023-01721,2022-09-17,C0028,William Thomas,Corporate,Japan,Asia,Tokyo,Tokyo,Office Supplies,Paper,A4 Printer Paper,245.07,15,24.51,26.11
ORD-2024-01722,2024-01-30,C0139,Joseph Garcia,Corporate,India,Asia,Maharashtra,Mumbai,Office Supplies,Paper,Cardstock,716.6,20,143.32,215.95
ORD-2023-01723,2024-07-02,C0002,Susan Martinez,Corporate,UK,Europe,England,London,Technology,Phones,iPhone 13,609.51,5,0.0,102.62
ORD-2023-01724,2024-05-08,C0155,Barbara Anderson,Corporate,Japan,Asia,Tokyo,Tokyo,Office Supplies,Art,Sketchbook,88.42,10,0.0,35.25
ORD-2023-01725,2023-06-09,C0059,Jessica Thomas,Consumer,USA,North America,New York,New York City,Office Supplies,Binders,Report Cover,170.97,7,0.0,61.63
ORD-2024-01726,2023-12-30,C0199,Jessica Smith,Corporate,USA,North America,New York,New York City,Office Supplies,Paper,Cardstock,64.78,2,0.0,22.47
ORD-2024-01727,2023-09-08,C0157,Linda Smith,Corporate,China,Asia,Beijing,Beijing,Technology,Phones,Samsung Galaxy S21,1230.53,5,0.0,288.92
ORD-2022-01728,2022-09-24,C0112,John Williams,Corporate,Australia,Oceania,New South Wales,Sydney,Furniture,Chairs,Ergonomic Executive Chair,3760.37,7,376.04,420.55
ORD-2024-01729,2024-07-02,C0149,Richard Garcia,Home Office,China,Asia,Beijing,Beijing,Office Supplies,Binders,3-Ring Binder,444.67,11,0.0,131.44
ORD-2022-01730,2022-11-23,C0144,Michael Jones,Corporate,China,Asia,Beijing,Beijing,Office Supplies,Art,Sketchbook,153.79,8,30.76,38.89
ORD-2024-01731,2024-06-16,C0060,Joseph Miller,Home Office,USA,North America,California,Los Angeles,Office Supplies,Art,Watercolor Set,65.07,8,0.0,21.57
ORD-2023-01732,2022-02-21,C0194,Robert Wilson,Corporate,Australia,Oceania,Victoria,Melbourne,Technology,Phones,Nokia G20,8809.4,18,440.47,1857.72
ORD-2022-01733,2023-10-03,C0035,Jessica Johnson,Home Office,UK,Europe,England,London,Office Supplies,Paper,Cardstock,162.47,10,32.49,50.35
ORD-2022-01734,2023-04-16,C0102,James Martinez,Consumer,India,Asia,Maharashtra,Mumbai,Office Supplies,Art,Watercolor Set,326.21,12,16.31,58.95
ORD-2024-01735,2024-07-03,C0096,Richard Garcia,Home Office,Japan,Asia,Tokyo,Tokyo,Furniture,Tables,Dining Table,6877.66,18,0.0,733.47
ORD-2022-01736,2023-06-19,C0010,William Brown,Corporate,Australia,Oceania,New South Wales,Sydney,Technology,Laptops,HP Spectre x360,10051.76,18,0.0,2045.84
ORD-2024-01737,2022-12-14,C0131,John Brown,Consumer,Australia,Oceania,New South Wales,Sydney,Office Supplies,Art,Sketchbook,122.55,11,24.51,22.27
ORD-2023-01738,2022-07-29,C0088,Elizabeth Brown,Home Office,Germany,Europe,Bavaria,Munich,Furniture,Chairs,Office Chair,320.12,1,0.0,92.08
ORD-2022-01739,2022-09-27,C0192,Patricia Hernandez,Corporate,Australia,Oceania,New South Wales,Sydney,Furniture,Chairs,Office Chair,733.26,6,0.0,85.19
ORD-2024-01740,2022-04-16,C0136,Barbara Smith,Corporate,Australia,Oceania,Victoria,Melbourne,Furniture,Storage,Wardrobe,3717.27,20,743.45,757.32
ORD-2023-01741,2023-06-21,C0049,Mary Martinez,Corporate,India,Asia,Maharashtra,Mumbai,Office Supplies,Binders,Report Cover,15.66,1,0.0,2.81
ORD-2023-01742,2022-05-29,C0135,Linda Johnson,Corporate,Australia,Oceania,New South Wales,Sydney,Technology,Accessories,Wireless Mouse,9611.73,11,1922.35,844.78
ORD-2024-01743,2024-08-11,C0172,Richard Garcia,Corporate,China,Asia,Beijing,Beijing,Office Supplies,Binders,3-Ring Binder,295.41,9,0.0,109.63
ORD-2022-01744,2022-06-05,C0096,Richard Garcia,Corporate,UK,Europe,England,London,Office Supplies,Binders,Report Cover,99.48,14,9.95,29.8
ORD-2024-01745,2024-06-18,C0053,Jennifer Williams,Home Office,Germany,Europe,Bavaria,Munich,Technology,Laptops,HP Spectre x360,6815.26,11,340.76,1707.49
ORD-2023-01746,2022-07-31,C0010,William Brown,Home Office,India,Asia,Maharashtra,Mumbai,Office Supplies,Binders,Expansion Folder,277.88,19,0.0,94.58
ORD-2024-01747,2024-09-17,C0084,Barbara Wilson,Consumer,UK,Europe,England,London,Technology,Laptops,MacBook Pro 14,3763.41,4,0.0,718.98
ORD-2024-01748,2023-07-21,C0156,David Martinez,Consumer,China,Asia,Beijing,Beijing,Office Supplies,Binders,3-Ring Binder,24.1,3,1.21,7.62
ORD-2023-01749,2024-02-24,C0078,Mary Wilson,Consumer,UK,Europe,England,London,Furniture,Chairs,Office Chair,7598.52,13,1519.7,1785.95
ORD-2022-01750,2023-12-05,C0038,John Brown,Home Office,Japan,Asia,Tokyo,Tokyo,Technology,Phones,Pixel 6,5937.09,13,0.0,1773.98
ORD-2023-01751,2022-06-12,C0051,Jennifer Johnson,Consumer,Germany,Europe,Bavaria,Munich,Furniture,Tables,Study Desk,9567.66,20,0.0,2193.6
ORD-2022-01752,2023-04-07,C0080,David Rodriguez,Corporate,Japan,Asia,Tokyo,Tokyo,Office Supplies,Art,Sketchbook,397.21,10,0.0,131.71
ORD-2023-01753,2023-06-07,C0032,Linda Rodriguez,Corporate,Australia,Oceania,New South Wales,Sydney,Technology,Laptops,HP Spectre x360,1380.71,1,0.0,414.85
ORD-2023-01754,2023-10-09,C0133,Richard Miller,Consumer,Germany,Europe,Bavaria,Munich,Furniture,Tables,Conference Table,1384.76,5,276.95,135.82
ORD-2024-01755,2024-03-17,C0126,Linda Johnson,Corporate,UK,Europe,England,London,Furniture,Chairs,Stool,4502.44,15,900.49,426.96
ORD-2024-01756,2023-05-23,C0151,Robert Brown,Home Office,USA,North America,New York,New York City,Furniture,Chairs,Office Chair,1154.45,16,230.89,154.25
ORD-2023-01757,2024-09-16,C0164,Robert Williams,Consumer,India,Asia,Maharashtra,Mumbai,Furniture,Tables,Coffee Table,249.49,4,24.95,34.47
ORD-2024-01758,2024-06-06,C0195,William Hernandez,Corporate,Canada,North America,Ontario,Toronto,Technology,Laptops,Lenovo ThinkPad,407.16,3,81.43,66.61
ORD-2023-01759,2024-02-15,C0138,Mary Martinez,Home Office,India,Asia,Maharashtra,Mumbai,Office Supplies,Paper,A4 Printer Paper,78.22,2,3.91,29.6
ORD-2022-01760,2022-05-15,C0172,Richard Garcia,Corporate,Germany,Europe,Bavaria,Munich,Furniture,Chairs,Stool,1523.88,17,0.0,445.67
ORD-2022-01761,2023-05-21,C0030,Michael Rodriguez,Corporate,France,Europe,Ile-de-France,Paris,Technology,Laptops,HP Spectre x360,4454.8,7,445.48,957.05
ORD-2024-01762,2024-09-15,C0188,Patricia Wilson,Home Office,UK,Europe,England,London,Furniture,Tables,Study Desk,7693.64,18,0.0,1244.66
ORD-2024-01763,2024-03-22,C0159,Susan Smith,Home Office,Germany,Europe,Bavaria,Munich,Technology,Accessories,USB-C Hub,18574.64,15,1857.46,3897.11
ORD-2022-01764,2023-01-19,C0047,Mary Thomas,Home Office,UK,Europe,England,London,Furniture,Storage,Wardrobe,253.93,5,0.0,74.65
ORD-2023-01765,2023-04-20,C0049,Mary Martinez,Consumer,France,Europe,Ile-de-France,Paris,Furniture,Tables,Dining Table,3605.77,12,360.58,1052.33
ORD-2023-01766,2024-09-21,C0152,Jessica Anderson,Corporate,India,Asia,Maharashtra,Mumbai,Technology,Accessories,Mechanical Keyboard,13218.71,11,1321.87,2456.82
ORD-2023-01767,2024-02-13,C0155,Barbara Anderson,Home Office,USA,North America,Texas,Houston,Office Supplies,Binders,3-Ring Binder,272.8,13,0.0,62.45
ORD-2023-01768,2024-04-14,C0038,John Brown,Consumer,Canada,North America,Ontario,Toronto,Furniture,Tables,Dining Table,1956.27,16,97.81,224.03
ORD-2023-01769,2022-10-30,C0158,Richard Williams,Corporate,Germany,Europe,Bavaria,Munich,Office Supplies,Art,Sketchbook,5.47,1,0.27,1.33
ORD-2023-01770,2023-09-10,C0015,David Williams,Home Office,UK,Europe,England,London,Furniture,Tables,Coffee Table,519.72,1,51.97,166.22
ORD-2022-01771,2023-10-14,C0007,David Williams,Corporate,France,Europe,Ile-de-France,Paris,Technology,Laptops,MacBook Pro 14,10187.63,12,0.0,1847.32
ORD-2024-01772,2024-09-12,C0184,Susan Martinez,Consumer,USA,North America,New York,New York City,Technology,Accessories,Mechanical Keyboard,6950.46,13,695.05,1419.31
ORD-2023-01773,2023-10-10,C0056,Mary Brown,Consumer,Germany,Europe,Bavaria,Munich,Office Supplies,Paper,Cardstock,365.95,9,18.3,84.32
ORD-2024-01774,2023-08-27,C0156,David Martinez,Corporate,Australia,Oceania,New South Wales,Sydney,Office Supplies,Art,Sketchbook,117.55,6,0.0,40.62
ORD-2022-01775,2023-10-01,C0034,David Wilson,Corporate,Australia,Oceania,New South Wales,Sydney,Furniture,Chairs,Office Chair,3414.77,6,341.48,1177.76
ORD-2024-01776,2022-02-19,C0055,John Jones,Corporate,France,Europe,Ile-de-France,Paris,Furniture,Chairs,Gaming Chair,1079.49,4,0.0,408.69
ORD-2024-01777,2023-05-06,C0169,William Gonzalez,Corporate,India,Asia,Maharashtra,Mumbai,Furniture,Chairs,Stool,223.97,3,0.0,57.75
ORD-2024-01778,2024-03-05,C0071,Michael Thomas,Consumer,China,Asia,Beijing,Beijing,Technology,Phones,Samsung Galaxy S21,8012.07,18,0.0,3044.51
ORD-2024-01779,2023-12-30,C0097,Jessica Garcia,Home Office,Australia,Oceania,Victoria,Melbourne,Office Supplies,Art,Watercolor Set,30.86,1,6.17,8.73
ORD-2022-01780,2022-06-30,C0090,Patricia Davis,Home Office,USA,North America,Texas,Houston,Office Supplies,Paper,A4 Printer Paper,490.25,12,0.0,176.34
ORD-2023-01781,2023-05-03,C0082,Jessica Martinez,Home Office,UK,Europe,England,London,Office Supplies,Paper,Sticky Notes,43.9,1,2.19,9.82
ORD-2024-01782,2023-07-19,C0085,Elizabeth Smith,Home Office,Japan,Asia,Tokyo,Tokyo,Technology,Phones,Samsung Galaxy S21,217.48,2,0.0,29.29
ORD-2023-01783,2023-11-04,C0016,James Lopez,Corporate,Australia,Oceania,Victoria,Melbourne,Furniture,Chairs,Stool,389.59,2,77.92,78.15
ORD-2022-01784,2024-04-20,C0100,James Jones,Home Office,Canada,North America,Ontario,Toronto,Furniture,Chairs,Office Chair,362.96,1,0.0,90.91
ORD-2023-01785,2024-09-10,C0020,Michael Williams,Home Office,Australia,Oceania,Victoria,Melbourne,Technology,Accessories,Mechanical Keyboard,13699.85,14,1369.99,2383.73
ORD-2024-01786,2024-01-07,C0115,Mary Wilson,Consumer,USA,North America,New York,New York City,Furniture,Tables,Study Desk,3883.36,10,0.0,1155.26
ORD-2023-01787,2022-02-27,C0192,Patricia Hernandez,Home Office,China,Asia,Beijing,Beijing,Office Supplies,Binders,Report Cover,761.0,20,0.0,133.13
ORD-2022-01788,2022-01-10,C0003,John Brown,Corporate,Australia,Oceania,Victoria,Melbourne,Technology,Laptops,HP Spectre x360,7056.14,8,705.61,1105.85
ORD-2024-01789,2024-09-07,C0018,Barbara Rodriguez,Corporate,Canada,North America,Ontario,Toronto,Office Supplies,Paper,Legal Pad,296.19,17,29.62,80.62
ORD-2024-01790,2023-08-10,C0019,Michael Lopez,Corporate,France,Europe,Ile-de-France,Paris,Furniture,Storage,File Cabinet,1180.56,3,118.06,128.01
ORD-2023-01791,2022-01-11,C0019,Michael Lopez,Corporate,France,Europe,Ile-de-France,Paris,Technology,Phones,Nokia G20,7395.19,7,0.0,2428.91
ORD-2023-01792,2022-02-24,C0044,Richard Miller,Home Office,Australia,Oceania,Victoria,Melbourne,Furniture,Storage,Wardrobe,120.34,1,0.0,39.79
ORD-2022-01793,2023-07-08,C0105,Barbara Hernandez,Consumer,Australia,Oceania,Victoria,Melbourne,Technology,Accessories,Wireless Mouse,19080.43,19,0.0,4123.04
ORD-2024-01794,2022-06-29,C0159,Susan Smith,Corporate,France,Europe,Ile-de-France,Paris,Furniture,Storage,File Cabinet,1189.12,10,118.91,123.45
ORD-2024-01795,2022-02-15,C0023,Jennifer Gonzalez,Home Office,Japan,Asia,Tokyo,Tokyo,Office Supplies,Art,Sketchbook,218.54,18,43.71,43.97
ORD-2022-01796,2022-12-01,C0076,Jennifer Miller,Corporate,China,Asia,Beijing,Beijing,Furniture,Storage,Wardrobe,488.25,1,0.0,58.64
ORD-2024-01797,2023-07-15,C0069,Mary Jones,Consumer,Japan,Asia,Tokyo,Tokyo,Technology,Phones,Nokia G20,1083.92,4,0.0,326.81
ORD-2023-01798,2022-06-30,C0025,Robert Brown,Home Office,Canada,North America,Ontario,Toronto,Technology,Accessories,Wireless Mouse,7536.36,7,376.82,1829.57
ORD-2022-01799,2022-04-27,C0179,Jennifer Thomas,Home Office,France,Europe,Ile-de-France,Paris,Office Supplies,Binders,3-Ring Binder,244.7,14,48.94,42.77
ORD-2022-01800,2023-12-07,C0102,James Martinez,Consumer,Australia,Oceania,Victoria,Melbourne,Technology,Phones,Samsung Galaxy S21,4007.6,4,400.76,974.69
ORD-2023-01801,2023-05-14,C0121,Joseph Thomas,Consumer,UK,Europe,England,London,Office Supplies,Art,Watercolor Set,90.12,9,9.01,17.64
ORD-2023-01802,2023-07-28,C0019,Michael Lopez,Consumer,UK,Europe,England,London,Office Supplies,Art,Sketchbook,214.77,14,21.48,52.71
ORD-2023-01803,2024-02-05,C0027,Barbara Miller,Consumer,USA,North America,California,Los Angeles,Office Supplies,Paper,Cardstock,81.43,2,4.07,28.52
ORD-2023-01804,2023-06-14,C0151,Robert Brown,Consumer,Japan,Asia,Tokyo,Tokyo,Furniture,Storage,File Cabinet,2355.72,16,235.57,248.8
ORD-2023-01805,2022-07-21,C0030,Michael Rodriguez,Corporate,UK,Europe,England,London,Office Supplies,Paper,Sticky Notes,596.45,12,0.0,131.45
ORD-2024-01806,2022-12-27,C0183,Barbara Johnson,Corporate,UK,Europe,England,London,Technology,Phones,iPhone 13,6299.22,5,629.92,1798.18
ORD-2024-01807,2023-11-05,C0086,Jennifer Gonzalez,Corporate,Australia,Oceania,Victoria,Melbourne,Office Supplies,Binders,Expansion Folder,598.7,17,0.0,83.54
ORD-2022-01808,2024-05-18,C0050,Mary Davis,Corporate,France,Europe,Ile-de-France,Paris,Office Supplies,Binders,Expansion Folder,450.97,15,45.1,116.96
ORD-2024-01809,2022-03-10,C0014,Mary Martinez,Corporate,India,Asia,Maharashtra,Mumbai,Furniture,Tables,Dining Table,3766.76,20,0.0,743.67
ORD-2023-01810,2023-08-12,C0101,Patricia Williams,Home Office,Australia,Oceania,New South Wales,Sydney,Technology,Phones,iPhone 13,11351.92,8,0.0,4243.48
ORD-2024-01811,2023-05-28,C0111,Mary Miller,Home Office,Japan,Asia,Tokyo,Tokyo,Technology,Phones,Pixel 6,14581.22,16,2916.24,1523.41
ORD-2023-01812,2022-12-01,C0043,Elizabeth Williams,Corporate,USA,North America,Texas,Houston,Furniture,Chairs,Gaming Chair,1572.62,7,314.52,357.74
ORD-2023-01813,2023-12-22,C0087,Mary Wilson,Corporate,Australia,Oceania,Victoria,Melbourne,Office Supplies,Binders,3-Ring Binder,160.93,4,0.0,51.07
ORD-2022-01814,2023-10-14,C0035,Jessica Johnson,Consumer,India,Asia,Maharashtra,Mumbai,Technology,Phones,Samsung Galaxy S21,23342.82,18,0.0,6705.22
ORD-2023-01815,2022-03-12,C0124,Robert Thomas,Consumer,Germany,Europe,Bavaria,Munich,Technology,Accessories,USB-C Hub,2853.76,2,142.69,962.98
ORD-2022-01816,2022-07-06,C0155,Barbara Anderson,Consumer,France,Europe,Ile-de-France,Paris,Furniture,Storage,Wardrobe,3927.2,12,0.0,473.88
ORD-2024-01817,2022-06-25,C0129,Elizabeth Johnson,Consumer,China,Asia,Beijing,Beijing,Office Supplies,Art,Watercolor Set,240.09,13,48.02,21.5
ORD-2024-01818,2023-05-20,C0195,William Hernandez,Corporate,Australia,Oceania,Victoria,Melbourne,Technology,Laptops,Dell XPS 15,4906.18,7,0.0,1510.1
ORD-2023-01819,2024-02-11,C0164,Robert Williams,Corporate,Germany,Europe,Bavaria,Munich,Technology,Phones,Nokia G20,6540.0,18,0.0,1371.69
ORD-2023-01820,2023-12-10,C0118,Mary Hernandez,Corporate,Australia,Oceania,New South Wales,Sydney,Technology,Accessories,Webcam,20907.12,17,1045.36,4105.1
ORD-2023-01821,2023-09-19,C0087,Mary Wilson,Consumer,France,Europe,Ile-de-France,Paris,Furniture,Storage,File Cabinet,232.6,1,0.0,78.14
ORD-2022-01822,2023-04-23,C0032,Linda Rodriguez,Home Office,Australia,Oceania,Victoria,Melbourne,Furniture,Chairs,Gaming Chair,10787.48,18,2157.5,942.8
ORD-2024-01823,2023-11-13,C0046,Barbara Davis,Home Office,USA,North America,Texas,Houston,Office Supplies,Paper,A4 Printer Paper,81.23,2,0.0,10.42
ORD-2024-01824,2022-10-17,C0188,Patricia Wilson,Consumer,UK,Europe,England,London,Technology,Phones,Pixel 6,11564.52,10,1156.45,3089.55
ORD-2022-01825,2024-01-30,C0064,Linda Jones,Corporate,China,Asia,Beijing,Beijing,Technology,Accessories,Webcam,2202.32,6,0.0,844.51
ORD-2023-01826,2023-04-16,C0186,Robert Johnson,Home Office,France,Europe,Ile-de-France,Paris,Technology,Phones,iPhone 13,7157.4,18,715.74,773.87
ORD-2022-01827,2023-01-07,C0012,Patricia Johnson,Consumer,France,Europe,Ile-de-France,Paris,Technology,Phones,Nokia G20,6807.52,11,1361.5,807.64
ORD-2023-01828,2022-12-13,C0043,Elizabeth Williams,Corporate,UK,Europe,England,London,Office Supplies,Art,Markers,723.96,15,72.4,232.84
ORD-2022-01829,2022-04-05,C0153,John Thomas,Corporate,Japan,Asia,Tokyo,Tokyo,Furniture,Storage,Bookshelf,484.4,2,0.0,50.27
ORD-2022-01830,2022-11-08,C0070,Jessica Anderson,Consumer,Australia,Oceania,New South Wales,Sydney,Furniture,Tables,Study Desk,9379.68,19,0.0,1304.29
ORD-2022-01831,2023-11-14,C0189,Robert Thomas,Consumer,UK,Europe,England,London,Furniture,Storage,File Cabinet,1722.72,4,0.0,642.99
ORD-2023-01832,2024-05-06,C0147,John Hernandez,Consumer,India,Asia,Maharashtra,Mumbai,Office Supplies,Binders,Report Cover,85.0,7,0.0,31.28
ORD-2022-01833,2023-04-29,C0122,Patricia Garcia,Corporate,USA,North America,California,Los Angeles,Technology,Laptops,Lenovo ThinkPad,2759.78,3,275.98,424.68
ORD-2023-01834,2022-06-26,C0179,Jennifer Thomas,Consumer,USA,North America,Texas,Houston,Technology,Accessories,Mechanical Keyboard,2071.42,12,0.0,287.06
ORD-2022-01835,2024-08-19,C0188,Patricia Wilson,Home Office,Australia,Oceania,New South Wales,Sydney,Technology,Laptops,Lenovo ThinkPad,18870.13,17,1887.01,2194.69
ORD-2024-01836,2023-07-24,C0166,William Thomas,Corporate,Australia,Oceania,New South Wales,Sydney,Office Supplies,Binders,Report Cover,619.54,17,0.0,150.3
ORD-2022-01837,2022-09-28,C0149,Richard Garcia,Home Office,China,Asia,Beijing,Beijing,Furniture,Chairs,Office Chair,485.79,8,24.29,82.99
ORD-2022-01838,2022-08-10,C0125,Jennifer Davis,Corporate,Australia,Oceania,Victoria,Melbourne,Office Supplies,Art,Markers,206.75,5,0.0,21.26
ORD-2024-01839,2024-08-30,C0102,James Martinez,Consumer,France,Europe,Ile-de-France,Paris,Technology,Accessories,Mechanical Keyboard,2352.47,3,117.62,652.03
ORD-2024-01840,2023-08-13,C0093,Elizabeth Davis,Home Office,France,Europe,Ile-de-France,Paris,Furniture,Tables,Dining Table,1601.57,6,320.31,461.09
ORD-2023-01841,2022-12-30,C0130,Mary Johnson,Home Office,Australia,Oceania,New South Wales,Sydney,Office Supplies,Binders,Report Cover,617.46,19,61.75,203.5
ORD-2024-01842,2022-06-21,C0185,Richard Anderson,Home Office,China,Asia,Beijing,Beijing,Office Supplies,Paper,A4 Printer Paper,102.82,3,10.28,19.73
ORD-2023-01843,2024-05-01,C0020,Michael Williams,Corporate,Australia,Oceania,Victoria,Melbourne,Office Supplies,Binders,3-Ring Binder,254.09,18,50.82,35.22
ORD-2023-01844,2022-10-21,C0130,Mary Johnson,Home Office,Canada,North America,Ontario,Toronto,Furniture,Storage,Wardrobe,1276.5,9,0.0,264.76
ORD-2023-01845,2022-12-12,C0058,David Garcia,Consumer,France,Europe,Ile-de-France,Paris,Technology,Phones,iPhone 13,4541.26,15,227.06,1202.29
ORD-2024-01846,2023-12-06,C0011,Patricia Hernandez,Corporate,USA,North America,California,Los Angeles,Office Supplies,Binders,Expansion Folder,531.25,17,0.0,56.75
ORD-2024-01847,2023-07-08,C0153,John Thomas,Corporate,USA,North America,Texas,Houston,Office Supplies,Paper,Cardstock,150.74,19,15.07,23.5
ORD-2023-01848,2024-01-22,C0028,William Thomas,Corporate,India,Asia,Maharashtra,Mumbai,Technology,Accessories,Mechanical Keyboard,23544.45,20,0.0,8424.22
ORD-2024-01849,2024-09-22,C0156,David Martinez,Consumer,Canada,North America,Ontario,Toronto,Technology,Accessories,USB-C Hub,3448.16,8,172.41,1309.64
ORD-2022-01850,2022-09-02,C0002,Susan Martinez,Corporate,Australia,Oceania,New South Wales,Sydney,Office Supplies,Art,Markers,293.41,14,58.68,80.61
ORD-2023-01851,2022-02-25,C0168,Patricia Hernandez,Corporate,Japan,Asia,Tokyo,Tokyo,Office Supplies,Binders,Expansion Folder,523.12,12,104.62,65.27
ORD-2024-01852,2023-03-28,C0009,John Martinez,Home Office,UK,Europe,England,London,Office Supplies,Paper,Sticky Notes,50.44,2,0.0,11.01
ORD-2024-01853,2022-10-18,C0035,Jessica Johnson,Home Office,Canada,North America,Ontario,Toronto,Furniture,Storage,File Cabinet,9005.94,16,0.0,1867.55
ORD-2023-01854,2023-09-06,C0083,James Jones,Corporate,USA,North America,Texas,Houston,Office Supplies,Art,Markers,374.68,14,74.94,116.15
ORD-2022-01855,2023-07-08,C0195,William Hernandez,Corporate,India,Asia,Maharashtra,Mumbai,Office Supplies,Art,Watercolor Set,16.63,2,0.83,5.83
ORD-2022-01856,2023-01-12,C0112,John Williams,Consumer,China,Asia,Beijing,Beijing,Furniture,Storage,File Cabinet,6097.31,18,0.0,2384.24
ORD-2022-01857,2023-10-24,C0163,Joseph Hernandez,Consumer,USA,North America,New York,New York City,Office Supplies,Art,Markers,114.74,5,5.74,40.85
ORD-2022-01858,2024-07-14,C0024,Patricia Gonzalez,Corporate,USA,North America,Texas,Houston,Furniture,Chairs,Stool,7234.24,15,1446.85,1970.44
ORD-2023-01859,2022-01-08,C0040,Linda Garcia,Consumer,USA,North America,Texas,Houston,Technology,Accessories,Wireless Mouse,10224.45,18,0.0,3947.67
ORD-2023-01860,2023-11-16,C0147,John Hernandez,Home Office,Germany,Europe,Bavaria,Munich,Technology,Accessories,USB-C Hub,3838.52,9,0.0,710.74
ORD-2022-01861,2023-12-20,C0090,Patricia Davis,Home Office,China,Asia,Beijing,Beijing,Furniture,Storage,Bookshelf,5886.12,17,0.0,1960.74
ORD-2024-01862,2024-06-10,C0128,Jennifer Wilson,Consumer,Australia,Oceania,Victoria,Melbourne,Office Supplies,Binders,Expansion Folder,11.82,2,0.0,1.74
ORD-2024-01863,2024-02-11,C0049,Mary Martinez,Consumer,China,Asia,Beijing,Beijing,Furniture,Tables,Dining Table,1388.09,6,0.0,374.12
ORD-2023-01864,2022-07-27,C0122,Patricia Garcia,Corporate,Australia,Oceania,New South Wales,Sydney,Technology,Phones,iPhone 13,12339.7,12,2467.94,3504.29
ORD-2022-01865,2023-01-21,C0036,Joseph Johnson,Consumer,Australia,Oceania,New South Wales,Sydney,Office Supplies,Paper,A4 Printer Paper,135.15,17,13.52,25.58
ORD-2023-01866,2024-04-09,C0104,Mary Jones,Home Office,Australia,Oceania,New South Wales,Sydney,Furniture,Storage,Wardrobe,319.76,2,31.98,47.99
ORD-2024-01867,2023-02-25,C0035,Jessica Johnson,Consumer,Australia,Oceania,Victoria,Melbourne,Office Supplies,Binders,Expansion Folder,137.58,8,27.52,16.62
ORD-2023-01868,2024-04-17,C0118,Mary Hernandez,Home Office,UK,Europe,England,London,Furniture,Tables,Conference Table,2352.61,8,470.52,293.02
ORD-2024-01869,2024-01-28,C0167,William Anderson,Home Office,Japan,Asia,Tokyo,Tokyo,Office Supplies,Art,Sketchbook,245.04,5,49.01,44.01
ORD-2022-01870,2022-07-06,C0010,William Brown,Consumer,China,Asia,Beijing,Beijing,Furniture,Storage,File Cabinet,7261.76,17,1452.35,1436.93
ORD-2024-01871,2024-09-06,C0114,Mary Lopez,Consumer,USA,North America,California,Los Angeles,Technology,Laptops,MacBook Pro 14,9109.69,17,0.0,1514.03
ORD-2024-01872,2022-02-11,C0060,Joseph Miller,Corporate,France,Europe,Ile-de-France,Paris,Office Supplies,Paper,Cardstock,140.63,3,28.13,34.67
ORD-2022-01873,2022-09-04,C0120,Jessica Martinez,Consumer,China,Asia,Beijing,Beijing,Furniture,Tables,Dining Table,686.24,3,0.0,112.81
ORD-2024-01874,2022-02-15,C0194,Robert Wilson,Consumer,USA,North America,Texas,Houston,Furniture,Tables,Dining Table,1118.44,2,111.84,119.93
ORD-2024-01875,2024-02-25,C0077,James Davis,Consumer,Australia,Oceania,Victoria,Melbourne,Technology,Accessories,Wireless Mouse,5098.46,5,254.92,557.15
ORD-2022-01876,2022-06-03,C0054,Patricia Johnson,Consumer,France,Europe,Ile-de-France,Paris,Furniture,Chairs,Stool,2485.42,12,497.08,416.76
ORD-2023-01877,2023-02-21,C0013,Richard Davis,Home Office,Canada,North America,Ontario,Toronto,Office Supplies,Art,Watercolor Set,127.21,3,25.44,37.73
ORD-2024-01878,2022-09-06,C0109,Jennifer Hernandez,Corporate,Canada,North America,Ontario,Toronto,Office Supplies,Binders,Report Cover,35.06,1,3.51,7.82
ORD-2022-01879,2023-09-17,C0162,James Rodriguez,Corporate,Australia,Oceania,New South Wales,Sydney,Technology,Laptops,Lenovo ThinkPad,11434.52,12,0.0,3776.55
ORD-2023-01880,2022-12-29,C0095,Patricia Williams,Home Office,Australia,Oceania,Victoria,Melbourne,Office Supplies,Art,Watercolor Set,89.45,8,0.0,24.44
ORD-2023-01881,2022-07-31,C0139,Joseph Garcia,Home Office,China,Asia,Beijing,Beijing,Furniture,Chairs,Gaming Chair,9552.13,19,955.21,1912.54
ORD-2022-01882,2022-11-29,C0191,Jessica Brown,Home Office,USA,North America,Texas,Houston,Technology,Accessories,Webcam,2278.01,10,0.0,433.41
ORD-2022-01883,2023-03-02,C0076,Jennifer Miller,Corporate,France,Europe,Ile-de-France,Paris,Office Supplies,Paper,Legal Pad,140.76,9,14.08,17.84
ORD-2023-01884,2023-09-28,C0001,Robert Gonzalez,Home Office,Japan,Asia,Tokyo,Tokyo,Technology,Laptops,MacBook Pro 14,18645.27,17,1864.53,4999.49
ORD-2024-01885,2023-08-31,C0070,Jessica Anderson,Home Office,France,Europe,Ile-de-France,Paris,Technology,Accessories,Wireless Mouse,7114.49,13,711.45,963.24
ORD-2024-01886,2023-08-03,C0055,John Jones,Corporate,USA,North America,New York,New York City,Technology,Accessories,Wireless Mouse,8703.93,20,870.39,2962.94
ORD-2023-01887,2023-07-07,C0152,Jessica Anderson,Consumer,France,Europe,Ile-de-France,Paris,Technology,Accessories,Wireless Mouse,11913.0,18,0.0,1902.85
ORD-2022-01888,2023-02-24,C0133,Richard Miller,Home Office,USA,North America,Texas,Houston,Technology,Accessories,USB-C Hub,555.83,3,0.0,173.62
ORD-2023-01889,2022-01-27,C0181,William Thomas,Home Office,China,Asia,Beijing,Beijing,Technology,Laptops,Lenovo ThinkPad,1330.34,10,66.52,464.67
ORD-2023-01890,2023-12-08,C0042,James Davis,Corporate,China,Asia,Beijing,Beijing,Furniture,Tables,Study Desk,6602.6,19,0.0,2173.68
ORD-2023-01891,2022-12-27,C0069,Mary Jones,Corporate,Germany,Europe,Bavaria,Munich,Furniture,Tables,Study Desk,3728.5,14,0.0,563.35
ORD-2023-01892,2023-06-18,C0095,Patricia Williams,Corporate,France,Europe,Ile-de-France,Paris,Furniture,Chairs,Gaming Chair,6834.66,18,0.0,1519.79
ORD-2024-01893,2023-09-02,C0079,David Gonzalez,Corporate,Germany,Europe,Bavaria,Munich,Office Supplies,Art,Watercolor Set,126.28,4,25.26,37.17
ORD-2024-01894,2023-05-31,C0053,Jennifer Williams,Corporate,India,Asia,Maharashtra,Mumbai,Furniture,Storage,Bookshelf,1359.81,7,271.96,324.35
ORD-2024-01895,2023-01-15,C0065,Barbara Williams,Consumer,China,Asia,Beijing,Beijing,Furniture,Storage,Wardrobe,1811.54,5,90.58,537.4
ORD-2024-01896,2022-01-17,C0075,James Davis,Corporate,India,Asia,Maharashtra,Mumbai,Technology,Laptops,Lenovo ThinkPad,16133.17,13,1613.32,3403.39
ORD-2024-01897,2023-08-25,C0050,Mary Davis,Corporate,Australia,Oceania,New South Wales,Sydney,Technology,Phones,Nokia G20,2063.25,2,0.0,371.58
ORD-2022-01898,2024-05-28,C0088,Elizabeth Brown,Corporate,Canada,North America,Ontario,Toronto,Technology,Laptops,MacBook Pro 14,8889.49,17,1777.9,837.69
ORD-2022-01899,2023-01-17,C0181,William Thomas,Consumer,France,Europe,Ile-de-France,Paris,Office Supplies,Paper,Cardstock,154.03,7,15.4,27.07
ORD-2023-01900,2022-02-21,C0025,Robert Brown,Consumer,USA,North America,California,Los Angeles,Office Supplies,Paper,Legal Pad,77.84,5,15.57,11.78
ORD-2022-01901,2024-01-31,C0010,William Brown,Consumer,USA,North America,California,Los Angeles,Technology,Accessories,Webcam,2651.06,20,0.0,432.9
ORD-2024-01902,2024-02-18,C0036,Joseph Johnson,Consumer,Germany,Europe,Bavaria,Munich,Furniture,Tables,Study Desk,6415.51,18,320.78,719.39
ORD-2024-01903,2024-06-15,C0039,Barbara Brown,Consumer,USA,North America,California,Los Angeles,Furniture,Chairs,Gaming Chair,1675.33,5,335.07,167.82
ORD-2023-01904,2023-09-21,C0151,Robert Brown,Home Office,Australia,Oceania,New South Wales,Sydney,Office Supplies,Art,Markers,275.12,19,0.0,91.03
ORD-2022-01905,2023-11-22,C0128,Jennifer Wilson,Corporate,Australia,Oceania,New South Wales,Sydney,Furniture,Chairs,Gaming Chair,2888.77,5,288.88,474.28
ORD-2024-01906,2022-04-15,C0051,Jennifer Johnson,Corporate,Germany,Europe,Bavaria,Munich,Technology,Laptops,Dell XPS 15,5001.07,4,250.05,1277.33
ORD-2022-01907,2022-07-05,C0014,Mary Martinez,Consumer,France,Europe,Ile-de-France,Paris,Furniture,Chairs,Ergonomic Executive Chair,2292.86,20,229.29,539.74
ORD-2024-01908,2023-10-12,C0116,Joseph Rodriguez,Consumer,China,Asia,Beijing,Beijing,Technology,Phones,iPhone 13,11572.62,10,578.63,3223.58
ORD-2024-01909,2024-09-03,C0014,Mary Martinez,Home Office,France,Europe,Ile-de-France,Paris,Furniture,Tables,Dining Table,916.27,5,0.0,146.81
ORD-2023-01910,2024-05-27,C0107,James Garcia,Consumer,Japan,Asia,Tokyo,Tokyo,Furniture,Tables,Study Desk,725.42,2,145.08,230.78
ORD-2023-01911,2023-03-26,C0036,Joseph Johnson,Home Office,Australia,Oceania,Victoria,Melbourne,Furniture,Chairs,Ergonomic Executive Chair,6320.4,13,316.02,1149.85
ORD-2022-01912,2023-11-10,C0140,David Miller,Consumer,France,Europe,Ile-de-France,Paris,Office Supplies,Paper,Cardstock,432.7,17,0.0,96.7
ORD-2024-01913,2024-08-08,C0105,Barbara Hernandez,Home Office,Canada,North America,Ontario,Toronto,Furniture,Chairs,Ergonomic Executive Chair,8516.49,19,425.82,2798.02
ORD-2023-01914,2022-11-13,C0066,Richard Williams,Consumer,USA,North America,Texas,Houston,Furniture,Tables,Conference Table,4352.1,11,435.21,966.44
ORD-2022-01915,2022-01-13,C0149,Richard Garcia,Corporate,Australia,Oceania,New South Wales,Sydney,Furniture,Tables,Dining Table,1557.47,7,0.0,306.07
ORD-2022-01916,2023-02-25,C0005,James Martinez,Home Office,Japan,Asia,Tokyo,Tokyo,Technology,Accessories,Webcam,678.51,5,0.0,167.61
ORD-2022-01917,2023-10-27,C0043,Elizabeth Williams,Corporate,Canada,North America,Ontario,Toronto,Technology,Laptops,MacBook Pro 14,2034.25,2,406.85,510.11
ORD-2022-01918,2022-05-09,C0124,Robert Thomas,Home Office,Germany,Europe,Bavaria,Munich,Technology,Laptops,HP Spectre x360,16196.26,16,1619.63,4172.74
ORD-2024-01919,2022-02-26,C0152,Jessica Anderson,Corporate,Australia,Oceania,Victoria,Melbourne,Furniture,Tables,Conference Table,4730.29,13,0.0,1274.02
ORD-2023-01920,2023-01-15,C0185,Richard Anderson,Consumer,USA,North America,New York,New York City,Furniture,Chairs,Ergonomic Executive Chair,4255.14,11,0.0,657.68
ORD-2024-01921,2022-10-25,C0194,Robert Wilson,Corporate,Canada,North America,Ontario,Toronto,Technology,Phones,Samsung Galaxy S21,3799.89,13,189.99,863.99
ORD-2023-01922,2022-03-14,C0009,John Martinez,Corporate,USA,North America,New York,New York City,Office Supplies,Art,Watercolor Set,152.95,17,0.0,56.48
ORD-2022-01923,2023-06-11,C0164,Robert Williams,Home Office,Australia,Oceania,New South Wales,Sydney,Technology,Accessories,Wireless Mouse,10657.8,10,0.0,1591.72
ORD-2024-01924,2023-11-08,C0140,David Miller,Home Office,France,Europe,Ile-de-France,Paris,Furniture,Chairs,Ergonomic Executive Chair,3249.45,16,324.94,635.6
ORD-2024-01925,2024-03-24,C0022,David Smith,Corporate,Canada,North America,Ontario,Toronto,Furniture,Storage,Bookshelf,4496.98,18,449.7,428.29
ORD-2022-01926,2024-08-25,C0096,Richard Garcia,Home Office,USA,North America,New York,New York City,Furniture,Storage,Wardrobe,2234.63,4,446.93,247.74
ORD-2024-01927,2022-02-22,C0152,Jessica Anderson,Corporate,Australia,Oceania,Victoria,Melbourne,Technology,Accessories,Wireless Mouse,16671.67,17,3334.33,3484.4
ORD-2022-01928,2023-09-22,C0074,Jessica Martinez,Corporate,UK,Europe,England,London,Furniture,Storage,Wardrobe,4192.07,17,419.21,1045.47
ORD-2023-01929,2023-12-29,C0147,John Hernandez,Home Office,Australia,Oceania,New South Wales,Sydney,Office Supplies,Art,Sketchbook,56.89,8,0.0,14.54
ORD-2022-01930,2023-09-30,C0132,John Smith,Corporate,France,Europe,Ile-de-France,Paris,Office Supplies,Art,Sketchbook,229.79,9,45.96,45.01
ORD-2023-01931,2023-06-26,C0109,Jennifer Hernandez,Home Office,Germany,Europe,Bavaria,Munich,Office Supplies,Binders,3-Ring Binder,738.16,18,0.0,78.19
ORD-2024-01932,2023-10-10,C0151,Robert Brown,Consumer,Australia,Oceania,New South Wales,Sydney,Office Supplies,Binders,Report Cover,123.35,13,24.67,27.41
ORD-2024-01933,2024-07-14,C0034,David Wilson,Corporate,Australia,Oceania,New South Wales,Sydney,Furniture,Tables,Dining Table,10436.96,18,521.85,1185.4
ORD-2023-01934,2023-05-20,C0052,David Miller,Home Office,Germany,Europe,Bavaria,Munich,Furniture,Storage,File Cabinet,220.35,2,0.0,61.3
ORD-2024-01935,2022-03-20,C0061,Elizabeth Martinez,Home Office,Germany,Europe,Bavaria,Munich,Furniture,Storage,Wardrobe,4079.14,12,0.0,1404.95
ORD-2022-01936,2022-08-02,C0039,Barbara Brown,Consumer,UK,Europe,England,London,Office Supplies,Paper,Sticky Notes,68.14,4,13.63,7.03
ORD-2024-01937,2022-10-05,C0100,James Jones,Corporate,UK,Europe,England,London,Furniture,Tables,Study Desk,1566.44,4,78.32,267.48
ORD-2023-01938,2024-05-05,C0139,Joseph Garcia,Consumer,Australia,Oceania,New South Wales,Sydney,Furniture,Chairs,Office Chair,232.08,1,0.0,80.13
ORD-2022-01939,2022-11-28,C0009,John Martinez,Corporate,Australia,Oceania,Victoria,Melbourne,Furniture,Tables,Coffee Table,4201.93,20,0.0,1348.92
ORD-2023-01940,2023-02-21,C0056,Mary Brown,Home Office,USA,North America,New York,New York City,Technology,Phones,Nokia G20,3173.21,5,634.64,655.1
ORD-2022-01941,2024-06-06,C0050,Mary Davis,Corporate,USA,North America,New York,New York City,Office Supplies,Paper,Legal Pad,381.2,19,0.0,77.69
ORD-2023-01942,2022-11-06,C0169,William Gonzalez,Corporate,USA,North America,New York,New York City,Technology,Phones,iPhone 13,4538.82,4,0.0,1393.62
ORD-2023-01943,2022-03-06,C0050,Mary Davis,Corporate,UK,Europe,England,London,Technology,Phones,iPhone 13,3816.41,13,0.0,604.81
ORD-2024-01944,2024-02-04,C0168,Patricia Hernandez,Home Office,Germany,Europe,Bavaria,Munich,Technology,Laptops,HP Spectre x360,1614.72,7,80.74,559.43
ORD-2023-01945,2024-02-27,C0163,Joseph Hernandez,Home Office,USA,North America,Texas,Houston,Technology,Phones,Nokia G20,5619.36,18,0.0,2117.27
ORD-2022-01946,2022-09-13,C0097,Jessica Garcia,Home Office,India,Asia,Maharashtra,Mumbai,Technology,Accessories,USB-C Hub,482.98,1,0.0,74.84
ORD-2023-01947,2022-10-18,C0012,Patricia Johnson,Consumer,USA,North America,California,Los Angeles,Office Supplies,Binders,3-Ring Binder,450.94,16,45.09,152.56
ORD-2022-01948,2023-05-19,C0092,Barbara Jones,Consumer,Australia,Oceania,Victoria,Melbourne,Furniture,Tables,Dining Table,3230.89,10,161.54,482.5
ORD-2023-01949,2023-07-14,C0052,David Miller,Consumer,UK,Europe,England,London,Office Supplies,Paper,Cardstock,690.67,19,34.53,234.28
ORD-2023-01950,2023-06-26,C0109,Jennifer Hernandez,Consumer,UK,Europe,England,London,Furniture,Tables,Coffee Table,7559.52,13,0.0,1739.73
ORD-2022-01951,2023-01-07,C0024,Patricia Gonzalez,Home Office,France,Europe,Ile-de-France,Paris,Technology,Laptops,Lenovo ThinkPad,2452.58,7,0.0,775.92
ORD-2022-01952,2023-09-24,C0091,Patricia Miller,Consumer,Germany,Europe,Bavaria,Munich,Office Supplies,Binders,Expansion Folder,114.75,14,0.0,41.62
ORD-2022-01953,2022-10-15,C0040,Linda Garcia,Corporate,Australia,Oceania,New South Wales,Sydney,Office Supplies,Art,Markers,771.11,20,0.0,243.6
ORD-2022-01954,2023-08-03,C0093,Elizabeth Davis,Home Office,Australia,Oceania,Victoria,Melbourne,Office Supplies,Paper,Sticky Notes,375.49,15,0.0,135.4
ORD-2022-01955,2024-03-02,C0166,William Thomas,Consumer,Australia,Oceania,New South Wales,Sydney,Office Supplies,Art,Markers,221.1,5,11.05,50.2
ORD-2022-01956,2023-05-19,C0090,Patricia Davis,Corporate,UK,Europe,England,London,Office Supplies,Paper,Cardstock,35.86,2,0.0,9.5
ORD-2022-01957,2023-04-01,C0027,Barbara Miller,Corporate,Australia,Oceania,Victoria,Melbourne,Technology,Phones,Samsung Galaxy S21,12634.09,10,631.7,1853.1
ORD-2023-01958,2023-05-12,C0111,Mary Miller,Home Office,Japan,Asia,Tokyo,Tokyo,Technology,Phones,iPhone 13,11549.2,12,2309.84,2331.0
ORD-2022-01959,2023-07-25,C0135,Linda Johnson,Home Office,USA,North America,Texas,Houston,Technology,Accessories,USB-C Hub,3258.93,6,0.0,789.43
ORD-2023-01960,2024-05-23,C0099,Susan Anderson,Consumer,Australia,Oceania,Victoria,Melbourne,Office Supplies,Paper,Sticky Notes,218.12,7,0.0,67.43
ORD-2024-01961,2023-09-12,C0076,Jennifer Miller,Consumer,USA,North America,California,Los Angeles,Technology,Accessories,USB-C Hub,2040.11,16,102.01,671.4
ORD-2022-01962,2022-04-06,C0046,Barbara Davis,Corporate,UK,Europe,England,London,Office Supplies,Binders,3-Ring Binder,144.57,3,0.0,51.24
ORD-2023-01963,2023-07-07,C0108,John Miller,Home Office,Japan,Asia,Tokyo,Tokyo,Furniture,Tables,Study Desk,2351.64,4,117.58,607.0
ORD-2023-01964,2022-07-14,C0152,Jessica Anderson,Home Office,France,Europe,Ile-de-France,Paris,Technology,Laptops,Dell XPS 15,4196.63,5,0.0,455.85
ORD-2022-01965,2022-10-13,C0068,Elizabeth Lopez,Home Office,USA,North America,California,Los Angeles,Furniture,Storage,Wardrobe,2042.1,5,102.11,722.48
ORD-2023-01966,2023-10-24,C0023,Jennifer Gonzalez,Home Office,Australia,Oceania,New South Wales,Sydney,Furniture,Storage,Bookshelf,7025.69,18,351.28,1245.42
ORD-2023-01967,2022-07-30,C0017,William Thomas,Home Office,Japan,Asia,Tokyo,Tokyo,Furniture,Chairs,Office Chair,705.78,9,35.29,81.54
ORD-2024-01968,2024-08-26,C0099,Susan Anderson,Home Office,China,Asia,Beijing,Beijing,Office Supplies,Art,Watercolor Set,452.02,11,22.6,90.88
ORD-2024-01969,2023-08-10,C0142,Barbara Rodriguez,Corporate,Australia,Oceania,New South Wales,Sydney,Office Supplies,Binders,Expansion Folder,134.06,5,0.0,19.42
ORD-2023-01970,2024-06-07,C0017,William Thomas,Consumer,Australia,Oceania,New South Wales,Sydney,Office Supplies,Binders,Expansion Folder,372.49,15,0.0,86.35
ORD-2023-01971,2023-02-16,C0031,Robert Garcia,Corporate,France,Europe,Ile-de-France,Paris,Technology,Accessories,Webcam,14911.71,11,2982.34,3577.53
ORD-2022-01972,2024-04-10,C0001,Robert Gonzalez,Consumer,Australia,Oceania,Victoria,Melbourne,Furniture,Storage,Wardrobe,3242.86,14,648.57,318.98
ORD-2022-01973,2022-11-18,C0134,William Wilson,Home Office,Canada,North America,Ontario,Toronto,Technology,Phones,iPhone 13,10618.02,11,2123.6,1947.68
ORD-2023-01974,2024-05-12,C0150,Elizabeth Gonzalez,Home Office,France,Europe,Ile-de-France,Paris,Office Supplies,Binders,3-Ring Binder,355.87,20,0.0,98.94
ORD-2022-01975,2022-07-20,C0087,Mary Wilson,Home Office,USA,North America,New York,New York City,Technology,Laptops,Lenovo ThinkPad,14108.98,17,2821.8,1920.92
ORD-2022-01976,2022-12-17,C0080,David Rodriguez,Home Office,USA,North America,Texas,Houston,Furniture,Chairs,Stool,3806.69,17,380.67,1004.49
ORD-2023-01977,2024-07-27,C0176,Joseph Hernandez,Corporate,China,Asia,Beijing,Beijing,Office Supplies,Binders,Report Cover,103.29,4,20.66,9.96
ORD-2023-01978,2022-09-04,C0154,Richard Garcia,Consumer,Canada,North America,Ontario,Toronto,Technology,Accessories,USB-C Hub,10616.66,9,0.0,2415.56
ORD-2024-01979,2022-01-14,C0185,Richard Anderson,Corporate,Australia,Oceania,Victoria,Melbourne,Furniture,Tables,Study Desk,1321.19,14,0.0,345.92
ORD-2023-01980,2022-03-20,C0152,Jessica Anderson,Corporate,UK,Europe,England,London,Technology,Laptops,Dell XPS 15,3081.1,6,0.0,980.68
ORD-2022-01981,2022-01-05,C0072,Richard Jones,Consumer,Australia,Oceania,Victoria,Melbourne,Furniture,Chairs,Gaming Chair,10925.34,20,2185.07,3175.32
ORD-2022-01982,2022-06-22,C0194,Robert Wilson,Home Office,USA,North America,New York,New York City,Technology,Accessories,Mechanical Keyboard,866.64,2,0.0,128.34
ORD-2022-01983,2024-04-20,C0170,Mary Smith,Home Office,UK,Europe,England,London,Office Supplies,Binders,3-Ring Binder,81.31,3,8.13,18.73
ORD-2022-01984,2023-07-14,C0010,William Brown,Home Office,UK,Europe,England,London,Technology,Accessories,USB-C Hub,4032.55,3,403.26,731.42
ORD-2022-01985,2023-05-27,C0179,Jennifer Thomas,Home Office,India,Asia,Maharashtra,Mumbai,Office Supplies,Art,Sketchbook,536.49,18,0.0,167.7
ORD-2024-01986,2023-04-05,C0199,Jessica Smith,Corporate,USA,North America,California,Los Angeles,Office Supplies,Binders,Report Cover,310.1,14,15.51,67.42
ORD-2022-01987,2024-07-30,C0028,William Thomas,Corporate,Australia,Oceania,New South Wales,Sydney,Furniture,Tables,Dining Table,6982.57,17,0.0,1096.09
ORD-2022-01988,2023-04-24,C0184,Susan Martinez,Consumer,Australia,Oceania,Victoria,Melbourne,Office Supplies,Binders,3-Ring Binder,304.61,10,15.23,29.33
ORD-2022-01989,2023-05-22,C0042,James Davis,Consumer,UK,Europe,England,London,Office Supplies,Binders,3-Ring Binder,622.2,13,31.11,65.71
ORD-2022-01990,2024-03-17,C0142,Barbara Rodriguez,Consumer,Australia,Oceania,Victoria,Melbourne,Office Supplies,Binders,Expansion Folder,643.24,19,128.65,141.08
ORD-2024-01991,2022-04-03,C0149,Richard Garcia,Home Office,USA,North America,New York,New York City,Technology,Phones,Samsung Galaxy S21,10016.47,9,1001.65,3207.06
ORD-2023-01992,2024-06-07,C0078,Mary Wilson,Corporate,China,Asia,Beijing,Beijing,Technology,Phones,Samsung Galaxy S21,28235.57,20,1411.78,9711.99
ORD-2023-01993,2022-09-08,C0127,Jessica Jones,Corporate,Canada,North America,Ontario,Toronto,Furniture,Chairs,Gaming Chair,3265.91,7,0.0,1142.8
ORD-2024-01994,2022-09-15,C0039,Barbara Brown,Corporate,USA,North America,Texas,Houston,Office Supplies,Paper,A4 Printer Paper,105.73,12,0.0,11.59
ORD-2022-01995,2024-01-15,C0033,Joseph Johnson,Home Office,France,Europe,Ile-de-France,Paris,Office Supplies,Binders,Expansion Folder,115.5,7,11.55,30.48
ORD-2024-01996,2024-01-06,C0151,Robert Brown,Consumer,Australia,Oceania,Victoria,Melbourne,Furniture,Tables,Conference Table,5648.7,16,0.0,1978.87
ORD-2024-01997,2022-02-23,C0070,Jessica Anderson,Consumer,Germany,Europe,Bavaria,Munich,Office Supplies,Binders,Expansion Folder,16.19,3,0.0,3.93
ORD-2023-01998,2023-09-08,C0189,Robert Thomas,Corporate,Australia,Oceania,Victoria,Melbourne,Technology,Phones,Pixel 6,9952.14,11,995.21,3007.74
ORD-2022-01999,2023-03-23,C0001,Robert Gonzalez,Home Office,France,Europe,Ile-de-France,Paris,Office Supplies,Binders,Report Cover,331.46,11,16.57,83.64
ORD-2022-02000,2024-01-30,C0163,Joseph Hernandez,Corporate,USA,North America,Texas,Houston,Furniture,Storage,Bookshelf,2380.83,11,476.17,684.62
ORD-2024-02001,2024-06-04,C0195,William Hernandez,Home Office,Australia,Oceania,New South Wales,Sydney,Technology,Laptops,HP Spectre x360,7181.39,15,718.14,686.83
ORD-2024-02002,2023-11-18,C0139,Joseph Garcia,Home Office,UK,Europe,England,London,Office Supplies,Art,Markers,162.54,8,8.13,55.35
ORD-2022-02003,2023-11-09,C0153,John Thomas,Consumer,France,Europe,Ile-de-France,Paris,Office Supplies,Paper,Cardstock,167.17,7,0.0,64.81
ORD-2024-02004,2022-11-16,C0176,Joseph Hernandez,Consumer,China,Asia,Beijing,Beijing,Furniture,Tables,Conference Table,2376.65,4,0.0,421.72
ORD-2022-02005,2022-07-07,C0029,William Miller,Consumer,Australia,Oceania,Victoria,Melbourne,Furniture,Chairs,Office Chair,4485.89,11,0.0,1473.18
ORD-2022-02006,2023-06-19,C0189,Robert Thomas,Home Office,France,Europe,Ile-de-France,Paris,Furniture,Tables,Study Desk,4108.76,10,205.44,560.49
ORD-2024-02007,2024-09-10,C0120,Jessica Martinez,Home Office,UK,Europe,England,London,Office Supplies,Binders,Expansion Folder,656.42,15,131.28,56.89
ORD-2023-02008,2024-09-06,C0023,Jennifer Gonzalez,Consumer,Australia,Oceania,New South Wales,Sydney,Office Supplies,Paper,Legal Pad,297.57,11,59.51,60.88
ORD-2022-02009,2024-06-20,C0078,Mary Wilson,Consumer,Canada,North America,Ontario,Toronto,Technology,Laptops,Dell XPS 15,1450.14,10,145.01,255.52
ORD-2022-02010,2024-03-17,C0200,Elizabeth Martinez,Corporate,India,Asia,Maharashtra,Mumbai,Office Supplies,Binders,Report Cover,202.12,20,10.11,44.89
ORD-2022-02011,2022-03-28,C0186,Robert Johnson,Home Office,France,Europe,Ile-de-France,Paris,Office Supplies,Binders,Expansion Folder,131.17,7,0.0,15.96
ORD-2023-02012,2023-04-07,C0127,Jessica Jones,Home Office,France,Europe,Ile-de-France,Paris,Office Supplies,Paper,Cardstock,116.22,3,5.81,23.92
ORD-2024-02013,2024-04-19,C0168,Patricia Hernandez,Consumer,France,Europe,Ile-de-France,Paris,Office Supplies,Art,Sketchbook,230.37,11,11.52,41.77
ORD-2022-02014,2022-08-22,C0029,William Miller,Corporate,USA,North America,New York,New York City,Technology,Phones,Samsung Galaxy S21,9353.92,8,0.0,1245.25
ORD-2024-02015,2022-03-13,C0114,Mary Lopez,Corporate,USA,North America,California,Los Angeles,Office Supplies,Art,Sketchbook,143.71,8,7.19,16.88
ORD-2024-02016,2023-12-14,C0187,Joseph Rodriguez,Consumer,Australia,Oceania,Victoria,Melbourne,Office Supplies,Paper,A4 Printer Paper,77.93,8,0.0,23.69
ORD-2022-02017,2023-12-21,C0002,Susan Martinez,Corporate,Australia,Oceania,Victoria,Melbourne,Technology,Laptops,Lenovo ThinkPad,14633.36,19,0.0,4149.53
ORD-2022-02018,2024-08-15,C0084,Barbara Wilson,Consumer,Canada,North America,Ontario,Toronto,Furniture,Storage,Wardrobe,6052.14,13,1210.43,1741.93
ORD-2022-02019,2022-01-23,C0149,Richard Garcia,Corporate,Canada,North America,Ontario,Toronto,Technology,Phones,Nokia G20,5442.89,5,544.29,1593.08
ORD-2023-02020,2023-07-30,C0155,Barbara Anderson,Consumer,Australia,Oceania,New South Wales,Sydney,Technology,Laptops,MacBook Pro 14,2324.46,4,0.0,444.57
ORD-2024-02021,2023-09-10,C0017,William Thomas,Corporate,Australia,Oceania,Victoria,Melbourne,Office Supplies,Binders,3-Ring Binder,246.76,6,49.35,75.64
ORD-2022-02022,2022-11-07,C0048,Jessica Thomas,Consumer,France,Europe,Ile-de-France,Paris,Furniture,Storage,Wardrobe,558.63,11,55.86,145.11
ORD-2022-02023,2023-02-03,C0197,Richard Wilson,Home Office,USA,North America,Texas,Houston,Technology,Accessories,Webcam,25119.16,17,0.0,4989.34
ORD-2023-02024,2024-08-26,C0088,Elizabeth Brown,Consumer,India,Asia,Maharashtra,Mumbai,Office Supplies,Binders,Expansion Folder,303.66,17,15.18,89.73
ORD-2023-02025,2023-11-06,C0038,John Brown,Corporate,USA,North America,California,Los Angeles,Furniture,Tables,Coffee Table,4988.96,20,0.0,791.6
ORD-2022-02026,2024-07-02,C0179,Jennifer Thomas,Consumer,Australia,Oceania,Victoria,Melbourne,Furniture,Tables,Coffee Table,478.81,4,0.0,69.46
ORD-2024-02027,2024-04-05,C0073,Elizabeth Smith,Home Office,China,Asia,Beijing,Beijing,Technology,Laptops,Lenovo ThinkPad,4746.46,7,237.32,1532.77
ORD-2023-02028,2024-03-09,C0022,David Smith,Consumer,Germany,Europe,Bavaria,Munich,Office Supplies,Paper,Legal Pad,380.69,15,0.0,131.21
ORD-2023-02029,2024-09-17,C0078,Mary Wilson,Corporate,Japan,Asia,Tokyo,Tokyo,Office Supplies,Binders,3-Ring Binder,68.32,3,0.0,24.23
ORD-2024-02030,2024-04-16,C0147,John Hernandez,Home Office,USA,North America,California,Los Angeles,Office Supplies,Binders,3-Ring Binder,58.45,5,2.92,15.02
ORD-2022-02031,2023-08-07,C0063,Michael Anderson,Home Office,USA,North America,California,Los Angeles,Technology,Laptops,MacBook Pro 14,5225.75,20,522.58,1787.45
ORD-2022-02032,2024-01-24,C0039,Barbara Brown,Home Office,China,Asia,Beijing,Beijing,Furniture,Tables,Dining Table,2626.12,5,131.31,343.88
ORD-2023-02033,2022-08-22,C0155,Barbara Anderson,Home Office,Canada,North America,Ontario,Toronto,Technology,Laptops,HP Spectre x360,5213.26,16,0.0,1636.6
ORD-2024-02034,2022-03-11,C0127,Jessica Jones,Consumer,USA,North America,Texas,Houston,Technology,Accessories,Webcam,5182.39,6,518.24,1201.6
ORD-2022-02035,2022-04-05,C0020,Michael Williams,Consumer,Australia,Oceania,New South Wales,Sydney,Office Supplies,Binders,Report Cover,886.06,19,0.0,120.24
ORD-2023-02036,2023-08-01,C0009,John Martinez,Corporate,China,Asia,Beijing,Beijing,Office Supplies,Art,Sketchbook,491.85,14,49.19,46.58
ORD-2023-02037,2023-11-10,C0106,John Rodriguez,Home Office,India,Asia,Maharashtra,Mumbai,Office Supplies,Binders,Expansion Folder,47.42,1,2.37,17.69
ORD-2022-02038,2023-08-08,C0012,Patricia Johnson,Home Office,Australia,Oceania,New South Wales,Sydney,Office Supplies,Binders,Expansion Folder,321.67,8,0.0,59.42
ORD-2024-02039,2022-08-28,C0031,Robert Garcia,Corporate,Australia,Oceania,Victoria,Melbourne,Office Supplies,Art,Markers,106.97,3,10.7,18.89
ORD-2022-02040,2023-11-10,C0160,David Williams,Corporate,USA,North America,Texas,Houston,Office Supplies,Paper,Legal Pad,32.53,6,0.0,13.0
ORD-2023-02041,2024-04-22,C0016,James Lopez,Corporate,China,Asia,Beijing,Beijing,Technology,Accessories,Mechanical Keyboard,7328.03,13,366.4,2296.19
ORD-2023-02042,2024-05-10,C0146,Mary Gonzalez,Corporate,China,Asia,Beijing,Beijing,Furniture,Tables,Coffee Table,1994.02,4,199.4,660.33
ORD-2024-02043,2023-11-12,C0198,Joseph Martinez,Home Office,France,Europe,Ile-de-France,Paris,Furniture,Storage,File Cabinet,4118.45,15,823.69,1060.47
ORD-2023-02044,2023-07-18,C0130,Mary Johnson,Corporate,Australia,Oceania,New South Wales,Sydney,Furniture,Storage,Bookshelf,2027.19,9,405.44,325.13
ORD-2023-02045,2022-11-22,C0138,Mary Martinez,Home Office,USA,North America,Texas,Houston,Office Supplies,Art,Markers,55.8,4,2.79,17.9
ORD-2022-02046,2024-01-20,C0160,David Williams,Corporate,USA,North America,California,Los Angeles,Furniture,Tables,Coffee Table,4668.16,8,933.63,927.29
ORD-2023-02047,2024-09-11,C0191,Jessica Brown,Corporate,Australia,Oceania,New South Wales,Sydney,Technology,Accessories,Mechanical Keyboard,25963.95,18,1298.2,8053.88
ORD-2023-02048,2022-12-01,C0104,Mary Jones,Consumer,France,Europe,Ile-de-France,Paris,Furniture,Storage,Bookshelf,738.31,4,0.0,263.28
ORD-2022-02049,2023-05-18,C0086,Jennifer Gonzalez,Home Office,India,Asia,Maharashtra,Mumbai,Furniture,Storage,Wardrobe,705.0,2,70.5,94.02
ORD-2022-02050,2023-06-10,C0199,Jessica Smith,Consumer,Japan,Asia,Tokyo,Tokyo,Technology,Laptops,HP Spectre x360,10200.17,8,1020.02,3385.75
ORD-2023-02051,2023-05-24,C0152,Jessica Anderson,Home Office,Japan,Asia,Tokyo,Tokyo,Technology,Accessories,Mechanical Keyboard,2130.86,18,106.54,259.71
ORD-2022-02052,2024-06-23,C0027,Barbara Miller,Corporate,Germany,Europe,Bavaria,Munich,Furniture,Tables,Dining Table,3439.78,15,343.98,787.13
ORD-2024-02053,2022-06-02,C0167,William Anderson,Consumer,Australia,Oceania,New South Wales,Sydney,Office Supplies,Paper,Legal Pad,310.99,16,31.1,100.71
ORD-2024-02054,2022-06-11,C0157,Linda Smith,Corporate,USA,North America,California,Los Angeles,Furniture,Tables,Study Desk,1975.56,5,395.11,539.47
ORD-2022-02055,2024-09-01,C0101,Patricia Williams,Corporate,Germany,Europe,Bavaria,Munich,Technology,Phones,Pixel 6,13901.94,16,695.1,3730.85
ORD-2023-02056,2022-09-06,C0195,William Hernandez,Consumer,China,Asia,Beijing,Beijing,Furniture,Chairs,Ergonomic Executive Chair,3293.51,13,0.0,1089.92
ORD-2024-02057,2022-07-16,C0020,Michael Williams,Home Office,USA,North America,Texas,Houston,Furniture,Tables,Dining Table,839.34,3,167.87,70.91
ORD-2023-02058,2022-10-18,C0069,Mary Jones,Corporate,Germany,Europe,Bavaria,Munich,Furniture,Chairs,Stool,2666.91,10,0.0,1022.23
ORD-2023-02059,2022-09-26,C0009,John Martinez,Corporate,Japan,Asia,Tokyo,Tokyo,Technology,Laptops,HP Spectre x360,369.39,1,18.47,134.7
ORD-2022-02060,2023-09-29,C0170,Mary Smith,Home Office,China,Asia,Beijing,Beijing,Office Supplies,Binders,Expansion Folder,407.53,9,20.38,125.14
ORD-2024-02061,2022-06-08,C0197,Richard Wilson,Corporate,Japan,Asia,Tokyo,Tokyo,Office Supplies,Binders,3-Ring Binder,297.14,11,0.0,70.32
ORD-2023-02062,2024-06-08,C0105,Barbara Hernandez,Corporate,France,Europe,Ile-de-France,Paris,Office Supplies,Paper,Sticky Notes,273.05,14,0.0,93.88
ORD-2024-02063,2023-11-16,C0107,James Garcia,Consumer,India,Asia,Maharashtra,Mumbai,Furniture,Tables,Coffee Table,3770.35,11,188.52,536.92
ORD-2023-02064,2024-09-03,C0002,Susan Martinez,Corporate,Australia,Oceania,Victoria,Melbourne,Furniture,Storage,File Cabinet,4363.48,8,0.0,1715.59
ORD-2022-02065,2022-01-16,C0079,David Gonzalez,Home Office,India,Asia,Maharashtra,Mumbai,Technology,Accessories,Wireless Mouse,22287.84,20,1114.39,8376.56
ORD-2024-02066,2022-06-07,C0159,Susan Smith,Home Office,Australia,Oceania,New South Wales,Sydney,Office Supplies,Binders,Expansion Folder,139.32,3,6.97,33.96
ORD-2023-02067,2024-09-06,C0115,Mary Wilson,Consumer,UK,Europe,England,London,Technology,Accessories,Mechanical Keyboard,7234.5,11,0.0,2083.44
ORD-2022-02068,2023-07-31,C0030,Michael Rodriguez,Corporate,UK,Europe,England,London,Furniture,Storage,Bookshelf,386.57,5,0.0,59.91
ORD-2024-02069,2023-12-28,C0168,Patricia Hernandez,Home Office,UK,Europe,England,London,Technology,Phones,iPhone 13,2518.15,4,503.63,509.2
ORD-2022-02070,2022-12-22,C0148,Linda Jones,Home Office,Japan,Asia,Tokyo,Tokyo,Office Supplies,Binders,Expansion Folder,265.77,13,53.15,55.78
ORD-2022-02071,2023-04-20,C0063,Michael Anderson,Corporate,Australia,Oceania,New South Wales,Sydney,Technology,Accessories,Webcam,21813.67,15,1090.68,8132.93
ORD-2022-02072,2023-02-18,C0163,Joseph Hernandez,Corporate,UK,Europe,England,London,Office Supplies,Binders,3-Ring Binder,743.04,17,0.0,292.15
ORD-2024-02073,2023-07-29,C0120,Jessica Martinez,Home Office,Canada,North America,Ontario,Toronto,Furniture,Storage,File Cabinet,1354.49,5,0.0,341.4
ORD-2022-02074,2024-07-19,C0156,David Martinez,Consumer,USA,North America,Texas,Houston,Furniture,Storage,Wardrobe,6301.24,12,0.0,2155.77
ORD-2022-02075,2024-08-18,C0077,James Davis,Consumer,Australia,Oceania,Victoria,Melbourne,Furniture,Chairs,Gaming Chair,475.99,4,95.2,63.01
ORD-2023-02076,2022-07-27,C0149,Richard Garcia,Home Office,Australia,Oceania,New South Wales,Sydney,Furniture,Chairs,Ergonomic Executive Chair,2951.32,8,590.26,446.92
ORD-2023-02077,2022-12-01,C0112,John Williams,Consumer,Germany,Europe,Bavaria,Munich,Furniture,Storage,Wardrobe,3228.13,7,645.63,528.11
ORD-2023-02078,2022-06-26,C0173,John Thomas,Home Office,Germany,Europe,Bavaria,Munich,Furniture,Storage,File Cabinet,8043.58,18,1608.72,2435.45
ORD-2023-02079,2024-07-10,C0069,Mary Jones,Corporate,Australia,Oceania,Victoria,Melbourne,Office Supplies,Art,Markers,461.33,13,92.27,134.25
ORD-2023-02080,2022-09-19,C0193,Linda Williams,Home Office,Australia,Oceania,New South Wales,Sydney,Office Supplies,Binders,3-Ring Binder,172.18,11,34.44,53.97
ORD-2023-02081,2024-06-10,C0157,Linda Smith,Home Office,UK,Europe,England,London,Furniture,Chairs,Ergonomic Executive Chair,428.0,7,42.8,55.27
ORD-2023-02082,2023-11-20,C0041,Patricia Wilson,Home Office,Japan,Asia,Tokyo,Tokyo,Office Supplies,Paper,Sticky Notes,43.56,3,8.71,12.51
ORD-2023-02083,2023-12-17,C0115,Mary Wilson,Consumer,China,Asia,Beijing,Beijing,Technology,Laptops,Lenovo ThinkPad,5045.14,20,252.26,1177.06
ORD-2024-02084,2023-03-29,C0044,Richard Miller,Home Office,Australia,Oceania,New South Wales,Sydney,Office Supplies,Art,Watercolor Set,114.52,4,22.9,34.81
ORD-2023-02085,2023-06-30,C0165,Robert Williams,Corporate,Australia,Oceania,New South Wales,Sydney,Furniture,Tables,Study Desk,1865.66,7,186.57,447.04
ORD-2022-02086,2024-06-26,C0140,David Miller,Consumer,France,Europe,Ile-de-France,Paris,Office Supplies,Paper,Cardstock,118.83,6,5.94,14.94
ORD-2022-02087,2022-02-28,C0123,Susan Garcia,Home Office,Germany,Europe,Bavaria,Munich,Office Supplies,Art,Markers,18.88,1,3.78,4.47
ORD-2024-02088,2024-05-19,C0045,Jessica Smith,Corporate,UK,Europe,England,London,Technology,Phones,Nokia G20,8025.97,7,802.6,782.31
ORD-2024-02089,2022-08-22,C0125,Jennifer Davis,Home Office,Australia,Oceania,Victoria,Melbourne,Technology,Laptops,HP Spectre x360,7964.05,16,398.2,2067.2
ORD-2023-02090,2022-10-17,C0055,John Jones,Home Office,China,Asia,Beijing,Beijing,Office Supplies,Binders,Report Cover,37.32,1,7.46,7.79
ORD-2024-02091,2022-04-27,C0168,Patricia Hernandez,Home Office,Japan,Asia,Tokyo,Tokyo,Furniture,Storage,Wardrobe,2994.11,5,299.41,429.73
ORD-2024-02092,2023-10-23,C0024,Patricia Gonzalez,Consumer,Australia,Oceania,Victoria,Melbourne,Furniture,Chairs,Ergonomic Executive Chair,3034.16,6,0.0,790.87
ORD-2023-02093,2023-07-20,C0190,Jessica Wilson,Corporate,Australia,Oceania,New South Wales,Sydney,Furniture,Chairs,Gaming Chair,2565.53,16,256.55,536.38
ORD-2024-02094,2024-02-06,C0014,Mary Martinez,Consumer,Japan,Asia,Tokyo,Tokyo,Technology,Accessories,Mechanical Keyboard,5658.22,5,0.0,1806.31
ORD-2022-02095,2023-10-15,C0039,Barbara Brown,Consumer,USA,North America,New York,New York City,Technology,Accessories,Mechanical Keyboard,19191.59,20,959.58,3542.71
ORD-2024-02096,2022-06-10,C0180,Joseph Wilson,Home Office,Japan,Asia,Tokyo,Tokyo,Office Supplies,Binders,Expansion Folder,62.52,8,0.0,8.35
ORD-2022-02097,2023-10-20,C0173,John Thomas,Home Office,France,Europe,Ile-de-France,Paris,Office Supplies,Paper,Sticky Notes,134.33,7,6.72,35.76
ORD-2022-02098,2023-07-17,C0069,Mary Jones,Corporate,Canada,North America,Ontario,Toronto,Office Supplies,Paper,Legal Pad,578.62,19,57.86,187.89
ORD-2022-02099,2023-02-07,C0129,Elizabeth Johnson,Consumer,USA,North America,California,Los Angeles,Office Supplies,Paper,A4 Printer Paper,154.74,15,7.74,24.99
ORD-2024-02100,2022-12-22,C0150,Elizabeth Gonzalez,Corporate,Canada,North America,Ontario,Toronto,Furniture,Chairs,Office Chair,7286.36,13,1457.27,616.32
ORD-2022-02101,2022-10-05,C0198,Joseph Martinez,Consumer,India,Asia,Maharashtra,Mumbai,Technology,Laptops,Dell XPS 15,5619.45,5,0.0,709.83
ORD-2024-02102,2023-07-09,C0057,Michael Gonzalez,Consumer,Japan,Asia,Tokyo,Tokyo,Furniture,Chairs,Office Chair,6062.97,16,1212.59,1438.62
ORD-2024-02103,2024-08-05,C0120,Jessica Martinez,Corporate,USA,North America,Texas,Houston,Office Supplies,Art,Markers,94.87,12,18.97,10.15
ORD-2024-02104,2022-07-28,C0171,Joseph Brown,Corporate,India,Asia,Maharashtra,Mumbai,Furniture,Tables,Conference Table,3096.84,8,619.37,474.14
ORD-2022-02105,2022-03-16,C0183,Barbara Johnson,Consumer,UK,Europe,England,London,Technology,Laptops,Lenovo ThinkPad,7351.08,11,0.0,966.84
ORD-2024-02106,2023-04-12,C0073,Elizabeth Smith,Corporate,USA,North America,Texas,Houston,Office Supplies,Binders,Expansion Folder,481.08,14,24.05,106.57
ORD-2023-02107,2022-04-29,C0197,Richard Wilson,Home Office,USA,North America,California,Los Angeles,Office Supplies,Art,Sketchbook,21.08,1,1.05,4.3
ORD-2023-02108,2023-06-07,C0179,Jennifer Thomas,Consumer,Canada,North America,Ontario,Toronto,Office Supplies,Art,Watercolor Set,215.17,12,0.0,47.91
ORD-2023-02109,2023-12-12,C0012,Patricia Johnson,Consumer,USA,North America,New York,New York City,Technology,Phones,Samsung Galaxy S21,5297.87,8,264.89,1525.04
ORD-2024-02110,2024-05-11,C0143,Joseph Gonzalez,Corporate,USA,North America,Texas,Houston,Furniture,Tables,Conference Table,4043.6,9,202.18,1119.0
ORD-2023-02111,2024-09-16,C0134,William Wilson,Consumer,Canada,North America,Ontario,Toronto,Office Supplies,Art,Sketchbook,242.51,8,0.0,65.73
ORD-2022-02112,2023-03-07,C0162,James Rodriguez,Consumer,UK,Europe,England,London,Office Supplies,Art,Markers,482.04,17,96.41,62.76
ORD-2024-02113,2024-04-04,C0135,Linda Johnson,Consumer,USA,North America,Texas,Houston,Office Supplies,Paper,Cardstock,280.89,8,56.18,70.82
ORD-2024-02114,2022-10-12,C0138,Mary Martinez,Corporate,Australia,Oceania,Victoria,Melbourne,Technology,Phones,Pixel 6,11188.04,19,0.0,4156.93
ORD-2022-02115,2022-09-20,C0006,John Martinez,Corporate,Canada,North America,Ontario,Toronto,Furniture,Chairs,Gaming Chair,8232.28,14,823.23,1028.73
ORD-2024-02116,2022-06-16,C0196,John Smith,Home Office,France,Europe,Ile-de-France,Paris,Technology,Phones,Samsung Galaxy S21,6225.02,10,311.25,2111.96
ORD-2022-02117,2022-03-30,C0040,Linda Garcia,Corporate,Canada,North America,Ontario,Toronto,Office Supplies,Paper,Cardstock,301.89,7,30.19,36.27
ORD-2023-02118,2023-11-12,C0024,Patricia Gonzalez,Consumer,USA,North America,Texas,Houston,Technology,Phones,iPhone 13,1684.09,16,84.2,181.89
ORD-2024-02119,2022-04-14,C0169,William Gonzalez,Corporate,China,Asia,Beijing,Beijing,Office Supplies,Art,Markers,295.57,16,14.78,92.06
ORD-2022-02120,2022-08-28,C0191,Jessica Brown,Consumer,USA,North America,California,Los Angeles,Furniture,Tables,Coffee Table,7310.57,16,365.53,1712.18
ORD-2022-02121,2023-07-08,C0153,John Thomas,Consumer,UK,Europe,England,London,Technology,Accessories,Webcam,2105.53,4,0.0,465.9
ORD-2023-02122,2022-10-19,C0168,Patricia Hernandez,Consumer,Australia,Oceania,New South Wales,Sydney,Technology,Accessories,Wireless Mouse,4559.58,5,227.98,585.86
ORD-2022-02123,2023-11-22,C0010,William Brown,Home Office,China,Asia,Beijing,Beijing,Technology,Phones,iPhone 13,20774.71,16,4154.94,2308.59
ORD-2024-02124,2024-06-22,C0144,Michael Jones,Corporate,France,Europe,Ile-de-France,Paris,Technology,Laptops,Lenovo ThinkPad,8285.67,9,0.0,1468.55
ORD-2022-02125,2022-03-21,C0066,Richard Williams,Consumer,Australia,Oceania,Victoria,Melbourne,Furniture,Chairs,Stool,6906.37,18,0.0,1483.51
ORD-2023-02126,2023-05-28,C0072,Richard Jones,Corporate,China,Asia,Beijing,Beijing,Technology,Laptops,Dell XPS 15,4666.87,19,233.34,1176.52
ORD-2024-02127,2024-05-29,C0090,Patricia Davis,Consumer,France,Europe,Ile-de-France,Paris,Technology,Accessories,Wireless Mouse,9433.3,10,0.0,1099.38
ORD-2023-02128,2024-05-18,C0195,William Hernandez,Consumer,USA,North America,California,Los Angeles,Office Supplies,Paper,Cardstock,66.79,2,6.68,18.52
ORD-2024-02129,2024-01-09,C0187,Joseph Rodriguez,Home Office,China,Asia,Beijing,Beijing,Office Supplies,Art,Markers,143.65,3,14.37,44.36
ORD-2023-02130,2024-01-10,C0070,Jessica Anderson,Home Office,France,Europe,Ile-de-France,Paris,Furniture,Tables,Coffee Table,5698.52,12,0.0,1265.93
ORD-2023-02131,2024-03-02,C0023,Jennifer Gonzalez,Home Office,Australia,Oceania,New South Wales,Sydney,Technology,Accessories,Wireless Mouse,20903.52,18,1045.18,7356.42
ORD-2024-02132,2022-10-20,C0141,Joseph Lopez,Corporate,Australia,Oceania,Victoria,Melbourne,Furniture,Tables,Dining Table,6846.17,20,0.0,2442.56
ORD-2023-02133,2022-11-04,C0033,Joseph Johnson,Home Office,USA,North America,Texas,Houston,Furniture,Storage,Wardrobe,2892.79,10,578.56,693.77
ORD-2023-02134,2024-09-18,C0026,Barbara Jones,Corporate,Australia,Oceania,New South Wales,Sydney,Furniture,Storage,File Cabinet,8639.88,16,863.99,2168.44
ORD-2023-02135,2023-09-30,C0056,Mary Brown,Corporate,Canada,North America,Ontario,Toronto,Office Supplies,Art,Watercolor Set,843.41,20,0.0,132.16
ORD-2024-02136,2024-02-27,C0112,John Williams,Consumer,USA,North America,California,Los Angeles,Furniture,Tables,Conference Table,2647.62,6,529.52,571.14
ORD-2024-02137,2023-08-20,C0144,Michael Jones,Consumer,Australia,Oceania,Victoria,Melbourne,Office Supplies,Paper,Legal Pad,113.7,5,0.0,32.76
ORD-2022-02138,2023-09-14,C0172,Richard Garcia,Corporate,Australia,Oceania,New South Wales,Sydney,Technology,Laptops,Dell XPS 15,2094.44,14,0.0,794.19
ORD-2023-02139,2022-04-08,C0130,Mary Johnson,Home Office,France,Europe,Ile-de-France,Paris,Technology,Accessories,USB-C Hub,10841.9,18,2168.38,2440.14
ORD-2024-02140,2024-08-29,C0125,Jennifer Davis,Corporate,India,Asia,Maharashtra,Mumbai,Furniture,Chairs,Stool,730.49,2,146.1,172.65
ORD-2022-02141,2023-02-08,C0069,Mary Jones,Corporate,UK,Europe,England,London,Technology,Laptops,MacBook Pro 14,24816.96,17,4963.39,6746.21
ORD-2022-02142,2023-04-27,C0144,Michael Jones,Corporate,UK,Europe,England,London,Office Supplies,Art,Markers,201.11,11,0.0,62.1
ORD-2023-02143,2024-06-30,C0181,William Thomas,Consumer,Australia,Oceania,New South Wales,Sydney,Technology,Laptops,HP Spectre x360,7884.86,10,394.24,1514.02
ORD-2022-02144,2022-03-14,C0111,Mary Miller,Corporate,USA,North America,New York,New York City,Furniture,Tables,Conference Table,969.03,13,193.81,269.28
ORD-2024-02145,2022-11-27,C0097,Jessica Garcia,Consumer,USA,North America,New York,New York City,Technology,Laptops,HP Spectre x360,20051.74,16,0.0,3433.17
ORD-2024-02146,2023-10-20,C0004,Jessica Davis,Home Office,France,Europe,Ile-de-France,Paris,Technology,Laptops,HP Spectre x360,10000.31,12,0.0,1624.22
ORD-2024-02147,2023-04-08,C0032,Linda Rodriguez,Consumer,Germany,Europe,Bavaria,Munich,Office Supplies,Art,Markers,594.95,20,0.0,160.77
ORD-2023-02148,2022-04-28,C0103,Richard Miller,Corporate,Australia,Oceania,Victoria,Melbourne,Furniture,Storage,Wardrobe,2041.11,12,0.0,772.34
ORD-2023-02149,2023-07-10,C0141,Joseph Lopez,Consumer,China,Asia,Beijing,Beijing,Technology,Accessories,Wireless Mouse,2760.09,12,138.0,624.21
ORD-2024-02150,2023-04-04,C0136,Barbara Smith,Consumer,China,Asia,Beijing,Beijing,Office Supplies,Paper,Sticky Notes,101.76,13,0.0,37.4
ORD-2024-02151,2023-10-26,C0054,Patricia Johnson,Home Office,Australia,Oceania,Victoria,Melbourne,Technology,Accessories,USB-C Hub,1379.21,1,137.92,311.94
ORD-2022-02152,2023-10-24,C0032,Linda Rodriguez,Consumer,USA,North America,California,Los Angeles,Furniture,Storage,File Cabinet,2036.56,11,407.31,497.21
ORD-2022-02153,2023-12-23,C0070,Jessica Anderson,Corporate,Canada,North America,Ontario,Toronto,Furniture,Storage,Wardrobe,590.42,1,118.08,162.54
ORD-2023-02154,2023-12-15,C0120,Jessica Martinez,Home Office,UK,Europe,England,London,Technology,Laptops,Lenovo ThinkPad,8388.44,13,419.42,1620.03
ORD-2024-02155,2023-08-25,C0161,Michael Jones,Consumer,Japan,Asia,Tokyo,Tokyo,Technology,Phones,iPhone 13,10315.94,10,0.0,2440.18
ORD-2022-02156,2022-04-14,C0112,John Williams,Corporate,USA,North America,New York,New York City,Office Supplies,Binders,Expansion Folder,133.57,3,6.68,19.92
ORD-2024-02157,2023-01-07,C0173,John Thomas,Consumer,France,Europe,Ile-de-France,Paris,Technology,Laptops,Dell XPS 15,678.97,1,33.95,219.87
ORD-2022-02158,2024-06-13,C0177,Joseph Miller,Consumer,USA,North America,New York,New York City,Furniture,Chairs,Office Chair,1129.65,2,56.48,318.75
ORD-2023-02159,2024-02-12,C0163,Joseph Hernandez,Consumer,France,Europe,Ile-de-France,Paris,Technology,Accessories,Webcam,6731.11,16,336.56,1193.97
ORD-2024-02160,2024-01-01,C0058,David Garcia,Home Office,Australia,Oceania,Victoria,Melbourne,Furniture,Tables,Study Desk,1382.32,19,138.23,359.74
ORD-2022-02161,2022-02-02,C0107,James Garcia,Home Office,UK,Europe,England,London,Technology,Accessories,USB-C Hub,2356.65,16,0.0,747.35
ORD-2024-02162,2023-04-27,C0002,Susan Martinez,Consumer,Japan,Asia,Tokyo,Tokyo,Office Supplies,Paper,A4 Printer Paper,78.12,3,3.91,12.79
ORD-2024-02163,2023-03-26,C0182,Mary Wilson,Corporate,USA,North America,New York,New York City,Technology,Accessories,USB-C Hub,2046.67,3,0.0,382.16
ORD-2023-02164,2023-09-13,C0011,Patricia Hernandez,Home Office,India,Asia,Maharashtra,Mumbai,Technology,Phones,Pixel 6,9460.54,7,0.0,1360.34
ORD-2024-02165,2023-07-07,C0113,Mary Johnson,Consumer,Japan,Asia,Tokyo,Tokyo,Technology,Accessories,Wireless Mouse,12234.35,12,0.0,2827.13
ORD-2024-02166,2023-06-13,C0180,Joseph Wilson,Corporate,France,Europe,Ile-de-France,Paris,Technology,Phones,iPhone 13,17429.59,20,0.0,5281.42
ORD-2023-02167,2022-08-19,C0027,Barbara Miller,Corporate,USA,North America,California,Los Angeles,Office Supplies,Art,Watercolor Set,437.46,18,0.0,104.21
ORD-2024-02168,2023-02-04,C0093,Elizabeth Davis,Corporate,Australia,Oceania,New South Wales,Sydney,Furniture,Storage,Bookshelf,2081.52,14,208.15,659.09
ORD-2022-02169,2023-05-14,C0160,David Williams,Consumer,Australia,Oceania,Victoria,Melbourne,Furniture,Chairs,Stool,876.04,2,175.21,135.98
ORD-2022-02170,2023-09-08,C0041,Patricia Wilson,Consumer,France,Europe,Ile-de-France,Paris,Furniture,Tables,Dining Table,3542.47,7,0.0,757.51
ORD-2024-02171,2023-08-16,C0005,James Martinez,Consumer,UK,Europe,England,London,Office Supplies,Binders,Expansion Folder,440.26,15,22.01,76.77
ORD-2023-02172,2023-11-23,C0075,James Davis,Corporate,Australia,Oceania,New South Wales,Sydney,Furniture,Chairs,Gaming Chair,1527.92,5,0.0,324.25
ORD-2024-02173,2023-11-02,C0085,Elizabeth Smith,Home Office,USA,North America,New York,New York City,Office Supplies,Paper,Sticky Notes,211.35,5,42.27,63.31
ORD-2024-02174,2023-04-04,C0194,Robert Wilson,Corporate,Canada,North America,Ontario,Toronto,Office Supplies,Binders,Expansion Folder,603.07,15,0.0,141.16
ORD-2022-02175,2023-11-26,C0065,Barbara Williams,Corporate,Japan,Asia,Tokyo,Tokyo,Office Supplies,Art,Watercolor Set,74.82,4,0.0,16.44
ORD-2022-02176,2023-04-07,C0136,Barbara Smith,Home Office,India,Asia,Maharashtra,Mumbai,Furniture,Chairs,Stool,417.23,7,0.0,72.14
ORD-2022-02177,2022-08-15,C0052,David Miller,Corporate,France,Europe,Ile-de-France,Paris,Furniture,Tables,Study Desk,186.63,1,18.66,38.88
ORD-2023-02178,2022-03-14,C0191,Jessica Brown,Corporate,Canada,North America,Ontario,Toronto,Office Supplies,Binders,Expansion Folder,96.63,2,0.0,22.43
ORD-2023-02179,2023-03-16,C0160,David Williams,Home Office,USA,North America,Texas,Houston,Furniture,Storage,Bookshelf,377.71,6,75.54,114.33
ORD-2024-02180,2022-05-09,C0143,Joseph Gonzalez,Consumer,USA,North America,Texas,Houston,Technology,Laptops,Lenovo ThinkPad,2275.46,3,0.0,607.7
ORD-2024-02181,2023-05-02,C0116,Joseph Rodriguez,Home Office,France,Europe,Ile-de-France,Paris,Technology,Accessories,Mechanical Keyboard,2288.37,4,114.42,445.98
ORD-2022-02182,2022-03-16,C0041,Patricia Wilson,Consumer,USA,North America,New York,New York City,Furniture,Chairs,Office Chair,530.37,2,26.52,189.49
ORD-2023-02183,2022-02-28,C0090,Patricia Davis,Consumer,Canada,North America,Ontario,Toronto,Furniture,Tables,Conference Table,1508.03,15,75.4,492.48
ORD-2022-02184,2023-10-17,C0061,Elizabeth Martinez,Home Office,Australia,Oceania,New South Wales,Sydney,Office Supplies,Binders,Report Cover,124.03,7,0.0,42.1
ORD-2024-02185,2022-07-22,C0016,James Lopez,Home Office,Australia,Oceania,Victoria,Melbourne,Furniture,Chairs,Office Chair,4960.19,9,992.04,857.46
ORD-2022-02186,2024-08-21,C0138,Mary Martinez,Consumer,USA,North America,New York,New York City,Technology,Laptops,MacBook Pro 14,5170.47,5,517.05,1082.28
ORD-2022-02187,2022-04-24,C0024,Patricia Gonzalez,Home Office,Australia,Oceania,New South Wales,Sydney,Office Supplies,Art,Markers,336.95,11,67.39,101.46
ORD-2022-02188,2023-05-05,C0189,Robert Thomas,Consumer,Japan,Asia,Tokyo,Tokyo,Office Supplies,Paper,A4 Printer Paper,405.43,11,0.0,82.93
ORD-2024-02189,2024-05-13,C0195,William Hernandez,Corporate,Australia,Oceania,Victoria,Melbourne,Technology,Laptops,Dell XPS 15,20587.99,16,0.0,4268.49
ORD-2022-02190,2022-07-02,C0147,John Hernandez,Corporate,Germany,Europe,Bavaria,Munich,Office Supplies,Art,Sketchbook,223.73,8,22.37,48.85
ORD-2024-02191,2022-04-09,C0018,Barbara Rodriguez,Consumer,France,Europe,Ile-de-France,Paris,Technology,Accessories,Wireless Mouse,158.36,1,31.67,32.67
ORD-2023-02192,2022-06-14,C0150,Elizabeth Gonzalez,Home Office,Canada,North America,Ontario,Toronto,Furniture,Tables,Conference Table,751.96,10,0.0,228.18
ORD-2022-02193,2023-02-15,C0024,Patricia Gonzalez,Consumer,Germany,Europe,Bavaria,Munich,Furniture,Chairs,Office Chair,838.34,5,83.83,232.31
ORD-2024-02194,2023-08-08,C0004,Jessica Davis,Corporate,France,Europe,Ile-de-France,Paris,Office Supplies,Binders,3-Ring Binder,364.48,8,18.22,128.8
ORD-2023-02195,2024-07-03,C0141,Joseph Lopez,Home Office,USA,North America,California,Los Angeles,Furniture,Storage,Wardrobe,2013.19,15,402.64,314.52
ORD-2022-02196,2023-05-10,C0200,Elizabeth Martinez,Consumer,Japan,Asia,Tokyo,Tokyo,Office Supplies,Art,Watercolor Set,214.65,19,21.47,34.25
ORD-2022-02197,2023-07-05,C0055,John Jones,Consumer,Germany,Europe,Bavaria,Munich,Office Supplies,Art,Sketchbook,123.73,5,0.0,15.19
ORD-2022-02198,2024-03-23,C0175,David Lopez,Corporate,Germany,Europe,Bavaria,Munich,Technology,Accessories,Webcam,9176.14,11,1835.23,2353.65
ORD-2022-02199,2024-03-26,C0019,Michael Lopez,Corporate,USA,North America,New York,New York City,Office Supplies,Art,Markers,330.45,16,33.05,68.63
ORD-2022-02200,2023-03-31,C0195,William Hernandez,Consumer,France,Europe,Ile-de-France,Paris,Office Supplies,Binders,3-Ring Binder,377.62,13,0.0,49.24
ORD-2023-02201,2022-12-23,C0137,Susan Johnson,Corporate,Japan,Asia,Tokyo,Tokyo,Technology,Phones,Nokia G20,11624.52,12,581.23,1904.04
ORD-2022-02202,2022-11-28,C0110,Jennifer Martinez,Corporate,USA,North America,New York,New York City,Office Supplies,Art,Markers,137.26,4,13.73,23.21
ORD-2024-02203,2023-08-06,C0126,Linda Johnson,Home Office,Germany,Europe,Bavaria,Munich,Furniture,Chairs,Stool,2343.25,20,234.33,578.82
ORD-2024-02204,2024-05-16,C0048,Jessica Thomas,Corporate,Japan,Asia,Tokyo,Tokyo,Technology,Accessories,Webcam,3566.61,5,713.32,655.0
ORD-2022-02205,2024-06-29,C0131,John Brown,Consumer,Australia,Oceania,New South Wales,Sydney,Furniture,Storage,Bookshelf,896.11,2,0.0,165.52
ORD-2022-02206,2023-05-09,C0078,Mary Wilson,Corporate,China,Asia,Beijing,Beijing,Technology,Laptops,Dell XPS 15,17144.41,12,3428.88,2474.36
ORD-2024-02207,2022-05-25,C0103,Richard Miller,Consumer,USA,North America,California,Los Angeles,Technology,Laptops,Dell XPS 15,176.76,1,35.35,40.55
ORD-2023-02208,2024-05-15,C0126,Linda Johnson,Home Office,Australia,Oceania,Victoria,Melbourne,Furniture,Storage,Wardrobe,1850.2,10,185.02,200.73
ORD-2024-02209,2024-03-18,C0019,Michael Lopez,Home Office,Australia,Oceania,New South Wales,Sydney,Office Supplies,Binders,Report Cover,22.78,1,1.14,2.51
ORD-2023-02210,2022-04-15,C0012,Patricia Johnson,Home Office,USA,North America,Texas,Houston,Office Supplies,Art,Sketchbook,320.69,8,0.0,38.94
ORD-2023-02211,2022-07-26,C0099,Susan Anderson,Home Office,UK,Europe,England,London,Office Supplies,Paper,A4 Printer Paper,43.88,2,0.0,5.01
ORD-2023-02212,2023-01-26,C0170,Mary Smith,Consumer,Australia,Oceania,Victoria,Melbourne,Furniture,Storage,Wardrobe,2037.12,19,203.71,351.69
ORD-2022-02213,2022-03-10,C0127,Jessica Jones,Corporate,Australia,Oceania,Victoria,Melbourne,Furniture,Storage,Bookshelf,391.83,1,0.0,130.28
ORD-2023-02214,2023-07-19,C0049,Mary Martinez,Corporate,UK,Europe,England,London,Office Supplies,Binders,Expansion Folder,83.57,9,0.0,19.37
ORD-2023-02215,2024-06-11,C0185,Richard Anderson,Home Office,UK,Europe,England,London,Technology,Laptops,HP Spectre x360,11812.36,9,0.0,3802.96
ORD-2022-02216,2023-05-21,C0122,Patricia Garcia,Corporate,Australia,Oceania,New South Wales,Sydney,Furniture,Tables,Conference Table,397.14,5,19.86,124.72
ORD-2024-02217,2024-04-07,C0084,Barbara Wilson,Consumer,USA,North America,California,Los Angeles,Technology,Laptops,Lenovo ThinkPad,4849.03,20,969.81,676.86
ORD-2023-02218,2024-06-09,C0124,Robert Thomas,Home Office,Australia,Oceania,New South Wales,Sydney,Office Supplies,Art,Watercolor Set,799.96,20,40.0,173.73
ORD-2024-02219,2022-04-26,C0110,Jennifer Martinez,Corporate,USA,North America,California,Los Angeles,Furniture,Storage,Bookshelf,9868.26,20,0.0,2705.04
ORD-2023-02220,2023-07-15,C0073,Elizabeth Smith,Consumer,Australia,Oceania,New South Wales,Sydney,Furniture,Storage,Wardrobe,808.21,11,0.0,109.1
ORD-2023-02221,2022-03-25,C0189,Robert Thomas,Home Office,USA,North America,California,Los Angeles,Technology,Phones,Pixel 6,10483.93,13,2096.79,2092.75
ORD-2022-02222,2023-11-07,C0168,Patricia Hernandez,Consumer,Japan,Asia,Tokyo,Tokyo,Office Supplies,Art,Watercolor Set,169.49,12,0.0,18.01
ORD-2024-02223,2024-06-08,C0002,Susan Martinez,Corporate,India,Asia,Maharashtra,Mumbai,Office Supplies,Art,Markers,360.19,13,18.01,92.12
ORD-2023-02224,2023-04-18,C0139,Joseph Garcia,Corporate,Australia,Oceania,New South Wales,Sydney,Furniture,Chairs,Office Chair,4738.94,11,0.0,1675.84
ORD-2024-02225,2024-03-27,C0187,Joseph Rodriguez,Corporate,USA,North America,New York,New York City,Office Supplies,Art,Sketchbook,17.93,3,0.0,6.79
ORD-2024-02226,2024-02-29,C0172,Richard Garcia,Consumer,USA,North America,Texas,Houston,Furniture,Tables,Dining Table,543.54,1,54.35,174.89
ORD-2024-02227,2022-05-03,C0013,Richard Davis,Consumer,UK,Europe,England,London,Technology,Accessories,Webcam,5684.05,20,0.0,2268.34
ORD-2022-02228,2022-04-02,C0159,Susan Smith,Consumer,Australia,Oceania,New South Wales,Sydney,Furniture,Tables,Dining Table,3454.06,8,345.41,1150.0
ORD-2022-02229,2022-07-21,C0118,Mary Hernandez,Consumer,Australia,Oceania,New South Wales,Sydney,Technology,Phones,iPhone 13,734.4,4,146.88,148.13
ORD-2022-02230,2023-06-28,C0003,John Brown,Corporate,Australia,Oceania,New South Wales,Sydney,Furniture,Tables,Study Desk,1328.61,13,265.72,151.4
ORD-2022-02231,2023-12-13,C0082,Jessica Martinez,Corporate,UK,Europe,England,London,Office Supplies,Art,Sketchbook,397.56,12,39.76,38.65
ORD-2024-02232,2023-01-14,C0017,William Thomas,Corporate,Canada,North America,Ontario,Toronto,Furniture,Storage,Bookshelf,8960.89,19,448.04,3148.89
ORD-2022-02233,2023-07-17,C0170,Mary Smith,Corporate,India,Asia,Maharashtra,Mumbai,Technology,Accessories,USB-C Hub,2822.98,2,282.3,779.24
ORD-2022-02234,2023-08-01,C0076,Jennifer Miller,Corporate,Canada,North America,Ontario,Toronto,Office Supplies,Paper,Sticky Notes,717.43,18,0.0,110.28
ORD-2024-02235,2023-06-12,C0111,Mary Miller,Consumer,France,Europe,Ile-de-France,Paris,Furniture,Tables,Dining Table,1553.15,3,77.66,247.31
ORD-2022-02236,2022-07-24,C0027,Barbara Miller,Corporate,USA,North America,California,Los Angeles,Furniture,Chairs,Office Chair,6438.79,13,321.94,698.54
ORD-2023-02237,2022-10-02,C0059,Jessica Thomas,Corporate,China,Asia,Beijing,Beijing,Technology,Phones,Nokia G20,8510.39,9,0.0,2594.64
ORD-2023-02238,2023-01-10,C0185,Richard Anderson,Corporate,Australia,Oceania,New South Wales,Sydney,Furniture,Tables,Conference Table,2784.1,8,278.41,348.36
ORD-2022-02239,2022-10-03,C0084,Barbara Wilson,Consumer,China,Asia,Beijing,Beijing,Office Supplies,Binders,Report Cover,35.79,1,3.58,8.63
ORD-2023-02240,2022-04-26,C0136,Barbara Smith,Home Office,Australia,Oceania,New South Wales,Sydney,Technology,Laptops,Lenovo ThinkPad,18160.96,19,0.0,3420.06
ORD-2022-02241,2024-07-01,C0072,Richard Jones,Consumer,France,Europe,Ile-de-France,Paris,Furniture,Tables,Study Desk,3565.15,7,178.26,342.32
ORD-2024-02242,2022-07-08,C0013,Richard Davis,Home Office,Australia,Oceania,Victoria,Melbourne,Technology,Phones,iPhone 13,8461.45,13,1692.29,1930.92
ORD-2024-02243,2023-07-15,C0008,Jennifer Anderson,Corporate,USA,North America,California,Los Angeles,Furniture,Tables,Dining Table,2272.14,5,0.0,599.98
ORD-2024-02244,2023-06-20,C0130,Mary Johnson,Corporate,Japan,Asia,Tokyo,Tokyo,Technology,Accessories,Mechanical Keyboard,8179.56,10,1635.91,1927.35
ORD-2023-02245,2022-06-22,C0132,John Smith,Home Office,Australia,Oceania,New South Wales,Sydney,Office Supplies,Art,Watercolor Set,644.31,13,32.22,66.6
ORD-2022-02246,2023-01-30,C0184,Susan Martinez,Consumer,China,Asia,Beijing,Beijing,Office Supplies,Paper,Sticky Notes,83.21,12,16.64,18.55
ORD-2023-02247,2022-07-26,C0196,John Smith,Corporate,Australia,Oceania,New South Wales,Sydney,Furniture,Chairs,Stool,5971.59,16,597.16,2117.73
ORD-2023-02248,2023-04-17,C0021,Elizabeth Thomas,Corporate,India,Asia,Maharashtra,Mumbai,Office Supplies,Art,Sketchbook,113.81,11,11.38,22.23
ORD-2023-02249,2023-06-09,C0057,Michael Gonzalez,Home Office,USA,North America,New York,New York City,Office Supplies,Paper,Cardstock,155.21,11,31.04,45.58
ORD-2024-02250,2022-05-18,C0165,Robert Williams,Home Office,Canada,North America,Ontario,Toronto,Office Supplies,Art,Watercolor Set,447.69,19,22.38,153.13
ORD-2022-02251,2023-10-18,C0197,Richard Wilson,Corporate,USA,North America,California,Los Angeles,Office Supplies,Binders,Expansion Folder,139.6,5,27.92,14.56
ORD-2024-02252,2022-02-23,C0166,William Thomas,Home Office,Australia,Oceania,New South Wales,Sydney,Technology,Phones,Samsung Galaxy S21,3347.04,3,167.35,543.32
ORD-2022-02253,2022-02-21,C0173,John Thomas,Home Office,Germany,Europe,Bavaria,Munich,Technology,Laptops,HP Spectre x360,3365.98,17,168.3,425.19
ORD-2023-02254,2022-09-10,C0141,Joseph Lopez,Consumer,USA,North America,California,Los Angeles,Office Supplies,Art,Sketchbook,798.89,18,0.0,167.12
ORD-2022-02255,2022-01-24,C0084,Barbara Wilson,Home Office,Australia,Oceania,Victoria,Melbourne,Technology,Phones,Pixel 6,28188.73,19,2818.87,9340.06
ORD-2022-02256,2023-04-03,C0114,Mary Lopez,Home Office,Japan,Asia,Tokyo,Tokyo,Furniture,Tables,Coffee Table,8747.54,18,437.38,1027.41
ORD-2024-02257,2022-10-06,C0147,John Hernandez,Consumer,India,Asia,Maharashtra,Mumbai,Technology,Phones,Nokia G20,8431.35,7,0.0,2247.46
ORD-2023-02258,2024-03-25,C0195,William Hernandez,Consumer,USA,North America,Texas,Houston,Technology,Laptops,HP Spectre x360,9550.13,18,1910.03,1617.46
ORD-2023-02259,2022-12-23,C0100,James Jones,Consumer,Canada,North America,Ontario,Toronto,Furniture,Storage,Bookshelf,1252.55,5,62.63,297.46
ORD-2023-02260,2023-09-04,C0008,Jennifer Anderson,Consumer,USA,North America,Texas,Houston,Office Supplies,Paper,Cardstock,34.41,4,0.0,9.07
ORD-2024-02261,2022-09-09,C0124,Robert Thomas,Consumer,USA,North America,New York,New York City,Furniture,Chairs,Gaming Chair,3084.77,7,0.0,821.87
ORD-2023-02262,2023-07-29,C0012,Patricia Johnson,Corporate,France,Europe,Ile-de-France,Paris,Technology,Accessories,Mechanical Keyboard,2028.52,14,202.85,199.76
ORD-2023-02263,2024-02-11,C0130,Mary Johnson,Corporate,USA,North America,New York,New York City,Technology,Laptops,HP Spectre x360,4086.9,9,0.0,1406.65
ORD-2022-02264,2024-04-07,C0106,John Rodriguez,Home Office,Germany,Europe,Bavaria,Munich,Furniture,Storage,File Cabinet,4395.91,10,439.59,1359.6
ORD-2022-02265,2024-07-23,C0104,Mary Jones,Corporate,UK,Europe,England,London,Office Supplies,Binders,3-Ring Binder,43.38,1,0.0,14.28
ORD-2022-02266,2023-04-08,C0196,John Smith,Consumer,France,Europe,Ile-de-France,Paris,Furniture,Chairs,Stool,2508.5,5,125.43,523.79
ORD-2023-02267,2024-05-26,C0130,Mary Johnson,Consumer,USA,North America,New York,New York City,Office Supplies,Binders,Report Cover,316.83,9,0.0,33.29
ORD-2023-02268,2022-03-14,C0155,Barbara Anderson,Consumer,France,Europe,Ile-de-France,Paris,Furniture,Tables,Coffee Table,1408.0,3,0.0,547.61
ORD-2023-02269,2022-11-14,C0062,Robert Johnson,Home Office,Australia,Oceania,Victoria,Melbourne,Office Supplies,Binders,3-Ring Binder,348.23,8,17.41,50.17
ORD-2024-02270,2024-02-21,C0163,Joseph Hernandez,Consumer,USA,North America,New York,New York City,Furniture,Chairs,Ergonomic Executive Chair,1318.86,5,65.94,407.15
ORD-2024-02271,2023-02-06,C0159,Susan Smith,Consumer,UK,Europe,England,London,Technology,Accessories,Wireless Mouse,17204.92,13,1720.49,3002.67
ORD-2022-02272,2023-08-10,C0003,John Brown,Corporate,Germany,Europe,Bavaria,Munich,Furniture,Tables,Dining Table,3371.28,6,337.13,1145.35
ORD-2022-02273,2023-10-23,C0010,William Brown,Corporate,USA,North America,New York,New York City,Office Supplies,Art,Sketchbook,431.54,9,0.0,97.35
ORD-2024-02274,2023-04-21,C0126,Linda Johnson,Home Office,India,Asia,Maharashtra,Mumbai,Office Supplies,Binders,Expansion Folder,567.86,18,0.0,74.1
ORD-2024-02275,2024-03-03,C0112,John Williams,Corporate,India,Asia,Maharashtra,Mumbai,Technology,Phones,Nokia G20,6616.92,20,0.0,2138.81
ORD-2024-02276,2023-09-21,C0080,David Rodriguez,Corporate,France,Europe,Ile-de-France,Paris,Office Supplies,Paper,Legal Pad,513.53,12,102.71,130.04
ORD-2023-02277,2024-07-18,C0011,Patricia Hernandez,Home Office,Japan,Asia,Tokyo,Tokyo,Office Supplies,Art,Sketchbook,324.44,18,16.22,109.49
ORD-2022-02278,2023-06-28,C0022,David Smith,Home Office,USA,North America,California,Los Angeles,Furniture,Storage,Wardrobe,2658.3,15,132.92,956.73
ORD-2024-02279,2022-02-11,C0140,David Miller,Corporate,Canada,North America,Ontario,Toronto,Technology,Accessories,Mechanical Keyboard,4899.71,5,0.0,1720.33
ORD-2024-02280,2022-03-19,C0175,David Lopez,Corporate,Australia,Oceania,New South Wales,Sydney,Furniture,Tables,Conference Table,2550.18,5,255.02,819.69
ORD-2022-02281,2023-04-07,C0077,James Davis,Consumer,Australia,Oceania,Victoria,Melbourne,Furniture,Tables,Study Desk,3313.32,6,331.33,461.91
ORD-2024-02282,2022-07-16,C0019,Michael Lopez,Consumer,UK,Europe,England,London,Furniture,Storage,Bookshelf,181.27,3,18.13,27.16
ORD-2023-02283,2023-08-28,C0018,Barbara Rodriguez,Corporate,UK,Europe,England,London,Furniture,Storage,Wardrobe,6570.04,15,0.0,2025.48
ORD-2023-02284,2024-06-25,C0018,Barbara Rodriguez,Corporate,Australia,Oceania,New South Wales,Sydney,Technology,Accessories,Wireless Mouse,25181.78,20,1259.09,4342.35
ORD-2022-02285,2022-09-29,C0146,Mary Gonzalez,Home Office,USA,North America,Texas,Houston,Office Supplies,Art,Sketchbook,323.98,9,64.8,52.74
ORD-2023-02286,2022-12-30,C0010,William Brown,Home Office,Australia,Oceania,Victoria,Melbourne,Furniture,Storage,Wardrobe,5699.99,19,570.0,705.11
ORD-2022-02287,2022-07-08,C0037,Barbara Gonzalez,Corporate,USA,North America,Texas,Houston,Technology,Accessories,Wireless Mouse,9055.12,18,452.76,2145.08
ORD-2022-02288,2022-02-08,C0129,Elizabeth Johnson,Corporate,UK,Europe,England,London,Technology,Laptops,MacBook Pro 14,4261.82,4,0.0,1308.39
ORD-2022-02289,2023-07-29,C0150,Elizabeth Gonzalez,Corporate,Australia,Oceania,New South Wales,Sydney,Furniture,Chairs,Gaming Chair,3073.04,18,0.0,866.19
ORD-2022-02290,2022-01-11,C0057,Michael Gonzalez,Consumer,Japan,Asia,Tokyo,Tokyo,Furniture,Storage,Bookshelf,117.33,1,0.0,35.03
ORD-2022-02291,2024-04-25,C0134,William Wilson,Consumer,France,Europe,Ile-de-France,Paris,Furniture,Chairs,Ergonomic Executive Chair,221.88,1,11.09,78.09
ORD-2024-02292,2023-09-02,C0168,Patricia Hernandez,Consumer,USA,North America,New York,New York City,Furniture,Chairs,Gaming Chair,3805.34,7,0.0,1030.92
ORD-2024-02293,2023-11-07,C0193,Linda Williams,Corporate,France,Europe,Ile-de-France,Paris,Furniture,Storage,File Cabinet,4742.17,10,948.43,989.37
ORD-2022-02294,2022-05-25,C0028,William Thomas,Home Office,USA,North America,California,Los Angeles,Office Supplies,Art,Markers,45.23,8,4.52,12.06
ORD-2024-02295,2023-07-18,C0006,John Martinez,Corporate,USA,North America,California,Los Angeles,Technology,Accessories,Webcam,10332.8,7,516.64,3097.73
ORD-2023-02296,2022-09-25,C0013,Richard Davis,Home Office,Australia,Oceania,Victoria,Melbourne,Furniture,Storage,Bookshelf,8039.7,19,803.97,2812.56
ORD-2023-02297,2022-09-21,C0100,James Jones,Corporate,Australia,Oceania,New South Wales,Sydney,Furniture,Tables,Coffee Table,2572.25,14,0.0,433.82
ORD-2023-02298,2022-02-05,C0051,Jennifer Johnson,Corporate,India,Asia,Maharashtra,Mumbai,Office Supplies,Binders,Expansion Folder,44.19,1,2.21,12.97
ORD-2023-02299,2023-11-06,C0138,Mary Martinez,Corporate,Germany,Europe,Bavaria,Munich,Furniture,Tables,Dining Table,7434.57,15,743.46,2488.52
ORD-2022-02300,2022-05-15,C0022,David Smith,Corporate,France,Europe,Ile-de-France,Paris,Furniture,Tables,Study Desk,1014.53,5,101.45,316.46
ORD-2022-02301,2022-03-10,C0038,John Brown,Corporate,Australia,Oceania,Victoria,Melbourne,Office Supplies,Paper,A4 Printer Paper,78.95,3,0.0,14.74
ORD-2023-02302,2023-01-07,C0021,Elizabeth Thomas,Corporate,France,Europe,Ile-de-France,Paris,Technology,Laptops,HP Spectre x360,16417.04,19,0.0,5832.47
ORD-2022-02303,2023-10-02,C0070,Jessica Anderson,Corporate,UK,Europe,England,London,Furniture,Tables,Conference Table,2302.29,13,0.0,445.02
ORD-2024-02304,2023-04-13,C0150,Elizabeth Gonzalez,Consumer,India,Asia,Maharashtra,Mumbai,Technology,Accessories,USB-C Hub,467.47,1,23.37,126.12
ORD-2024-02305,2022-07-17,C0108,John Miller,Consumer,USA,North America,California,Los Angeles,Furniture,Tables,Dining Table,954.96,9,0.0,348.97
ORD-2023-02306,2022-03-30,C0001,Robert Gonzalez,Corporate,USA,North America,New York,New York City,Furniture,Tables,Study Desk,4953.28,14,495.33,1355.54
ORD-2023-02307,2023-06-28,C0115,Mary Wilson,Corporate,India,Asia,Maharashtra,Mumbai,Technology,Laptops,Lenovo ThinkPad,5615.39,9,280.77,1448.08
ORD-2022-02308,2023-11-09,C0073,Elizabeth Smith,Consumer,UK,Europe,England,London,Office Supplies,Art,Sketchbook,693.29,19,138.66,57.48
ORD-2024-02309,2022-11-21,C0007,David Williams,Corporate,Australia,Oceania,New South Wales,Sydney,Office Supplies,Art,Markers,484.13,17,48.41,138.92
ORD-2022-02310,2022-10-12,C0140,David Miller,Corporate,USA,North America,California,Los Angeles,Technology,Accessories,USB-C Hub,17213.87,20,0.0,5398.15
ORD-2023-02311,2022-07-05,C0107,James Garcia,Consumer,Australia,Oceania,Victoria,Melbourne,Office Supplies,Art,Markers,271.0,6,0.0,60.36
ORD-2024-02312,2022-06-18,C0124,Robert Thomas,Consumer,Australia,Oceania,Victoria,Melbourne,Furniture,Tables,Coffee Table,4646.06,17,0.0,1841.6
ORD-2024-02313,2023-12-02,C0007,David Williams,Home Office,China,Asia,Beijing,Beijing,Office Supplies,Paper,Cardstock,252.17,7,25.22,62.71
ORD-2022-02314,2022-11-22,C0064,Linda Jones,Home Office,Australia,Oceania,Victoria,Melbourne,Furniture,Tables,Dining Table,2305.3,6,461.06,400.8
ORD-2023-02315,2023-06-19,C0173,John Thomas,Consumer,Japan,Asia,Tokyo,Tokyo,Technology,Laptops,MacBook Pro 14,11594.63,11,1159.46,3805.23
ORD-2024-02316,2024-05-08,C0066,Richard Williams,Consumer,Japan,Asia,Tokyo,Tokyo,Technology,Laptops,Dell XPS 15,14369.64,12,718.48,4476.04
ORD-2024-02317,2022-03-19,C0035,Jessica Johnson,Consumer,UK,Europe,England,London,Office Supplies,Paper,Sticky Notes,207.49,12,20.75,61.52
ORD-2022-02318,2022-05-16,C0008,Jennifer Anderson,Consumer,USA,North America,Texas,Houston,Furniture,Chairs,Stool,1610.41,14,161.04,568.19
ORD-2024-02319,2024-09-04,C0137,Susan Johnson,Corporate,USA,North America,New York,New York City,Furniture,Chairs,Gaming Chair,610.33,11,0.0,223.07
ORD-2023-02320,2022-06-28,C0143,Joseph Gonzalez,Corporate,Australia,Oceania,New South Wales,Sydney,Technology,Phones,Pixel 6,1154.43,1,0.0,354.86
ORD-2024-02321,2022-12-25,C0117,Michael Thomas,Home Office,Australia,Oceania,Victoria,Melbourne,Technology,Accessories,Wireless Mouse,17330.36,13,3466.07,1752.87
ORD-2022-02322,2022-12-18,C0185,Richard Anderson,Home Office,Canada,North America,Ontario,Toronto,Technology,Phones,Nokia G20,26278.56,18,1313.93,4018.5
ORD-2024-02323,2024-07-20,C0061,Elizabeth Martinez,Home Office,Germany,Europe,Bavaria,Munich,Office Supplies,Binders,Report Cover,543.43,15,108.69,70.4
ORD-2024-02324,2023-06-24,C0037,Barbara Gonzalez,Home Office,USA,North America,New York,New York City,Furniture,Storage,File Cabinet,1469.56,13,73.48,152.55
ORD-2023-02325,2024-08-06,C0003,John Brown,Corporate,Japan,Asia,Tokyo,Tokyo,Office Supplies,Art,Sketchbook,177.94,10,35.59,42.77
ORD-2023-02326,2022-01-11,C0025,Robert Brown,Corporate,USA,North America,Texas,Houston,Office Supplies,Art,Watercolor Set,120.56,6,12.06,22.14
ORD-2022-02327,2022-11-24,C0199,Jessica Smith,Consumer,Australia,Oceania,New South Wales,Sydney,Technology,Accessories,Mechanical Keyboard,9805.15,10,1961.03,1054.5
ORD-2024-02328,2022-04-30,C0191,Jessica Brown,Consumer,India,Asia,Maharashtra,Mumbai,Office Supplies,Art,Markers,114.34,8,0.0,12.35
ORD-2024-02329,2023-01-10,C0072,Richard Jones,Corporate,Japan,Asia,Tokyo,Tokyo,Furniture,Storage,Bookshelf,4721.07,9,236.05,1323.59
ORD-2022-02330,2023-10-15,C0036,Joseph Johnson,Corporate,USA,North America,Texas,Houston,Technology,Laptops,HP Spectre x360,15402.68,13,1540.27,3263.89
ORD-2022-02331,2023-12-13,C0108,John Miller,Consumer,Australia,Oceania,Victoria,Melbourne,Technology,Phones,Pixel 6,4548.4,12,0.0,1158.96
ORD-2022-02332,2023-12-30,C0192,Patricia Hernandez,Home Office,Australia,Oceania,Victoria,Melbourne,Office Supplies,Binders,Expansion Folder,521.69,15,0.0,90.55
ORD-2022-02333,2024-02-01,C0056,Mary Brown,Consumer,Australia,Oceania,New South Wales,Sydney,Furniture,Chairs,Gaming Chair,2604.87,14,0.0,318.11
ORD-2024-02334,2022-01-23,C0149,Richard Garcia,Consumer,UK,Europe,England,London,Technology,Phones,Nokia G20,7309.78,8,0.0,1435.09
ORD-2024-02335,2023-03-02,C0079,David Gonzalez,Consumer,Canada,North America,Ontario,Toronto,Technology,Laptops,HP Spectre x360,527.06,2,0.0,119.37
ORD-2024-02336,2022-08-22,C0065,Barbara Williams,Consumer,Australia,Oceania,New South Wales,Sydney,Office Supplies,Paper,A4 Printer Paper,567.29,16,0.0,208.56
ORD-2024-02337,2024-05-24,C0032,Linda Rodriguez,Corporate,Australia,Oceania,New South Wales,Sydney,Furniture,Tables,Dining Table,4024.82,9,0.0,679.39
ORD-2024-02338,2023-09-29,C0036,Joseph Johnson,Consumer,USA,North America,New York,New York City,Office Supplies,Paper,Cardstock,550.11,14,0.0,188.01
ORD-2022-02339,2024-06-19,C0007,David Williams,Consumer,Germany,Europe,Bavaria,Munich,Office Supplies,Binders,Expansion Folder,222.39,6,11.12,73.06
ORD-2023-02340,2023-02-23,C0035,Jessica Johnson,Home Office,Canada,North America,Ontario,Toronto,Technology,Phones,Samsung Galaxy S21,4846.47,8,0.0,1166.52
ORD-2024-02341,2024-03-01,C0171,Joseph Brown,Consumer,Australia,Oceania,New South Wales,Sydney,Furniture,Tables,Coffee Table,1318.89,6,0.0,514.29
ORD-2024-02342,2023-06-30,C0010,William Brown,Consumer,China,Asia,Beijing,Beijing,Technology,Accessories,USB-C Hub,16074.76,18,0.0,2923.32
ORD-2023-02343,2024-05-19,C0110,Jennifer Martinez,Corporate,Canada,North America,Ontario,Toronto,Technology,Phones,Samsung Galaxy S21,5715.14,18,0.0,2157.09
ORD-2024-02344,2023-09-18,C0084,Barbara Wilson,Corporate,India,Asia,Maharashtra,Mumbai,Office Supplies,Paper,A4 Printer Paper,137.39,15,13.74,19.21
ORD-2023-02345,2023-02-16,C0125,Jennifer Davis,Consumer,Japan,Asia,Tokyo,Tokyo,Furniture,Tables,Conference Table,5617.46,13,280.87,2088.3
ORD-2024-02346,2024-04-11,C0195,William Hernandez,Corporate,India,Asia,Maharashtra,Mumbai,Furniture,Tables,Coffee Table,1017.55,10,50.88,289.37
ORD-2022-02347,2022-07-17,C0008,Jennifer Anderson,Consumer,China,Asia,Beijing,Beijing,Office Supplies,Paper,Legal Pad,87.24,13,4.36,8.47
ORD-2024-02348,2022-10-31,C0076,Jennifer Miller,Corporate,Australia,Oceania,New South Wales,Sydney,Technology,Accessories,USB-C Hub,802.71,1,0.0,251.28
ORD-2022-02349,2023-01-03,C0073,Elizabeth Smith,Corporate,Australia,Oceania,Victoria,Melbourne,Technology,Laptops,Dell XPS 15,844.53,1,42.23,134.64
ORD-2022-02350,2022-10-13,C0034,David Wilson,Corporate,USA,North America,Texas,Houston,Technology,Accessories,USB-C Hub,19696.67,18,0.0,7612.03
ORD-2022-02351,2024-03-01,C0016,James Lopez,Corporate,France,Europe,Ile-de-France,Paris,Office Supplies,Paper,A4 Printer Paper,329.8,8,32.98,103.88
ORD-2022-02352,2024-07-08,C0177,Joseph Miller,Corporate,USA,North America,Texas,Houston,Technology,Phones,Pixel 6,14401.31,17,0.0,2339.73
ORD-2022-02353,2024-05-12,C0093,Elizabeth Davis,Home Office,USA,North America,California,Los Angeles,Furniture,Storage,Wardrobe,2989.01,5,0.0,360.68
ORD-2023-02354,2022-10-01,C0076,Jennifer Miller,Home Office,India,Asia,Maharashtra,Mumbai,Furniture,Tables,Dining Table,1348.5,17,0.0,384.56
ORD-2022-02355,2022-07-08,C0061,Elizabeth Martinez,Corporate,China,Asia,Beijing,Beijing,Technology,Laptops,HP Spectre x360,10538.16,11,0.0,2551.93
ORD-2022-02356,2023-04-21,C0031,Robert Garcia,Corporate,Germany,Europe,Bavaria,Munich,Office Supplies,Binders,Report Cover,232.04,6,0.0,86.86
ORD-2022-02357,2022-01-12,C0024,Patricia Gonzalez,Consumer,Australia,Oceania,New South Wales,Sydney,Furniture,Tables,Coffee Table,9192.31,19,919.23,1165.15
ORD-2022-02358,2024-03-09,C0120,Jessica Martinez,Consumer,France,Europe,Ile-de-France,Paris,Furniture,Tables,Dining Table,325.3,1,16.27,105.21
ORD-2024-02359,2023-01-14,C0188,Patricia Wilson,Consumer,USA,North America,New York,New York City,Furniture,Chairs,Office Chair,1644.62,4,0.0,271.29
ORD-2023-02360,2024-06-07,C0043,Elizabeth Williams,Corporate,Japan,Asia,Tokyo,Tokyo,Technology,Phones,Pixel 6,16313.73,11,0.0,4148.18
ORD-2023-02361,2023-04-20,C0113,Mary Johnson,Home Office,Canada,North America,Ontario,Toronto,Technology,Accessories,USB-C Hub,3403.57,11,340.36,922.59
ORD-2024-02362,2022-05-27,C0052,David Miller,Consumer,Australia,Oceania,New South Wales,Sydney,Technology,Laptops,MacBook Pro 14,4579.03,5,0.0,1757.27
ORD-2022-02363,2024-07-09,C0085,Elizabeth Smith,Corporate,USA,North America,New York,New York City,Office Supplies,Paper,Sticky Notes,542.85,20,27.14,121.43
ORD-2023-02364,2023-11-18,C0114,Mary Lopez,Home Office,USA,North America,New York,New York City,Office Supplies,Paper,Cardstock,54.74,6,0.0,15.7
ORD-2023-02365,2023-11-11,C0144,Michael Jones,Home Office,Germany,Europe,Bavaria,Munich,Technology,Accessories,Mechanical Keyboard,6824.91,7,341.25,2376.06
ORD-2023-02366,2023-05-20,C0086,Jennifer Gonzalez,Corporate,France,Europe,Ile-de-France,Paris,Furniture,Storage,Bookshelf,6244.03,12,1248.81,1368.43
ORD-2022-02367,2022-07-21,C0089,Richard Williams,Consumer,Germany,Europe,Bavaria,Munich,Technology,Accessories,Webcam,5652.39,5,0.0,1252.58
ORD-2023-02368,2024-04-05,C0022,David Smith,Home Office,India,Asia,Maharashtra,Mumbai,Furniture,Storage,Bookshelf,1487.54,5,297.51,342.76
ORD-2022-02369,2023-09-06,C0102,James Martinez,Corporate,Australia,Oceania,New South Wales,Sydney,Technology,Accessories,USB-C Hub,10229.29,14,0.0,3813.66
ORD-2024-02370,2022-10-28,C0104,Mary Jones,Home Office,UK,Europe,England,London,Office Supplies,Art,Markers,87.4,15,0.0,34.19
ORD-2024-02371,2022-07-29,C0128,Jennifer Wilson,Consumer,UK,Europe,England,London,Office Supplies,Binders,3-Ring Binder,160.85,4,16.09,23.17
ORD-2022-02372,2022-11-18,C0094,Linda Garcia,Home Office,India,Asia,Maharashtra,Mumbai,Furniture,Chairs,Office Chair,7887.79,14,1577.56,2170.76
ORD-2023-02373,2022-06-06,C0052,David Miller,Home Office,Japan,Asia,Tokyo,Tokyo,Office Supplies,Art,Sketchbook,127.94,12,12.79,34.86
ORD-2022-02374,2022-06-23,C0056,Mary Brown,Consumer,UK,Europe,England,London,Furniture,Chairs,Gaming Chair,193.22,1,0.0,40.21
ORD-2024-02375,2024-03-29,C0188,Patricia Wilson,Corporate,Australia,Oceania,New South Wales,Sydney,Office Supplies,Art,Watercolor Set,206.18,10,41.24,41.64
ORD-2022-02376,2022-05-04,C0101,Patricia Williams,Consumer,India,Asia,Maharashtra,Mumbai,Technology,Accessories,Wireless Mouse,4316.32,5,0.0,998.57
ORD-2024-02377,2022-07-28,C0179,Jennifer Thomas,Consumer,Australia,Oceania,New South Wales,Sydney,Office Supplies,Paper,Legal Pad,867.2,19,0.0,281.25
ORD-2023-02378,2023-06-20,C0176,Joseph Hernandez,Corporate,Australia,Oceania,Victoria,Melbourne,Office Supplies,Binders,Expansion Folder,17.22,2,1.72,4.39
ORD-2023-02379,2022-07-13,C0119,John Jones,Consumer,UK,Europe,England,London,Technology,Laptops,Dell XPS 15,1789.8,11,0.0,300.63
ORD-2024-02380,2023-10-23,C0180,Joseph Wilson,Consumer,Australia,Oceania,Victoria,Melbourne,Technology,Phones,Pixel 6,8973.38,6,0.0,3567.35
ORD-2024-02381,2024-08-20,C0080,David Rodriguez,Corporate,USA,North America,New York,New York City,Technology,Accessories,Wireless Mouse,992.66,3,0.0,130.31
ORD-2023-02382,2022-07-22,C0191,Jessica Brown,Consumer,Australia,Oceania,New South Wales,Sydney,Furniture,Storage,File Cabinet,3909.89,15,390.99,1176.43
ORD-2024-02383,2022-01-18,C0023,Jennifer Gonzalez,Consumer,France,Europe,Ile-de-France,Paris,Furniture,Storage,File Cabinet,2669.93,10,266.99,408.32
ORD-2022-02384,2023-05-12,C0155,Barbara Anderson,Corporate,Canada,North America,Ontario,Toronto,Office Supplies,Paper,Sticky Notes,235.2,17,0.0,60.68
ORD-2022-02385,2024-08-23,C0114,Mary Lopez,Consumer,France,Europe,Ile-de-France,Paris,Office Supplies,Paper,A4 Printer Paper,320.73,14,0.0,128.02
ORD-2024-02386,2023-01-23,C0196,John Smith,Corporate,China,Asia,Beijing,Beijing,Furniture,Tables,Study Desk,3151.56,9,315.16,922.48
ORD-2023-02387,2023-12-20,C0069,Mary Jones,Home Office,USA,North America,California,Los Angeles,Office Supplies,Binders,Report Cover,72.48,2,14.5,11.17
ORD-2023-02388,2024-03-28,C0081,Susan Brown,Home Office,USA,North America,Texas,Houston,Furniture,Chairs,Stool,5614.8,15,1122.96,450.91
ORD-2024-02389,2023-05-11,C0101,Patricia Williams,Corporate,China,Asia,Beijing,Beijing,Office Supplies,Binders,3-Ring Binder,944.81,19,47.24,274.69
ORD-2022-02390,2023-04-01,C0119,John Jones,Consumer,UK,Europe,England,London,Technology,Accessories,Webcam,12194.5,17,2438.9,3331.21
ORD-2024-02391,2022-04-24,C0075,James Davis,Home Office,Australia,Oceania,Victoria,Melbourne,Technology,Phones,Nokia G20,17806.35,14,890.32,2498.21
ORD-2023-02392,2024-05-22,C0099,Susan Anderson,Consumer,Australia,Oceania,New South Wales,Sydney,Office Supplies,Binders,Report Cover,543.73,14,0.0,177.36
ORD-2023-02393,2023-01-24,C0019,Michael Lopez,Corporate,India,Asia,Maharashtra,Mumbai,Furniture,Tables,Coffee Table,3873.66,9,774.73,767.98
ORD-2024-02394,2023-09-27,C0074,Jessica Martinez,Consumer,China,Asia,Beijing,Beijing,Technology,Laptops,Dell XPS 15,14180.82,16,0.0,4160.63
ORD-2023-02395,2023-02-12,C0172,Richard Garcia,Consumer,Canada,North America,Ontario,Toronto,Furniture,Chairs,Stool,719.21,9,143.84,113.83
ORD-2024-02396,2023-10-28,C0014,Mary Martinez,Home Office,USA,North America,Texas,Houston,Technology,Laptops,Lenovo ThinkPad,13747.54,11,687.38,2366.02
ORD-2024-02397,2022-04-21,C0191,Jessica Brown,Home Office,China,Asia,Beijing,Beijing,Technology,Laptops,HP Spectre x360,2615.15,9,261.52,368.63
ORD-2023-02398,2023-12-09,C0105,Barbara Hernandez,Consumer,France,Europe,Ile-de-France,Paris,Technology,Accessories,Wireless Mouse,13802.4,11,0.0,2399.87
ORD-2022-02399,2023-05-04,C0033,Joseph Johnson,Home Office,Australia,Oceania,Victoria,Melbourne,Office Supplies,Binders,3-Ring Binder,218.15,7,0.0,64.7
ORD-2023-02400,2022-07-20,C0049,Mary Martinez,Corporate,Australia,Oceania,Victoria,Melbourne,Technology,Laptops,MacBook Pro 14,620.31,6,62.03,186.42
ORD-2022-02401,2022-02-12,C0129,Elizabeth Johnson,Home Office,China,Asia,Beijing,Beijing,Furniture,Chairs,Gaming Chair,2863.94,5,0.0,809.69
ORD-2024-02402,2024-09-10,C0189,Robert Thomas,Consumer,France,Europe,Ile-de-France,Paris,Technology,Accessories,Webcam,1950.65,2,390.13,368.75
ORD-2023-02403,2022-05-29,C0028,William Thomas,Corporate,China,Asia,Beijing,Beijing,Office Supplies,Paper,Cardstock,394.35,8,0.0,97.12
ORD-2024-02404,2022-04-05,C0192,Patricia Hernandez,Home Office,USA,North America,Texas,Houston,Furniture,Chairs,Office Chair,1201.76,7,240.35,177.24
ORD-2024-02405,2023-06-02,C0187,Joseph Rodriguez,Consumer,USA,North America,New York,New York City,Technology,Phones,Nokia G20,16483.49,18,0.0,3499.5
ORD-2022-02406,2024-02-13,C0133,Richard Miller,Home Office,China,Asia,Beijing,Beijing,Technology,Laptops,MacBook Pro 14,13759.48,10,687.97,1336.38
ORD-2022-02407,2023-01-23,C0179,Jennifer Thomas,Consumer,Japan,Asia,Tokyo,Tokyo,Office Supplies,Binders,Report Cover,334.5,14,16.73,36.26
ORD-2022-02408,2022-01-21,C0074,Jessica Martinez,Consumer,Germany,Europe,Bavaria,Munich,Technology,Phones,iPhone 13,514.03,1,51.4,155.32
ORD-2022-02409,2024-07-16,C0038,John Brown,Home Office,France,Europe,Ile-de-France,Paris,Technology,Phones,Pixel 6,11666.26,16,1166.63,1229.67
ORD-2023-02410,2024-09-08,C0197,Richard Wilson,Consumer,China,Asia,Beijing,Beijing,Technology,Accessories,Wireless Mouse,20621.68,17,2062.17,5459.44
ORD-2024-02411,2024-08-09,C0034,David Wilson,Consumer,Australia,Oceania,New South Wales,Sydney,Office Supplies,Art,Watercolor Set,533.93,15,53.39,128.23
ORD-2024-02412,2023-10-26,C0002,Susan Martinez,Consumer,Australia,Oceania,New South Wales,Sydney,Technology,Laptops,HP Spectre x360,7483.41,15,0.0,1951.27
ORD-2022-02413,2022-06-22,C0075,James Davis,Corporate,China,Asia,Beijing,Beijing,Office Supplies,Paper,A4 Printer Paper,34.16,1,0.0,13.42
ORD-2022-02414,2022-07-05,C0146,Mary Gonzalez,Corporate,France,Europe,Ile-de-France,Paris,Office Supplies,Art,Markers,798.45,17,0.0,210.75
ORD-2023-02415,2024-09-02,C0179,Jennifer Thomas,Consumer,USA,North America,Texas,Houston,Office Supplies,Binders,3-Ring Binder,541.14,18,0.0,125.39
ORD-2022-02416,2024-03-08,C0136,Barbara Smith,Consumer,France,Europe,Ile-de-France,Paris,Technology,Phones,Samsung Galaxy S21,3150.71,4,315.07,347.78
ORD-2024-02417,2022-05-29,C0092,Barbara Jones,Consumer,Canada,North America,Ontario,Toronto,Technology,Laptops,HP Spectre x360,3168.06,5,633.61,555.87
ORD-2022-02418,2023-03-12,C0197,Richard Wilson,Home Office,USA,North America,Texas,Houston,Technology,Laptops,HP Spectre x360,19635.11,14,1963.51,6446.84
ORD-2022-02419,2024-01-02,C0091,Patricia Miller,Corporate,Japan,Asia,Tokyo,Tokyo,Furniture,Tables,Study Desk,1069.08,3,53.45,251.79
ORD-2022-02420,2023-10-18,C0195,William Hernandez,Consumer,Germany,Europe,Bavaria,Munich,Office Supplies,Art,Sketchbook,25.12,3,5.02,5.96
ORD-2024-02421,2022-02-07,C0097,Jessica Garcia,Consumer,Germany,Europe,Bavaria,Munich,Office Supplies,Binders,3-Ring Binder,239.75,15,0.0,24.41
ORD-2023-02422,2023-10-23,C0121,Joseph Thomas,Home Office,Australia,Oceania,Victoria,Melbourne,Furniture,Tables,Conference Table,522.28,2,0.0,83.82
ORD-2024-02423,2022-12-08,C0043,Elizabeth Williams,Home Office,Japan,Asia,Tokyo,Tokyo,Office Supplies,Paper,Cardstock,123.28,3,12.33,16.66
ORD-2023-02424,2024-07-11,C0069,Mary Jones,Home Office,USA,North America,Texas,Houston,Technology,Phones,Samsung Galaxy S21,1163.92,4,116.39,156.65
ORD-2024-02425,2024-02-29,C0007,David Williams,Corporate,USA,North America,New York,New York City,Furniture,Tables,Coffee Table,1763.79,6,0.0,321.08
ORD-2023-02426,2022-09-04,C0016,James Lopez,Home Office,UK,Europe,England,London,Furniture,Tables,Coffee Table,2559.13,18,255.91,816.21
ORD-2023-02427,2022-12-06,C0089,Richard Williams,Home Office,USA,North America,New York,New York City,Technology,Phones,Samsung Galaxy S21,21818.35,18,0.0,2873.9
ORD-2022-02428,2022-02-20,C0055,John Jones,Home Office,UK,Europe,England,London,Furniture,Chairs,Office Chair,3061.49,6,153.07,786.36
ORD-2023-02429,2022-03-28,C0198,Joseph Martinez,Home Office,China,Asia,Beijing,Beijing,Furniture,Storage,File Cabinet,10184.6,19,0.0,2309.46
ORD-2023-02430,2022-01-28,C0029,William Miller,Corporate,China,Asia,Beijing,Beijing,Office Supplies,Art,Sketchbook,549.59,19,27.48,69.74
ORD-2023-02431,2023-02-13,C0062,Robert Johnson,Consumer,India,Asia,Maharashtra,Mumbai,Technology,Accessories,Wireless Mouse,1138.42,7,0.0,381.28
ORD-2024-02432,2022-03-03,C0027,Barbara Miller,Home Office,USA,North America,Texas,Houston,Office Supplies,Paper,Cardstock,94.97,3,9.5,14.38
ORD-2024-02433,2023-02-07,C0112,John Williams,Consumer,Australia,Oceania,Victoria,Melbourne,Office Supplies,Binders,3-Ring Binder,427.18,15,0.0,96.22
ORD-2024-02434,2023-07-16,C0021,Elizabeth Thomas,Corporate,Australia,Oceania,Victoria,Melbourne,Technology,Phones,Pixel 6,5245.28,13,1049.06,437.75
ORD-2022-02435,2022-05-19,C0037,Barbara Gonzalez,Corporate,Australia,Oceania,Victoria,Melbourne,Office Supplies,Paper,A4 Printer Paper,576.78,12,28.84,172.58
ORD-2024-02436,2023-06-25,C0035,Jessica Johnson,Corporate,India,Asia,Maharashtra,Mumbai,Technology,Accessories,Mechanical Keyboard,6453.75,11,645.38,1878.42
ORD-2023-02437,2023-06-29,C0076,Jennifer Miller,Home Office,USA,North America,Texas,Houston,Technology,Laptops,MacBook Pro 14,3790.92,6,189.55,893.2
ORD-2023-02438,2023-04-18,C0198,Joseph Martinez,Home Office,USA,North America,New York,New York City,Technology,Phones,Samsung Galaxy S21,1276.29,6,127.63,449.06
ORD-2024-02439,2022-04-03,C0150,Elizabeth Gonzalez,Consumer,USA,North America,California,Los Angeles,Office Supplies,Paper,Sticky Notes,68.48,7,3.42,7.78
ORD-2024-02440,2023-04-17,C0182,Mary Wilson,Consumer,France,Europe,Ile-de-France,Paris,Furniture,Chairs,Gaming Chair,262.82,1,0.0,83.93
ORD-2024-02441,2022-03-15,C0040,Linda Garcia,Home Office,Japan,Asia,Tokyo,Tokyo,Technology,Laptops,HP Spectre x360,1641.01,5,82.05,568.46
ORD-2024-02442,2022-01-21,C0041,Patricia Wilson,Corporate,Australia,Oceania,Victoria,Melbourne,Technology,Accessories,Wireless Mouse,13999.6,13,0.0,4650.45
ORD-2022-02443,2022-04-08,C0023,Jennifer Gonzalez,Corporate,Canada,North America,Ontario,Toronto,Furniture,Storage,Wardrobe,1423.83,15,0.0,494.88
ORD-2023-02444,2023-10-09,C0149,Richard Garcia,Home Office,UK,Europe,England,London,Office Supplies,Art,Sketchbook,391.72,14,19.59,45.01
ORD-2022-02445,2022-03-28,C0131,John Brown,Consumer,Australia,Oceania,Victoria,Melbourne,Technology,Phones,Samsung Galaxy S21,6374.79,7,0.0,1492.51
ORD-2023-02446,2024-05-14,C0142,Barbara Rodriguez,Home Office,Japan,Asia,Tokyo,Tokyo,Office Supplies,Art,Sketchbook,79.23,5,0.0,26.73
ORD-2022-02447,2023-07-19,C0116,Joseph Rodriguez,Corporate,Australia,Oceania,Victoria,Melbourne,Furniture,Storage,Bookshelf,831.35,7,41.57,173.21
ORD-2023-02448,2023-11-19,C0069,Mary Jones,Consumer,USA,North America,New York,New York City,Office Supplies,Art,Markers,157.4,6,31.48,38.31
ORD-2023-02449,2023-06-04,C0108,John Miller,Consumer,Australia,Oceania,New South Wales,Sydney,Furniture,Storage,File Cabinet,6790.79,13,0.0,1340.53
ORD-2023-02450,2023-01-14,C0011,Patricia Hernandez,Consumer,USA,North America,Texas,Houston,Furniture,Chairs,Ergonomic Executive Chair,205.39,2,10.27,44.54
ORD-2024-02451,2024-06-30,C0045,Jessica Smith,Corporate,USA,North America,New York,New York City,Office Supplies,Paper,A4 Printer Paper,823.1,18,0.0,210.45
ORD-2022-02452,2023-12-03,C0065,Barbara Williams,Home Office,Australia,Oceania,New South Wales,Sydney,Technology,Accessories,USB-C Hub,6815.71,10,1363.14,709.66
ORD-2022-02453,2023-09-23,C0013,Richard Davis,Corporate,France,Europe,Ile-de-France,Paris,Furniture,Tables,Study Desk,2442.59,8,488.52,565.41
ORD-2023-02454,2023-12-27,C0193,Linda Williams,Corporate,USA,North America,New York,New York City,Furniture,Tables,Dining Table,434.64,6,43.46,48.41
ORD-2024-02455,2024-07-07,C0064,Linda Jones,Corporate,Australia,Oceania,New South Wales,Sydney,Office Supplies,Art,Watercolor Set,279.66,14,0.0,39.7
ORD-2023-02456,2024-04-12,C0125,Jennifer Davis,Home Office,Australia,Oceania,New South Wales,Sydney,Furniture,Chairs,Office Chair,3350.51,15,670.1,1059.79
ORD-2024-02457,2022-06-08,C0166,William Thomas,Corporate,USA,North America,California,Los Angeles,Furniture,Storage,Wardrobe,6248.43,15,0.0,1923.84
ORD-2024-02458,2024-07-02,C0050,Mary Davis,Corporate,Canada,North America,Ontario,Toronto,Office Supplies,Art,Markers,97.94,17,9.79,34.71
ORD-2024-02459,2022-12-24,C0015,David Williams,Home Office,Australia,Oceania,Victoria,Melbourne,Office Supplies,Paper,Legal Pad,126.21,20,6.31,15.63
ORD-2023-02460,2022-05-16,C0166,William Thomas,Consumer,Japan,Asia,Tokyo,Tokyo,Furniture,Chairs,Office Chair,1328.38,3,66.42,428.19
ORD-2023-02461,2023-04-10,C0099,Susan Anderson,Consumer,USA,North America,Texas,Houston,Office Supplies,Paper,Legal Pad,245.17,7,0.0,69.57
ORD-2024-02462,2022-09-22,C0025,Robert Brown,Consumer,Japan,Asia,Tokyo,Tokyo,Technology,Phones,Nokia G20,9013.29,12,901.33,2860.91
ORD-2022-02463,2023-05-06,C0082,Jessica Martinez,Consumer,India,Asia,Maharashtra,Mumbai,Technology,Accessories,Wireless Mouse,7896.23,9,0.0,2910.03
ORD-2024-02464,2023-11-17,C0085,Elizabeth Smith,Home Office,India,Asia,Maharashtra,Mumbai,Office Supplies,Paper,Legal Pad,209.14,6,0.0,70.68
ORD-2023-02465,2022-08-01,C0066,Richard Williams,Consumer,India,Asia,Maharashtra,Mumbai,Office Supplies,Binders,Report Cover,525.16,12,0.0,164.87
ORD-2023-02466,2023-06-17,C0113,Mary Johnson,Corporate,UK,Europe,England,London,Furniture,Chairs,Office Chair,1389.82,5,0.0,388.72
ORD-2024-02467,2024-06-10,C0141,Joseph Lopez,Corporate,Canada,North America,Ontario,Toronto,Technology,Accessories,Webcam,1516.24,3,151.62,341.1
ORD-2024-02468,2023-07-05,C0058,David Garcia,Corporate,Japan,Asia,Tokyo,Tokyo,Office Supplies,Art,Watercolor Set,643.61,15,0.0,68.61
ORD-2022-02469,2023-12-10,C0160,David Williams,Home Office,Australia,Oceania,Victoria,Melbourne,Technology,Accessories,USB-C Hub,19846.64,19,3969.33,5044.91
ORD-2023-02470,2023-12-06,C0065,Barbara Williams,Home Office,Germany,Europe,Bavaria,Munich,Furniture,Storage,Bookshelf,1560.57,3,312.11,348.96
ORD-2022-02471,2022-09-17,C0077,James Davis,Consumer,USA,North America,New York,New York City,Furniture,Storage,Bookshelf,4475.57,9,223.78,619.92
ORD-2024-02472,2022-03-10,C0188,Patricia Wilson,Consumer,UK,Europe,England,London,Furniture,Storage,Bookshelf,3064.12,6,306.41,431.72
ORD-2022-02473,2023-01-07,C0087,Mary Wilson,Corporate,Australia,Oceania,Victoria,Melbourne,Technology,Phones,Pixel 6,5917.04,6,591.7,1497.86
ORD-2024-02474,2022-05-31,C0119,John Jones,Consumer,USA,North America,New York,New York City,Technology,Phones,Pixel 6,1061.61,5,53.08,347.0
ORD-2024-02475,2022-01-20,C0040,Linda Garcia,Consumer,Australia,Oceania,Victoria,Melbourne,Furniture,Chairs,Office Chair,7892.56,18,0.0,2479.15
ORD-2024-02476,2022-05-28,C0030,Michael Rodriguez,Consumer,Australia,Oceania,Victoria,Melbourne,Technology,Phones,Samsung Galaxy S21,11957.85,19,1195.79,3367.18
ORD-2024-02477,2024-03-21,C0018,Barbara Rodriguez,Corporate,Australia,Oceania,New South Wales,Sydney,Technology,Phones,iPhone 13,4780.1,14,478.01,1002.17
ORD-2024-02478,2022-05-07,C0172,Richard Garcia,Consumer,Japan,Asia,Tokyo,Tokyo,Furniture,Chairs,Office Chair,452.38,2,90.48,66.97
ORD-2023-02479,2023-01-01,C0136,Barbara Smith,Home Office,Australia,Oceania,Victoria,Melbourne,Technology,Accessories,Mechanical Keyboard,1028.21,1,205.64,300.53
ORD-2023-02480,2023-12-16,C0043,Elizabeth Williams,Consumer,Germany,Europe,Bavaria,Munich,Office Supplies,Art,Sketchbook,632.45,15,0.0,167.65
ORD-2024-02481,2023-11-11,C0152,Jessica Anderson,Consumer,USA,North America,New York,New York City,Office Supplies,Binders,Report Cover,19.31,1,0.0,5.0
ORD-2023-02482,2022-03-31,C0105,Barbara Hernandez,Home Office,Japan,Asia,Tokyo,Tokyo,Furniture,Tables,Coffee Table,901.71,2,90.17,131.22
ORD-2024-02483,2023-10-24,C0169,William Gonzalez,Home Office,Australia,Oceania,New South Wales,Sydney,Technology,Accessories,Mechanical Keyboard,16932.18,19,1693.22,4276.77
ORD-2022-02484,2022-08-15,C0146,Mary Gonzalez,Consumer,USA,North America,New York,New York City,Furniture,Chairs,Office Chair,623.46,3,31.17,197.27
ORD-2023-02485,2022-11-18,C0189,Robert Thomas,Consumer,UK,Europe,England,London,Furniture,Tables,Study Desk,728.2,6,36.41,218.34
ORD-2023-02486,2023-12-23,C0176,Joseph Hernandez,Consumer,France,Europe,Ile-de-France,Paris,Technology,Phones,Samsung Galaxy S21,707.49,1,141.5,149.15
ORD-2023-02487,2022-02-05,C0010,William Brown,Consumer,Australia,Oceania,Victoria,Melbourne,Furniture,Tables,Study Desk,9102.94,18,910.29,2348.13
ORD-2024-02488,2023-09-14,C0098,Susan Gonzalez,Consumer,Australia,Oceania,Victoria,Melbourne,Technology,Accessories,Wireless Mouse,6799.94,10,1359.99,1910.19
ORD-2024-02489,2024-04-28,C0072,Richard Jones,Consumer,Australia,Oceania,Victoria,Melbourne,Technology,Phones,Pixel 6,9440.3,15,0.0,3614.72
ORD-2024-02490,2022-01-01,C0064,Linda Jones,Corporate,Germany,Europe,Bavaria,Munich,Office Supplies,Binders,3-Ring Binder,571.59,12,57.16,72.58
ORD-2024-02491,2024-06-28,C0122,Patricia Garcia,Home Office,UK,Europe,England,London,Office Supplies,Art,Watercolor Set,392.53,16,39.25,102.14
ORD-2023-02492,2024-01-17,C0025,Robert Brown,Consumer,USA,North America,New York,New York City,Furniture,Storage,File Cabinet,2578.7,13,0.0,366.12
ORD-2024-02493,2024-05-03,C0174,Mary Brown,Corporate,Japan,Asia,Tokyo,Tokyo,Technology,Laptops,Lenovo ThinkPad,7790.45,16,0.0,2117.82
ORD-2023-02494,2023-02-27,C0148,Linda Jones,Home Office,Australia,Oceania,New South Wales,Sydney,Furniture,Tables,Coffee Table,2823.89,20,141.19,968.9
ORD-2023-02495,2022-08-15,C0167,William Anderson,Corporate,India,Asia,Maharashtra,Mumbai,Office Supplies,Paper,A4 Printer Paper,421.65,18,0.0,47.05
ORD-2024-02496,2023-05-24,C0092,Barbara Jones,Consumer,Australia,Oceania,Victoria,Melbourne,Furniture,Chairs,Stool,3187.29,19,0.0,777.11
ORD-2024-02497,2022-11-01,C0048,Jessica Thomas,Corporate,Australia,Oceania,New South Wales,Sydney,Office Supplies,Paper,Cardstock,179.51,20,0.0,51.25
ORD-2023-02498,2022-11-07,C0046,Barbara Davis,Corporate,India,Asia,Maharashtra,Mumbai,Furniture,Chairs,Ergonomic Executive Chair,176.0,1,8.8,32.45
ORD-2024-02499,2024-07-24,C0174,Mary Brown,Consumer,France,Europe,Ile-de-France,Paris,Furniture,Storage,File Cabinet,5844.46,20,0.0,1231.36
ORD-2022-02500,2024-05-29,C0101,Patricia Williams,Consumer,Australia,Oceania,New South Wales,Sydney,Office Supplies,Art,Sketchbook,255.57,13,25.56,77.12
ORD-2024-02501,2023-09-22,C0132,John Smith,Home Office,Australia,Oceania,Victoria,Melbourne,Technology,Accessories,Wireless Mouse,3620.41,11,362.04,995.3
ORD-2023-02502,2024-08-04,C0198,Joseph Martinez,Home Office,USA,North America,California,Los Angeles,Office Supplies,Art,Sketchbook,51.27,10,2.56,10.53
ORD-2022-02503,2022-03-11,C0178,Patricia Thomas,Consumer,Canada,North America,Ontario,Toronto,Office Supplies,Binders,Expansion Folder,414.24,15,0.0,103.82
ORD-2023-02504,2023-12-23,C0086,Jennifer Gonzalez,Home Office,Japan,Asia,Tokyo,Tokyo,Office Supplies,Paper,Cardstock,178.1,15,0.0,40.81
ORD-2023-02505,2024-04-05,C0179,Jennifer Thomas,Corporate,USA,North America,New York,New York City,Office Supplies,Paper,Cardstock,445.35,16,22.27,95.99
ORD-2023-02506,2022-12-17,C0108,John Miller,Home Office,Australia,Oceania,New South Wales,Sydney,Technology,Phones,iPhone 13,730.07,1,0.0,236.61
ORD-2024-02507,2024-03-26,C0099,Susan Anderson,Consumer,France,Europe,Ile-de-France,Paris,Office Supplies,Paper,Legal Pad,326.0,12,65.2,84.79
ORD-2022-02508,2022-05-22,C0143,Joseph Gonzalez,Consumer,Japan,Asia,Tokyo,Tokyo,Technology,Laptops,Lenovo ThinkPad,8698.29,6,1739.66,1813.41
ORD-2022-02509,2023-01-12,C0185,Richard Anderson,Consumer,Australia,Oceania,New South Wales,Sydney,Furniture,Tables,Dining Table,5786.0,13,1157.2,1259.23
ORD-2022-02510,2022-02-05,C0179,Jennifer Thomas,Corporate,Australia,Oceania,New South Wales,Sydney,Office Supplies,Art,Watercolor Set,232.98,8,46.6,39.45
ORD-2024-02511,2022-01-26,C0079,David Gonzalez,Home Office,Canada,North America,Ontario,Toronto,Technology,Accessories,Webcam,2563.87,4,0.0,358.93
ORD-2024-02512,2022-07-04,C0019,Michael Lopez,Home Office,France,Europe,Ile-de-France,Paris,Furniture,Tables,Conference Table,1415.95,3,0.0,280.18
ORD-2024-02513,2022-02-14,C0141,Joseph Lopez,Consumer,France,Europe,Ile-de-France,Paris,Office Supplies,Binders,3-Ring Binder,126.04,4,0.0,32.99
ORD-2024-02514,2023-05-09,C0001,Robert Gonzalez,Consumer,Australia,Oceania,Victoria,Melbourne,Office Supplies,Art,Watercolor Set,140.41,4,28.08,41.61
ORD-2024-02515,2024-01-18,C0146,Mary Gonzalez,Corporate,Australia,Oceania,New South Wales,Sydney,Technology,Phones,Nokia G20,1863.05,6,0.0,614.99
ORD-2024-02516,2024-05-26,C0176,Joseph Hernandez,Consumer,USA,North America,New York,New York City,Technology,Phones,Nokia G20,21491.21,18,0.0,4445.84
ORD-2022-02517,2023-11-18,C0029,William Miller,Corporate,Canada,North America,Ontario,Toronto,Furniture,Tables,Coffee Table,7091.44,13,0.0,2529.29
ORD-2023-02518,2022-09-14,C0052,David Miller,Corporate,China,Asia,Beijing,Beijing,Technology,Accessories,Webcam,9851.43,18,0.0,1198.3
ORD-2024-02519,2022-12-27,C0187,Joseph Rodriguez,Corporate,Australia,Oceania,Victoria,Melbourne,Technology,Accessories,Webcam,5519.46,4,551.95,1721.8
ORD-2022-02520,2022-10-07,C0135,Linda Johnson,Consumer,Australia,Oceania,New South Wales,Sydney,Technology,Laptops,HP Spectre x360,1492.26,1,149.23,323.38
ORD-2022-02521,2022-02-20,C0199,Jessica Smith,Consumer,Australia,Oceania,New South Wales,Sydney,Technology,Laptops,Lenovo ThinkPad,14626.27,18,731.31,1841.58
ORD-2024-02522,2024-01-31,C0014,Mary Martinez,Corporate,USA,North America,New York,New York City,Office Supplies,Paper,A4 Printer Paper,264.22,13,52.84,78.17
ORD-2023-02523,2023-06-18,C0117,Michael Thomas,Corporate,India,Asia,Maharashtra,Mumbai,Furniture,Tables,Coffee Table,10357.3,18,0.0,2058.87
ORD-2023-02524,2024-03-30,C0069,Mary Jones,Home Office,Japan,Asia,Tokyo,Tokyo,Technology,Laptops,MacBook Pro 14,9178.35,8,1835.67,1016.17
ORD-2022-02525,2024-02-16,C0188,Patricia Wilson,Consumer,Japan,Asia,Tokyo,Tokyo,Technology,Laptops,MacBook Pro 14,851.27,1,0.0,150.22
ORD-2022-02526,2024-08-13,C0074,Jessica Martinez,Corporate,France,Europe,Ile-de-France,Paris,Office Supplies,Art,Sketchbook,115.44,9,5.77,43.52
ORD-2022-02527,2024-01-28,C0114,Mary Lopez,Home Office,Canada,North America,Ontario,Toronto,Office Supplies,Art,Markers,74.14,5,14.83,8.44
ORD-2023-02528,2024-09-23,C0070,Jessica Anderson,Consumer,Australia,Oceania,New South Wales,Sydney,Furniture,Storage,Wardrobe,1753.75,9,175.38,190.71
ORD-2024-02529,2023-03-18,C0046,Barbara Davis,Corporate,Australia,Oceania,Victoria,Melbourne,Office Supplies,Binders,Expansion Folder,24.96,4,1.25,7.2
ORD-2022-02530,2022-10-18,C0072,Richard Jones,Consumer,Australia,Oceania,Victoria,Melbourne,Technology,Laptops,HP Spectre x360,18591.92,16,0.0,4602.88
ORD-2024-02531,2024-07-29,C0059,Jessica Thomas,Corporate,UK,Europe,England,London,Technology,Phones,Samsung Galaxy S21,7246.52,6,0.0,2147.59
ORD-2023-02532,2022-05-04,C0041,Patricia Wilson,Consumer,France,Europe,Ile-de-France,Paris,Furniture,Storage,File Cabinet,5925.67,15,1185.13,1535.97
ORD-2023-02533,2023-10-29,C0143,Joseph Gonzalez,Consumer,France,Europe,Ile-de-France,Paris,Technology,Phones,iPhone 13,22086.76,18,0.0,4567.53
ORD-2022-02534,2022-05-01,C0146,Mary Gonzalez,Home Office,France,Europe,Ile-de-France,Paris,Technology,Phones,Nokia G20,7138.22,7,1427.64,1993.41
ORD-2022-02535,2023-05-27,C0132,John Smith,Consumer,Germany,Europe,Bavaria,Munich,Furniture,Tables,Coffee Table,1011.52,14,202.3,297.7
ORD-2024-02536,2024-01-13,C0022,David Smith,Corporate,USA,North America,California,Los Angeles,Technology,Accessories,USB-C Hub,1539.83,2,153.98,231.97
ORD-2022-02537,2022-05-17,C0156,David Martinez,Corporate,India,Asia,Maharashtra,Mumbai,Office Supplies,Binders,Report Cover,89.21,2,0.0,19.82
ORD-2023-02538,2022-03-30,C0180,Joseph Wilson,Corporate,Australia,Oceania,Victoria,Melbourne,Furniture,Storage,File Cabinet,6253.11,17,0.0,2179.03
ORD-2023-02539,2023-05-19,C0035,Jessica Johnson,Home Office,UK,Europe,England,London,Furniture,Chairs,Office Chair,1665.54,14,166.55,557.93
ORD-2024-02540,2024-03-09,C0029,William Miller,Home Office,Australia,Oceania,New South Wales,Sydney,Office Supplies,Binders,Expansion Folder,391.67,8,0.0,94.55
ORD-2024-02541,2023-05-14,C0074,Jessica Martinez,Home Office,China,Asia,Beijing,Beijing,Technology,Accessories,Wireless Mouse,4716.3,8,943.26,571.22
ORD-2023-02542,2024-08-31,C0161,Michael Jones,Home Office,Australia,Oceania,Victoria,Melbourne,Technology,Laptops,MacBook Pro 14,3050.66,18,152.53,788.64
ORD-2023-02543,2022-06-16,C0195,William Hernandez,Corporate,Australia,Oceania,New South Wales,Sydney,Technology,Accessories,Mechanical Keyboard,8441.56,13,0.0,1732.28
ORD-2023-02544,2024-07-02,C0149,Richard Garcia,Consumer,USA,North America,Texas,Houston,Furniture,Storage,File Cabinet,2790.8,11,0.0,949.48
ORD-2023-02545,2023-09-19,C0016,James Lopez,Consumer,China,Asia,Beijing,Beijing,Furniture,Chairs,Gaming Chair,1653.73,12,330.75,517.23
ORD-2023-02546,2022-05-22,C0121,Joseph Thomas,Corporate,Germany,Europe,Bavaria,Munich,Furniture,Chairs,Office Chair,5469.72,10,1093.94,764.87
ORD-2022-02547,2022-12-08,C0034,David Wilson,Home Office,Australia,Oceania,New South Wales,Sydney,Technology,Accessories,Webcam,2164.56,2,108.23,277.15
ORD-2022-02548,2024-07-20,C0169,William Gonzalez,Corporate,China,Asia,Beijing,Beijing,Furniture,Chairs,Office Chair,1278.39,4,0.0,321.29
ORD-2024-02549,2024-01-21,C0134,William Wilson,Home Office,France,Europe,Ile-de-France,Paris,Office Supplies,Binders,Expansion Folder,381.51,14,76.3,34.77
ORD-2023-02550,2022-06-01,C0013,Richard Davis,Home Office,China,Asia,Beijing,Beijing,Office Supplies,Paper,Cardstock,329.04,9,0.0,41.05
ORD-2022-02551,2022-08-09,C0162,James Rodriguez,Consumer,USA,North America,New York,New York City,Technology,Phones,iPhone 13,7408.73,12,0.0,2814.64
ORD-2024-02552,2023-07-09,C0155,Barbara Anderson,Home Office,Australia,Oceania,New South Wales,Sydney,Technology,Laptops,Lenovo ThinkPad,6546.1,5,0.0,1385.12
ORD-2023-02553,2023-01-08,C0193,Linda Williams,Consumer,Japan,Asia,Tokyo,Tokyo,Office Supplies,Paper,Sticky Notes,94.38,2,4.72,9.0
ORD-2022-02554,2023-08-30,C0046,Barbara Davis,Consumer,USA,North America,California,Los Angeles,Technology,Laptops,Dell XPS 15,2317.04,20,115.85,493.82
ORD-2023-02555,2022-06-10,C0128,Jennifer Wilson,Corporate,Germany,Europe,Bavaria,Munich,Furniture,Chairs,Office Chair,8467.05,19,423.35,1980.92
ORD-2023-02556,2022-07-03,C0073,Elizabeth Smith,Consumer,Germany,Europe,Bavaria,Munich,Office Supplies,Art,Sketchbook,54.65,6,5.46,16.18
ORD-2023-02557,2022-07-16,C0110,Jennifer Martinez,Home Office,Germany,Europe,Bavaria,Munich,Furniture,Storage,File Cabinet,1102.35,2,220.47,275.91
ORD-2024-02558,2022-12-12,C0165,Robert Williams,Corporate,USA,North America,New York,New York City,Technology,Phones,Nokia G20,2831.45,3,141.57,935.5
ORD-2023-02559,2023-06-26,C0067,Susan Thomas,Consumer,Canada,North America,Ontario,Toronto,Technology,Phones,Nokia G20,1947.39,5,97.37,688.66
ORD-2023-02560,2022-07-18,C0067,Susan Thomas,Consumer,France,Europe,Ile-de-France,Paris,Furniture,Storage,File Cabinet,10942.89,20,0.0,1589.09
ORD-2022-02561,2023-04-29,C0086,Jennifer Gonzalez,Home Office,Japan,Asia,Tokyo,Tokyo,Technology,Accessories,Wireless Mouse,7448.28,6,0.0,1160.0
ORD-2023-02562,2024-08-06,C0136,Barbara Smith,Home Office,USA,North America,New York,New York City,Office Supplies,Binders,Report Cover,782.44,20,78.24,115.07
ORD-2023-02563,2022-03-05,C0080,David Rodriguez,Corporate,China,Asia,Beijing,Beijing,Technology,Laptops,MacBook Pro 14,1126.24,3,0.0,389.94
ORD-2023-02564,2023-09-06,C0068,Elizabeth Lopez,Consumer,Japan,Asia,Tokyo,Tokyo,Technology,Phones,Pixel 6,4818.44,11,0.0,828.11
ORD-2023-02565,2022-09-29,C0140,David Miller,Home Office,UK,Europe,England,London,Technology,Laptops,Lenovo ThinkPad,7015.34,15,350.77,2468.71
ORD-2023-02566,2024-05-04,C0154,Richard Garcia,Home Office,Canada,North America,Ontario,Toronto,Office Supplies,Paper,Legal Pad,31.33,1,6.27,4.48
ORD-2022-02567,2022-08-11,C0084,Barbara Wilson,Home Office,Japan,Asia,Tokyo,Tokyo,Office Supplies,Paper,Legal Pad,116.66,8,23.33,20.0
ORD-2023-02568,2023-04-13,C0069,Mary Jones,Corporate,China,Asia,Beijing,Beijing,Office Supplies,Paper,Cardstock,25.96,1,0.0,6.73
ORD-2023-02569,2023-07-15,C0034,David Wilson,Consumer,Australia,Oceania,Victoria,Melbourne,Technology,Phones,iPhone 13,16641.66,13,1664.17,2262.44
ORD-2022-02570,2023-05-05,C0160,David Williams,Home Office,Australia,Oceania,Victoria,Melbourne,Furniture,Tables,Coffee Table,573.79,3,0.0,101.94
ORD-2022-02571,2024-03-26,C0019,Michael Lopez,Consumer,UK,Europe,England,London,Technology,Phones,Pixel 6,12281.8,13,614.09,4312.82
ORD-2022-02572,2023-11-01,C0087,Mary Wilson,Home Office,USA,North America,New York,New York City,Office Supplies,Art,Watercolor Set,237.91,14,0.0,47.8
ORD-2022-02573,2022-04-11,C0024,Patricia Gonzalez,Corporate,China,Asia,Beijing,Beijing,Office Supplies,Paper,A4 Printer Paper,237.77,18,0.0,87.74
ORD-2022-02574,2024-01-26,C0007,David Williams,Home Office,Japan,Asia,Tokyo,Tokyo,Furniture,Storage,File Cabinet,4217.7,14,843.54,1152.27
ORD-2024-02575,2022-02-27,C0143,Joseph Gonzalez,Corporate,Australia,Oceania,New South Wales,Sydney,Technology,Laptops,MacBook Pro 14,19119.84,13,955.99,7043.41
ORD-2022-02576,2022-06-30,C0103,Richard Miller,Home Office,India,Asia,Maharashtra,Mumbai,Furniture,Chairs,Office Chair,2787.93,17,0.0,307.97
ORD-2022-02577,2023-06-12,C0136,Barbara Smith,Corporate,India,Asia,Maharashtra,Mumbai,Office Supplies,Art,Watercolor Set,355.64,16,35.56,125.01
ORD-2023-02578,2022-10-10,C0132,John Smith,Consumer,Germany,Europe,Bavaria,Munich,Technology,Accessories,Wireless Mouse,14234.84,15,2846.97,2178.98
ORD-2023-02579,2024-04-06,C0142,Barbara Rodriguez,Consumer,Japan,Asia,Tokyo,Tokyo,Technology,Accessories,Mechanical Keyboard,10192.95,16,1019.3,2687.99
ORD-2022-02580,2024-05-31,C0059,Jessica Thomas,Corporate,Australia,Oceania,New South Wales,Sydney,Technology,Accessories,Wireless Mouse,744.34,1,148.87,99.92
ORD-2023-02581,2022-11-13,C0093,Elizabeth Davis,Consumer,USA,North America,California,Los Angeles,Furniture,Storage,Wardrobe,1060.14,3,212.03,263.91
ORD-2024-02582,2022-11-23,C0108,John Miller,Consumer,Australia,Oceania,New South Wales,Sydney,Office Supplies,Binders,Expansion Folder,279.35,15,0.0,92.45
ORD-2024-02583,2023-09-20,C0092,Barbara Jones,Home Office,China,Asia,Beijing,Beijing,Technology,Phones,iPhone 13,3658.85,14,182.94,369.34
ORD-2023-02584,2024-06-22,C0011,Patricia Hernandez,Corporate,USA,North America,New York,New York City,Technology,Laptops,Dell XPS 15,4222.66,5,211.13,1431.5
ORD-2023-02585,2023-12-06,C0034,David Wilson,Consumer,USA,North America,New York,New York City,Technology,Laptops,Dell XPS 15,1597.58,9,0.0,459.39
ORD-2023-02586,2023-05-08,C0010,William Brown,Home Office,Germany,Europe,Bavaria,Munich,Furniture,Chairs,Office Chair,2947.26,8,147.36,518.05
ORD-2024-02587,2024-06-10,C0120,Jessica Martinez,Consumer,Germany,Europe,Bavaria,Munich,Furniture,Storage,Wardrobe,4282.06,9,0.0,812.53
ORD-2022-02588,2023-03-01,C0091,Patricia Miller,Home Office,Japan,Asia,Tokyo,Tokyo,Office Supplies,Paper,Sticky Notes,230.93,12,23.09,64.52
ORD-2023-02589,2023-08-19,C0070,Jessica Anderson,Home Office,Australia,Oceania,New South Wales,Sydney,Furniture,Storage,File Cabinet,998.13,16,49.91,197.1
ORD-2023-02590,2022-01-29,C0162,James Rodriguez,Consumer,India,Asia,Maharashtra,Mumbai,Furniture,Storage,File Cabinet,4906.29,13,490.63,911.3
ORD-2024-02591,2022-05-29,C0111,Mary Miller,Home Office,Canada,North America,Ontario,Toronto,Office Supplies,Paper,Sticky Notes,322.29,19,32.23,59.59
ORD-2022-02592,2022-07-04,C0109,Jennifer Hernandez,Corporate,Australia,Oceania,Victoria,Melbourne,Technology,Accessories,Wireless Mouse,6357.71,17,317.89,2284.25
ORD-2024-02593,2022-09-19,C0076,Jennifer Miller,Corporate,Australia,Oceania,Victoria,Melbourne,Furniture,Chairs,Ergonomic Executive Chair,8096.09,19,809.61,1091.9
ORD-2024-02594,2024-05-05,C0036,Joseph Johnson,Corporate,France,Europe,Ile-de-France,Paris,Furniture,Storage,File Cabinet,1209.91,5,120.99,404.77
ORD-2024-02595,2024-07-28,C0045,Jessica Smith,Consumer,UK,Europe,England,London,Furniture,Tables,Study Desk,8295.61,16,0.0,1664.17
ORD-2024-02596,2022-01-24,C0149,Richard Garcia,Home Office,China,Asia,Beijing,Beijing,Furniture,Chairs,Ergonomic Executive Chair,780.27,9,0.0,93.54
ORD-2022-02597,2022-03-06,C0184,Susan Martinez,Home Office,China,Asia,Beijing,Beijing,Office Supplies,Binders,Expansion Folder,59.49,6,0.0,17.11
ORD-2022-02598,2022-05-28,C0081,Susan Brown,Corporate,France,Europe,Ile-de-France,Paris,Furniture,Tables,Coffee Table,2513.84,6,0.0,294.34
ORD-2023-02599,2023-12-25,C0124,Robert Thomas,Consumer,Japan,Asia,Tokyo,Tokyo,Furniture,Tables,Conference Table,2355.24,16,471.05,501.31
ORD-2024-02600,2023-10-13,C0185,Richard Anderson,Corporate,Germany,Europe,Bavaria,Munich,Office Supplies,Art,Markers,890.49,18,0.0,246.61
ORD-2024-02601,2022-04-20,C0061,Elizabeth Martinez,Consumer,Germany,Europe,Bavaria,Munich,Technology,Laptops,MacBook Pro 14,4186.43,17,209.32,1119.32
ORD-2024-02602,2022-02-14,C0086,Jennifer Gonzalez,Consumer,Japan,Asia,Tokyo,Tokyo,Furniture,Tables,Coffee Table,4007.19,12,0.0,950.17
ORD-2022-02603,2022-09-10,C0003,John Brown,Corporate,India,Asia,Maharashtra,Mumbai,Technology,Accessories,USB-C Hub,4985.81,6,249.29,888.7
ORD-2023-02604,2022-12-10,C0089,Richard Williams,Corporate,Japan,Asia,Tokyo,Tokyo,Technology,Accessories,Wireless Mouse,11577.18,19,0.0,3904.38
ORD-2024-02605,2024-08-14,C0030,Michael Rodriguez,Consumer,USA,North America,Texas,Houston,Technology,Accessories,Webcam,3705.72,7,370.57,596.59
ORD-2024-02606,2023-12-19,C0115,Mary Wilson,Corporate,Germany,Europe,Bavaria,Munich,Furniture,Storage,File Cabinet,1674.74,7,334.95,243.83
ORD-2022-02607,2024-05-19,C0187,Joseph Rodriguez,Home Office,Australia,Oceania,New South Wales,Sydney,Technology,Accessories,USB-C Hub,11093.43,12,0.0,2462.07
ORD-2022-02608,2024-07-28,C0177,Joseph Miller,Consumer,China,Asia,Beijing,Beijing,Technology,Accessories,Wireless Mouse,5481.79,17,0.0,1510.43
ORD-2024-02609,2022-02-15,C0199,Jessica Smith,Home Office,France,Europe,Ile-de-France,Paris,Technology,Laptops,Lenovo ThinkPad,11988.13,10,599.41,4445.44
ORD-2022-02610,2023-11-14,C0147,John Hernandez,Consumer,USA,North America,New York,New York City,Technology,Accessories,USB-C Hub,4533.02,4,453.3,646.92
ORD-2024-02611,2024-04-12,C0038,John Brown,Home Office,USA,North America,Texas,Houston,Office Supplies,Binders,3-Ring Binder,208.55,7,0.0,53.18
ORD-2023-02612,2023-09-10,C0048,Jessica Thomas,Consumer,Germany,Europe,Bavaria,Munich,Technology,Phones,Pixel 6,11096.88,12,1109.69,1307.72
ORD-2024-02613,2023-06-15,C0166,William Thomas,Corporate,China,Asia,Beijing,Beijing,Furniture,Storage,Wardrobe,1128.32,6,0.0,146.52
ORD-2022-02614,2024-06-24,C0100,James Jones,Home Office,Germany,Europe,Bavaria,Munich,Office Supplies,Paper,Cardstock,764.05,19,152.81,119.31
ORD-2024-02615,2022-07-11,C0019,Michael Lopez,Consumer,USA,North America,Texas,Houston,Furniture,Chairs,Gaming Chair,2958.59,6,0.0,651.12
ORD-2022-02616,2023-12-07,C0042,James Davis,Consumer,Japan,Asia,Tokyo,Tokyo,Technology,Laptops,MacBook Pro 14,14829.15,12,2965.83,1832.49
ORD-2024-02617,2023-11-20,C0017,William Thomas,Corporate,Japan,Asia,Tokyo,Tokyo,Office Supplies,Paper,A4 Printer Paper,26.21,1,1.31,9.17
ORD-2022-02618,2023-10-20,C0195,William Hernandez,Consumer,Australia,Oceania,New South Wales,Sydney,Technology,Laptops,Lenovo ThinkPad,22883.45,19,2288.35,4726.99
ORD-2024-02619,2024-06-12,C0071,Michael Thomas,Home Office,USA,North America,Texas,Houston,Technology,Laptops,HP Spectre x360,5913.91,7,295.7,1073.54
ORD-2024-02620,2023-04-21,C0023,Jennifer Gonzalez,Consumer,France,Europe,Ile-de-France,Paris,Office Supplies,Art,Sketchbook,382.31,12,0.0,96.66
ORD-2022-02621,2022-10-12,C0140,David Miller,Consumer,USA,North America,California,Los Angeles,Furniture,Storage,Wardrobe,781.04,9,0.0,189.69
ORD-2024-02622,2023-05-27,C0101,Patricia Williams,Corporate,India,Asia,Maharashtra,Mumbai,Furniture,Storage,File Cabinet,1067.31,4,106.73,246.29
ORD-2023-02623,2022-06-03,C0027,Barbara Miller,Corporate,Australia,Oceania,Victoria,Melbourne,Office Supplies,Binders,Expansion Folder,175.36,5,8.77,44.43
ORD-2023-02624,2023-06-25,C0108,John Miller,Corporate,UK,Europe,England,London,Office Supplies,Binders,Expansion Folder,167.74,19,8.39,56.32
ORD-2023-02625,2024-04-20,C0017,William Thomas,Corporate,USA,North America,New York,New York City,Technology,Laptops,Dell XPS 15,1383.86,10,138.39,216.58
ORD-2023-02626,2024-02-08,C0103,Richard Miller,Home Office,Germany,Europe,Bavaria,Munich,Furniture,Tables,Conference Table,984.54,12,49.23,159.04
ORD-2023-02627,2022-01-07,C0091,Patricia Miller,Home Office,Australia,Oceania,New South Wales,Sydney,Office Supplies,Art,Watercolor Set,78.63,6,0.0,12.18
ORD-2023-02628,2022-12-10,C0168,Patricia Hernandez,Consumer,Australia,Oceania,Victoria,Melbourne,Office Supplies,Art,Watercolor Set,620.47,13,0.0,114.31
ORD-2022-02629,2023-03-06,C0142,Barbara Rodriguez,Home Office,Germany,Europe,Bavaria,Munich,Technology,Accessories,USB-C Hub,24189.11,20,2418.91,7198.46
ORD-2023-02630,2023-06-02,C0101,Patricia Williams,Home Office,USA,North America,New York,New York City,Furniture,Storage,Bookshelf,2344.23,16,468.85,701.78
ORD-2024-02631,2023-04-08,C0134,William Wilson,Corporate,Australia,Oceania,New South Wales,Sydney,Office Supplies,Art,Markers,480.24,19,0.0,102.02
ORD-2022-02632,2022-09-10,C0137,Susan Johnson,Corporate,USA,North America,California,Los Angeles,Furniture,Chairs,Office Chair,4542.09,20,227.1,801.04
ORD-2023-02633,2023-03-24,C0185,Richard Anderson,Home Office,USA,North America,Texas,Houston,Office Supplies,Paper,Cardstock,132.99,10,0.0,28.04
ORD-2023-02634,2023-10-26,C0164,Robert Williams,Home Office,Australia,Oceania,New South Wales,Sydney,Furniture,Chairs,Office Chair,2508.94,11,501.79,458.65
ORD-2022-02635,2023-07-27,C0024,Patricia Gonzalez,Corporate,Australia,Oceania,New South Wales,Sydney,Technology,Phones,Samsung Galaxy S21,10737.9,10,0.0,4232.4
ORD-2024-02636,2024-06-12,C0038,John Brown,Consumer,Germany,Europe,Bavaria,Munich,Furniture,Storage,Wardrobe,2559.31,10,255.93,236.89
ORD-2022-02637,2022-05-03,C0066,Richard Williams,Home Office,USA,North America,Texas,Houston,Technology,Accessories,Wireless Mouse,16065.87,11,0.0,5531.56
ORD-2022-02638,2023-09-06,C0034,David Wilson,Home Office,USA,North America,California,Los Angeles,Technology,Laptops,HP Spectre x360,1842.33,9,0.0,530.57
ORD-2022-02639,2022-01-31,C0097,Jessica Garcia,Corporate,Australia,Oceania,New South Wales,Sydney,Office Supplies,Binders,Report Cover,474.69,16,47.47,83.32
ORD-2023-02640,2023-10-05,C0174,Mary Brown,Consumer,Australia,Oceania,Victoria,Melbourne,Furniture,Chairs,Office Chair,7051.08,12,352.55,1387.03
ORD-2023-02641,2022-05-04,C0052,David Miller,Consumer,Australia,Oceania,Victoria,Melbourne,Technology,Laptops,Lenovo ThinkPad,2187.22,5,0.0,810.84
ORD-2023-02642,2022-03-30,C0064,Linda Jones,Consumer,Australia,Oceania,New South Wales,Sydney,Office Supplies,Binders,Report Cover,787.02,19,39.35,235.73
ORD-2023-02643,2024-05-06,C0152,Jessica Anderson,Corporate,UK,Europe,England,London,Office Supplies,Paper,A4 Printer Paper,658.19,18,32.91,202.3
ORD-2022-02644,2022-03-14,C0136,Barbara Smith,Corporate,France,Europe,Ile-de-France,Paris,Furniture,Chairs,Gaming Chair,7731.55,19,0.0,957.42
ORD-2023-02645,2023-06-15,C0137,Susan Johnson,Corporate,Australia,Oceania,Victoria,Melbourne,Office Supplies,Paper,Cardstock,631.77,18,0.0,190.35
ORD-2023-02646,2024-06-01,C0107,James Garcia,Consumer,USA,North America,Texas,Houston,Office Supplies,Binders,Report Cover,384.31,8,38.43,131.95
ORD-2024-02647,2023-05-15,C0114,Mary Lopez,Consumer,USA,North America,California,Los Angeles,Technology,Phones,Nokia G20,13561.59,12,0.0,5062.87
ORD-2023-02648,2022-04-13,C0178,Patricia Thomas,Corporate,Canada,North America,Ontario,Toronto,Furniture,Chairs,Office Chair,3008.18,13,601.64,791.15
ORD-2023-02649,2024-02-21,C0100,James Jones,Home Office,Canada,North America,Ontario,Toronto,Office Supplies,Art,Markers,831.53,20,0.0,106.36
ORD-2022-02650,2022-05-04,C0187,Joseph Rodriguez,Home Office,Japan,Asia,Tokyo,Tokyo,Furniture,Storage,Wardrobe,1820.48,12,91.02,550.32
ORD-2023-02651,2022-07-06,C0086,Jennifer Gonzalez,Home Office,Japan,Asia,Tokyo,Tokyo,Furniture,Tables,Dining Table,1663.11,19,83.16,615.51
ORD-2024-02652,2024-08-01,C0117,Michael Thomas,Consumer,Australia,Oceania,New South Wales,Sydney,Technology,Accessories,Wireless Mouse,4414.72,5,0.0,745.56
ORD-2024-02653,2023-10-18,C0149,Richard Garcia,Consumer,Germany,Europe,Bavaria,Munich,Office Supplies,Art,Sketchbook,126.9,3,25.38,21.88
ORD-2022-02654,2024-09-18,C0185,Richard Anderson,Consumer,Australia,Oceania,New South Wales,Sydney,Office Supplies,Binders,3-Ring Binder,294.54,8,29.45,64.26
ORD-2022-02655,2024-07-20,C0122,Patricia Garcia,Consumer,Japan,Asia,Tokyo,Tokyo,Office Supplies,Binders,3-Ring Binder,169.41,19,0.0,26.63
ORD-2023-02656,2023-08-13,C0024,Patricia Gonzalez,Corporate,Canada,North America,Ontario,Toronto,Technology,Laptops,HP Spectre x360,22422.39,18,0.0,4901.67
ORD-2024-02657,2024-04-02,C0023,Jennifer Gonzalez,Consumer,Germany,Europe,Bavaria,Munich,Office Supplies,Paper,Legal Pad,83.94,6,0.0,14.41
ORD-2022-02658,2022-06-13,C0109,Jennifer Hernandez,Corporate,USA,North America,California,Los Angeles,Office Supplies,Paper,Cardstock,156.82,10,15.68,31.64
ORD-2023-02659,2023-04-15,C0179,Jennifer Thomas,Consumer,UK,Europe,England,London,Technology,Accessories,Webcam,9108.3,7,0.0,3578.48
ORD-2022-02660,2024-03-23,C0006,John Martinez,Corporate,China,Asia,Beijing,Beijing,Technology,Laptops,HP Spectre x360,5978.43,6,298.92,2169.42
ORD-2022-02661,2022-10-27,C0123,Susan Garcia,Corporate,France,Europe,Ile-de-France,Paris,Office Supplies,Art,Sketchbook,134.51,13,26.9,42.37
ORD-2023-02662,2023-11-12,C0123,Susan Garcia,Consumer,Japan,Asia,Tokyo,Tokyo,Furniture,Tables,Coffee Table,4697.12,10,0.0,734.59
ORD-2023-02663,2023-10-14,C0089,Richard Williams,Home Office,Australia,Oceania,Victoria,Melbourne,Technology,Laptops,Lenovo ThinkPad,928.11,4,0.0,348.73
ORD-2023-02664,2022-02-12,C0099,Susan Anderson,Home Office,Australia,Oceania,New South Wales,Sydney,Office Supplies,Paper,Legal Pad,98.78,17,0.0,13.08
ORD-2023-02665,2022-10-15,C0013,Richard Davis,Corporate,USA,North America,New York,New York City,Technology,Laptops,Lenovo ThinkPad,1167.09,2,233.42,138.13
ORD-2024-02666,2024-09-22,C0179,Jennifer Thomas,Consumer,Japan,Asia,Tokyo,Tokyo,Technology,Laptops,MacBook Pro 14,2239.58,6,111.98,557.8
ORD-2024-02667,2022-11-15,C0038,John Brown,Consumer,Germany,Europe,Bavaria,Munich,Furniture,Tables,Conference Table,3352.24,18,167.61,476.33
ORD-2023-02668,2022-03-25,C0020,Michael Williams,Consumer,Germany,Europe,Bavaria,Munich,Office Supplies,Art,Watercolor Set,231.8,14,0.0,49.08
ORD-2024-02669,2022-01-30,C0195,William Hernandez,Home Office,Australia,Oceania,New South Wales,Sydney,Technology,Laptops,Dell XPS 15,1614.22,9,322.84,356.15
ORD-2024-02670,2024-06-12,C0183,Barbara Johnson,Home Office,Japan,Asia,Tokyo,Tokyo,Office Supplies,Binders,3-Ring Binder,473.67,10,94.73,53.26
ORD-2023-02671,2023-01-31,C0115,Mary Wilson,Corporate,Australia,Oceania,New South Wales,Sydney,Furniture,Chairs,Office Chair,4351.69,12,0.0,1254.82
ORD-2022-02672,2023-09-10,C0188,Patricia Wilson,Corporate,India,Asia,Maharashtra,Mumbai,Technology,Accessories,Wireless Mouse,2149.63,2,214.96,739.42
ORD-2024-02673,2023-10-19,C0096,Richard Garcia,Corporate,USA,North America,New York,New York City,Office Supplies,Art,Markers,682.24,15,0.0,210.41
ORD-2023-02674,2023-07-12,C0063,Michael Anderson,Corporate,Japan,Asia,Tokyo,Tokyo,Technology,Laptops,Lenovo ThinkPad,8027.77,13,401.39,1451.24
ORD-2022-02675,2024-02-08,C0153,John Thomas,Consumer,France,Europe,Ile-de-France,Paris,Furniture,Chairs,Stool,3732.74,19,0.0,888.65
ORD-2024-02676,2023-10-16,C0146,Mary Gonzalez,Home Office,France,Europe,Ile-de-France,Paris,Office Supplies,Art,Watercolor Set,51.78,4,10.36,5.86
ORD-2022-02677,2023-12-11,C0017,William Thomas,Corporate,USA,North America,Texas,Houston,Furniture,Tables,Conference Table,9133.12,20,456.66,3288.87
ORD-2022-02678,2023-05-02,C0140,David Miller,Home Office,China,Asia,Beijing,Beijing,Office Supplies,Art,Watercolor Set,89.86,5,0.0,25.05
ORD-2024-02679,2023-04-20,C0094,Linda Garcia,Consumer,UK,Europe,England,London,Technology,Phones,Pixel 6,17712.08,16,0.0,6993.14
ORD-2023-02680,2024-03-25,C0006,John Martinez,Home Office,Australia,Oceania,New South Wales,Sydney,Technology,Phones,Pixel 6,4183.56,9,418.36,1348.98
ORD-2023-02681,2022-05-09,C0001,Robert Gonzalez,Consumer,Australia,Oceania,Victoria,Melbourne,Office Supplies,Binders,Expansion Folder,133.42,9,6.67,18.96
ORD-2024-02682,2022-04-12,C0090,Patricia Davis,Consumer,Canada,North America,Ontario,Toronto,Office Supplies,Art,Sketchbook,757.62,16,37.88,255.96
ORD-2023-02683,2023-11-18,C0184,Susan Martinez,Consumer,China,Asia,Beijing,Beijing,Office Supplies,Art,Markers,108.74,6,5.44,41.03
ORD-2022-02684,2023-02-11,C0150,Elizabeth Gonzalez,Corporate,Australia,Oceania,New South Wales,Sydney,Office Supplies,Paper,Cardstock,122.76,18,24.55,13.33
ORD-2023-02685,2022-10-16,C0103,Richard Miller,Home Office,Japan,Asia,Tokyo,Tokyo,Technology,Accessories,Webcam,16236.92,19,811.85,1872.7
ORD-2024-02686,2024-08-07,C0107,James Garcia,Home Office,Australia,Oceania,Victoria,Melbourne,Technology,Phones,iPhone 13,8257.49,20,0.0,1610.84
ORD-2024-02687,2024-07-14,C0155,Barbara Anderson,Consumer,France,Europe,Ile-de-France,Paris,Furniture,Storage,Wardrobe,1204.16,8,60.21,442.15
ORD-2022-02688,2023-10-22,C0155,Barbara Anderson,Home Office,Japan,Asia,Tokyo,Tokyo,Technology,Phones,Pixel 6,18970.6,18,1897.06,2445.2
ORD-2022-02689,2024-03-17,C0168,Patricia Hernandez,Consumer,Australia,Oceania,Victoria,Melbourne,Office Supplies,Binders,3-Ring Binder,262.02,9,26.2,79.42
ORD-2024-02690,2024-06-25,C0172,Richard Garcia,Home Office,China,Asia,Beijing,Beijing,Furniture,Storage,Wardrobe,4123.54,9,412.35,1386.63
ORD-2022-02691,2024-08-01,C0108,John Miller,Corporate,Australia,Oceania,Victoria,Melbourne,Office Supplies,Paper,Cardstock,538.53,16,107.71,162.88
ORD-2022-02692,2024-03-22,C0077,James Davis,Corporate,UK,Europe,England,London,Office Supplies,Binders,Expansion Folder,60.7,7,12.14,17.31
ORD-2024-02693,2023-07-19,C0152,Jessica Anderson,Consumer,Australia,Oceania,New South Wales,Sydney,Furniture,Tables,Conference Table,6755.24,12,675.52,1030.76
ORD-2022-02694,2022-09-09,C0027,Barbara Miller,Corporate,USA,North America,California,Los Angeles,Technology,Accessories,USB-C Hub,1146.36,2,229.27,149.43
ORD-2024-02695,2022-04-22,C0039,Barbara Brown,Corporate,Australia,Oceania,New South Wales,Sydney,Technology,Accessories,Webcam,694.04,2,138.81,160.17
ORD-2024-02696,2023-04-10,C0092,Barbara Jones,Corporate,USA,North America,Texas,Houston,Office Supplies,Paper,Legal Pad,127.01,4,0.0,38.28
ORD-2023-02697,2024-06-23,C0054,Patricia Johnson,Home Office,China,Asia,Beijing,Beijing,Furniture,Tables,Study Desk,4031.39,9,806.28,706.96
ORD-2024-02698,2022-10-20,C0112,John Williams,Consumer,USA,North America,California,Los Angeles,Technology,Accessories,Webcam,16285.41,14,0.0,2416.03
ORD-2023-02699,2024-05-16,C0154,Richard Garcia,Home Office,USA,North America,California,Los Angeles,Technology,Laptops,HP Spectre x360,2263.77,4,226.38,622.21
ORD-2023-02700,2022-01-01,C0116,Joseph Rodriguez,Home Office,UK,Europe,England,London,Office Supplies,Binders,Report Cover,653.4,14,65.34,160.16
ORD-2022-02701,2023-05-13,C0180,Joseph Wilson,Corporate,Canada,North America,Ontario,Toronto,Furniture,Chairs,Gaming Chair,1532.29,4,0.0,428.9
ORD-2023-02702,2022-12-06,C0082,Jessica Martinez,Consumer,Australia,Oceania,Victoria,Melbourne,Technology,Phones,Nokia G20,3068.43,5,0.0,914.64
ORD-2024-02703,2024-05-07,C0066,Richard Williams,Consumer,USA,North America,Texas,Houston,Office Supplies,Paper,Legal Pad,90.57,15,4.53,22.2
ORD-2024-02704,2023-02-24,C0015,David Williams,Corporate,Australia,Oceania,Victoria,Melbourne,Office Supplies,Paper,Sticky Notes,316.23,12,31.62,112.55
ORD-2023-02705,2024-03-06,C0192,Patricia Hernandez,Consumer,Australia,Oceania,New South Wales,Sydney,Technology,Accessories,Webcam,11645.85,16,2329.17,1492.02
ORD-2024-02706,2023-10-31,C0196,John Smith,Home Office,Japan,Asia,Tokyo,Tokyo,Technology,Accessories,Webcam,13566.98,13,0.0,3109.32
ORD-2023-02707,2022-06-16,C0134,William Wilson,Corporate,France,Europe,Ile-de-France,Paris,Office Supplies,Paper,A4 Printer Paper,321.69,8,0.0,90.48
ORD-2023-02708,2023-10-20,C0167,William Anderson,Home Office,UK,Europe,England,London,Furniture,Storage,Bookshelf,2617.39,6,0.0,685.01
ORD-2023-02709,2022-08-09,C0166,William Thomas,Consumer,China,Asia,Beijing,Beijing,Technology,Laptops,Dell XPS 15,10826.68,8,2165.34,2962.58
ORD-2022-02710,2024-01-04,C0011,Patricia Hernandez,Corporate,USA,North America,California,Los Angeles,Furniture,Storage,Bookshelf,6224.37,19,1244.87,1311.28
ORD-2023-02711,2022-12-18,C0048,Jessica Thomas,Consumer,Germany,Europe,Bavaria,Munich,Office Supplies,Binders,Report Cover,362.94,9,72.59,39.39
ORD-2024-02712,2023-12-10,C0059,Jessica Thomas,Consumer,India,Asia,Maharashtra,Mumbai,Furniture,Tables,Conference Table,2849.61,15,0.0,804.17
ORD-2022-02713,2023-03-18,C0118,Mary Hernandez,Home Office,USA,North America,Texas,Houston,Furniture,Storage,Bookshelf,2398.69,9,119.93,443.84
ORD-2024-02714,2023-01-13,C0177,Joseph Miller,Corporate,Australia,Oceania,New South Wales,Sydney,Furniture,Chairs,Stool,819.22,12,163.84,148.06
ORD-2022-02715,2023-12-18,C0098,Susan Gonzalez,Corporate,Canada,North America,Ontario,Toronto,Office Supplies,Paper,A4 Printer Paper,37.48,6,0.0,11.88
ORD-2022-02716,2023-07-02,C0018,Barbara Rodriguez,Home Office,Australia,Oceania,New South Wales,Sydney,Furniture,Tables,Conference Table,3536.89,6,176.84,744.13
ORD-2024-02717,2022-07-15,C0061,Elizabeth Martinez,Home Office,USA,North America,California,Los Angeles,Furniture,Chairs,Office Chair,2316.01,18,115.8,225.83
ORD-2024-02718,2024-06-04,C0041,Patricia Wilson,Corporate,Germany,Europe,Bavaria,Munich,Office Supplies,Binders,Expansion Folder,21.52,1,0.0,7.5
ORD-2023-02719,2022-03-03,C0054,Patricia Johnson,Home Office,Japan,Asia,Tokyo,Tokyo,Furniture,Chairs,Stool,6695.98,13,1339.2,1898.51
ORD-2024-02720,2024-01-08,C0181,William Thomas,Corporate,USA,North America,Texas,Houston,Furniture,Chairs,Ergonomic Executive Chair,244.9,2,12.25,67.31
ORD-2024-02721,2022-04-03,C0045,Jessica Smith,Home Office,UK,Europe,England,London,Office Supplies,Paper,Legal Pad,114.01,9,0.0,34.16
ORD-2024-02722,2022-07-22,C0101,Patricia Williams,Home Office,USA,North America,Texas,Houston,Furniture,Storage,Bookshelf,6703.75,17,0.0,2290.58
ORD-2023-02723,2024-07-15,C0026,Barbara Jones,Home Office,USA,North America,California,Los Angeles,Furniture,Storage,Bookshelf,2750.57,8,275.06,911.69
ORD-2023-02724,2022-05-19,C0077,James Davis,Home Office,Canada,North America,Ontario,Toronto,Office Supplies,Art,Markers,589.21,15,117.84,177.55
ORD-2022-02725,2024-09-07,C0155,Barbara Anderson,Home Office,Australia,Oceania,New South Wales,Sydney,Office Supplies,Paper,Cardstock,140.86,14,7.04,43.94
ORD-2023-02726,2024-09-18,C0027,Barbara Miller,Corporate,Australia,Oceania,New South Wales,Sydney,Office Supplies,Paper,Sticky Notes,976.75,20,195.35,237.69
ORD-2022-02727,2023-11-28,C0144,Michael Jones,Home Office,USA,North America,Texas,Houston,Technology,Phones,Pixel 6,5235.01,16,523.5,897.49
ORD-2023-02728,2022-10-18,C0029,William Miller,Home Office,Australia,Oceania,New South Wales,Sydney,Technology,Accessories,USB-C Hub,6816.02,7,1363.2,898.74
ORD-2024-02729,2024-03-26,C0151,Robert Brown,Home Office,Australia,Oceania,New South Wales,Sydney,Office Supplies,Paper,Legal Pad,121.19,8,24.24,22.36
ORD-2022-02730,2024-08-11,C0022,David Smith,Consumer,China,Asia,Beijing,Beijing,Furniture,Tables,Conference Table,2472.14,13,494.43,780.16
ORD-2023-02731,2022-10-31,C0068,Elizabeth Lopez,Consumer,France,Europe,Ile-de-France,Paris,Technology,Accessories,Webcam,14092.67,13,0.0,4318.96
ORD-2022-02732,2023-02-16,C0008,Jennifer Anderson,Home Office,Germany,Europe,Bavaria,Munich,Furniture,Storage,Wardrobe,3266.77,17,653.35,505.42
ORD-2024-02733,2023-05-17,C0067,Susan Thomas,Consumer,China,Asia,Beijing,Beijing,Technology,Phones,iPhone 13,967.86,9,193.57,104.38
ORD-2024-02734,2024-05-30,C0171,Joseph Brown,Home Office,USA,North America,New York,New York City,Office Supplies,Paper,Sticky Notes,797.06,17,39.85,301.33
ORD-2024-02735,2024-03-12,C0021,Elizabeth Thomas,Corporate,UK,Europe,England,London,Furniture,Storage,Wardrobe,1428.82,19,0.0,405.52
ORD-2022-02736,2023-03-29,C0192,Patricia Hernandez,Corporate,China,Asia,Beijing,Beijing,Technology,Laptops,Dell XPS 15,1332.15,1,266.43,422.26
ORD-2023-02737,2022-05-03,C0192,Patricia Hernandez,Consumer,USA,North America,Texas,Houston,Furniture,Chairs,Office Chair,1877.66,19,0.0,249.48
ORD-2023-02738,2023-01-31,C0020,Michael Williams,Consumer,Australia,Oceania,New South Wales,Sydney,Office Supplies,Paper,Sticky Notes,43.69,2,0.0,13.53
ORD-2024-02739,2023-09-21,C0185,Richard Anderson,Home Office,UK,Europe,England,London,Technology,Phones,Nokia G20,7084.97,17,708.5,1858.39
ORD-2022-02740,2023-03-12,C0040,Linda Garcia,Corporate,India,Asia,Maharashtra,Mumbai,Technology,Laptops,HP Spectre x360,2122.82,7,106.14,312.18
ORD-2022-02741,2022-04-04,C0187,Joseph Rodriguez,Consumer,UK,Europe,England,London,Technology,Accessories,Mechanical Keyboard,4078.32,4,0.0,1584.65
ORD-2024-02742,2022-09-13,C0006,John Martinez,Home Office,Australia,Oceania,Victoria,Melbourne,Technology,Laptops,MacBook Pro 14,8663.39,16,866.34,1204.78
ORD-2024-02743,2022-09-22,C0124,Robert Thomas,Consumer,India,Asia,Maharashtra,Mumbai,Furniture,Tables,Coffee Table,3596.14,8,0.0,1120.82
ORD-2024-02744,2022-10-22,C0182,Mary Wilson,Consumer,UK,Europe,England,London,Technology,Accessories,Mechanical Keyboard,5699.63,4,569.96,1985.86
ORD-2022-02745,2024-08-18,C0166,William Thomas,Corporate,China,Asia,Beijing,Beijing,Furniture,Tables,Study Desk,6580.74,11,658.07,1866.9
ORD-2024-02746,2024-04-18,C0021,Elizabeth Thomas,Home Office,Canada,North America,Ontario,Toronto,Technology,Accessories,Wireless Mouse,12924.6,19,1292.46,3976.14
ORD-2024-02747,2022-06-17,C0013,Richard Davis,Home Office,Japan,Asia,Tokyo,Tokyo,Technology,Laptops,Dell XPS 15,9845.93,7,492.3,3016.95
ORD-2024-02748,2024-07-01,C0121,Joseph Thomas,Consumer,Australia,Oceania,Victoria,Melbourne,Office Supplies,Art,Markers,693.24,14,0.0,276.27
ORD-2023-02749,2022-05-26,C0086,Jennifer Gonzalez,Corporate,Australia,Oceania,Victoria,Melbourne,Technology,Accessories,USB-C Hub,12397.6,9,2479.52,3208.53
ORD-2024-02750,2023-11-08,C0155,Barbara Anderson,Home Office,Australia,Oceania,New South Wales,Sydney,Technology,Phones,Samsung Galaxy S21,512.79,5,102.56,120.27
ORD-2024-02751,2023-03-24,C0137,Susan Johnson,Home Office,Australia,Oceania,Victoria,Melbourne,Furniture,Storage,Wardrobe,2787.44,6,557.49,887.78
ORD-2022-02752,2023-04-12,C0152,Jessica Anderson,Corporate,USA,North America,New York,New York City,Technology,Accessories,USB-C Hub,4846.9,17,969.38,768.34
ORD-2024-02753,2022-07-16,C0188,Patricia Wilson,Home Office,Australia,Oceania,Victoria,Melbourne,Furniture,Tables,Coffee Table,2800.18,17,140.01,542.93
ORD-2022-02754,2022-10-24,C0187,Joseph Rodriguez,Home Office,China,Asia,Beijing,Beijing,Furniture,Chairs,Office Chair,7034.51,19,0.0,1558.51
ORD-2022-02755,2023-02-05,C0168,Patricia Hernandez,Corporate,India,Asia,Maharashtra,Mumbai,Furniture,Tables,Dining Table,1089.25,5,0.0,176.0
ORD-2023-02756,2022-11-25,C0098,Susan Gonzalez,Corporate,Germany,Europe,Bavaria,Munich,Technology,Accessories,Wireless Mouse,2601.89,2,130.09,846.98
ORD-2022-02757,2023-08-08,C0091,Patricia Miller,Consumer,Canada,North America,Ontario,Toronto,Office Supplies,Paper,A4 Printer Paper,803.09,17,40.15,178.32
ORD-2024-02758,2023-12-14,C0182,Mary Wilson,Corporate,France,Europe,Ile-de-France,Paris,Office Supplies,Art,Markers,687.89,16,0.0,245.33
ORD-2024-02759,2024-06-21,C0154,Richard Garcia,Corporate,Australia,Oceania,Victoria,Melbourne,Office Supplies,Art,Markers,98.8,3,9.88,30.56
ORD-2023-02760,2024-02-23,C0160,David Williams,Consumer,Australia,Oceania,Victoria,Melbourne,Furniture,Tables,Study Desk,2284.84,16,456.97,586.28
ORD-2023-02761,2024-07-21,C0088,Elizabeth Brown,Consumer,Australia,Oceania,Victoria,Melbourne,Furniture,Tables,Study Desk,702.07,5,140.41,79.46
ORD-2024-02762,2023-05-08,C0088,Elizabeth Brown,Corporate,India,Asia,Maharashtra,Mumbai,Furniture,Storage,Bookshelf,2660.98,10,0.0,281.34
ORD-2022-02763,2024-05-24,C0007,David Williams,Corporate,Canada,North America,Ontario,Toronto,Furniture,Chairs,Ergonomic Executive Chair,1579.13,19,157.91,314.86
ORD-2024-02764,2022-05-31,C0170,Mary Smith,Home Office,France,Europe,Ile-de-France,Paris,Technology,Laptops,HP Spectre x360,3667.77,6,366.78,599.39
ORD-2023-02765,2024-09-15,C0056,Mary Brown,Home Office,UK,Europe,England,London,Office Supplies,Art,Sketchbook,303.26,10,30.33,27.89
ORD-2023-02766,2022-09-08,C0133,Richard Miller,Home Office,Germany,Europe,Bavaria,Munich,Office Supplies,Art,Markers,316.24,9,0.0,35.66
ORD-2024-02767,2022-03-21,C0042,James Davis,Corporate,Australia,Oceania,Victoria,Melbourne,Office Supplies,Paper,Cardstock,187.72,14,9.39,34.18
ORD-2024-02768,2023-02-16,C0067,Susan Thomas,Corporate,India,Asia,Maharashtra,Mumbai,Office Supplies,Paper,Sticky Notes,332.61,12,16.63,118.33
ORD-2024-02769,2022-08-04,C0112,John Williams,Consumer,Australia,Oceania,Victoria,Melbourne,Technology,Laptops,Lenovo ThinkPad,2001.95,12,400.39,334.05
ORD-2022-02770,2024-02-27,C0079,David Gonzalez,Corporate,Canada,North America,Ontario,Toronto,Furniture,Chairs,Office Chair,386.03,1,0.0,83.78
ORD-2022-02771,2022-09-23,C0040,Linda Garcia,Consumer,USA,North America,New York,New York City,Technology,Phones,Pixel 6,12237.29,17,1223.73,4404.34
ORD-2024-02772,2024-01-09,C0058,David Garcia,Consumer,USA,North America,California,Los Angeles,Office Supplies,Art,Watercolor Set,134.77,3,13.48,34.6
ORD-2024-02773,2022-08-02,C0172,Richard Garcia,Home Office,USA,North America,California,Los Angeles,Furniture,Tables,Dining Table,2706.62,14,0.0,719.39
ORD-2022-02774,2023-08-02,C0195,William Hernandez,Home Office,China,Asia,Beijing,Beijing,Furniture,Storage,Bookshelf,2861.88,7,0.0,770.77
ORD-2024-02775,2024-01-12,C0116,Joseph Rodriguez,Home Office,Germany,Europe,Bavaria,Munich,Furniture,Chairs,Gaming Chair,2685.17,7,0.0,893.19
ORD-2023-02776,2023-02-26,C0105,Barbara Hernandez,Consumer,USA,North America,Texas,Houston,Technology,Accessories,Mechanical Keyboard,22080.33,18,1104.02,4632.02
ORD-2022-02777,2022-08-26,C0060,Joseph Miller,Consumer,India,Asia,Maharashtra,Mumbai,Technology,Phones,iPhone 13,10947.75,16,0.0,1557.59
ORD-2023-02778,2023-02-02,C0077,James Davis,Consumer,India,Asia,Maharashtra,Mumbai,Furniture,Chairs,Gaming Chair,1168.99,3,58.45,120.43
ORD-2023-02779,2024-09-18,C0190,Jessica Wilson,Consumer,India,Asia,Maharashtra,Mumbai,Technology,Laptops,MacBook Pro 14,14523.0,15,2904.6,3276.18
ORD-2022-02780,2022-08-30,C0080,David Rodriguez,Corporate,India,Asia,Maharashtra,Mumbai,Furniture,Storage,File Cabinet,832.11,6,0.0,276.75
ORD-2024-02781,2024-06-24,C0085,Elizabeth Smith,Corporate,Canada,North America,Ontario,Toronto,Office Supplies,Art,Watercolor Set,400.17,10,0.0,60.46
ORD-2022-02782,2023-04-08,C0130,Mary Johnson,Corporate,Australia,Oceania,New South Wales,Sydney,Office Supplies,Paper,Cardstock,447.53,9,0.0,57.33
ORD-2022-02783,2024-01-08,C0176,Joseph Hernandez,Corporate,Japan,Asia,Tokyo,Tokyo,Technology,Laptops,Lenovo ThinkPad,3254.29,3,650.86,463.65
ORD-2023-02784,2023-04-22,C0001,Robert Gonzalez,Home Office,UK,Europe,England,London,Technology,Laptops,Dell XPS 15,7907.22,20,790.72,1770.57
ORD-2024-02785,2024-01-04,C0059,Jessica Thomas,Home Office,USA,North America,New York,New York City,Office Supplies,Binders,Report Cover,428.12,16,42.81,76.58
ORD-2024-02786,2023-11-04,C0011,Patricia Hernandez,Home Office,Australia,Oceania,New South Wales,Sydney,Technology,Accessories,Wireless Mouse,8383.98,9,1676.8,1762.23
ORD-2023-02787,2022-06-20,C0118,Mary Hernandez,Consumer,USA,North America,New York,New York City,Office Supplies,Paper,Sticky Notes,413.1,10,82.62,56.99
ORD-2022-02788,2024-09-18,C0161,Michael Jones,Home Office,USA,North America,Texas,Houston,Office Supplies,Paper,A4 Printer Paper,463.75,11,0.0,85.36
ORD-2024-02789,2023-02-09,C0050,Mary Davis,Corporate,China,Asia,Beijing,Beijing,Technology,Accessories,Wireless Mouse,606.51,3,0.0,91.97
ORD-2024-02790,2024-02-21,C0169,William Gonzalez,Consumer,Japan,Asia,Tokyo,Tokyo,Office Supplies,Binders,Expansion Folder,20.46,1,2.05,4.45
ORD-2024-02791,2024-08-06,C0099,Susan Anderson,Consumer,India,Asia,Maharashtra,Mumbai,Technology,Accessories,Mechanical Keyboard,26658.98,18,0.0,9016.31
ORD-2024-02792,2024-06-14,C0143,Joseph Gonzalez,Corporate,India,Asia,Maharashtra,Mumbai,Furniture,Storage,Bookshelf,3542.02,8,708.4,987.51
ORD-2022-02793,2022-07-03,C0159,Susan Smith,Home Office,Australia,Oceania,New South Wales,Sydney,Furniture,Chairs,Gaming Chair,1289.95,3,0.0,499.92
ORD-2023-02794,2024-07-21,C0065,Barbara Williams,Home Office,USA,North America,New York,New York City,Furniture,Tables,Study Desk,2230.27,6,223.03,559.12
ORD-2023-02795,2022-12-29,C0004,Jessica Davis,Consumer,USA,North America,Texas,Houston,Technology,Laptops,Lenovo ThinkPad,5715.99,4,285.8,1967.6
ORD-2024-02796,2023-11-04,C0116,Joseph Rodriguez,Corporate,Australia,Oceania,New South Wales,Sydney,Furniture,Chairs,Ergonomic Executive Chair,443.56,1,0.0,113.99
ORD-2023-02797,2022-09-26,C0122,Patricia Garcia,Home Office,Canada,North America,Ontario,Toronto,Office Supplies,Paper,Sticky Notes,102.54,10,20.51,24.23
ORD-2024-02798,2022-11-24,C0029,William Miller,Home Office,USA,North America,New York,New York City,Office Supplies,Paper,Cardstock,23.2,1,4.64,6.82
ORD-2023-02799,2022-08-29,C0087,Mary Wilson,Corporate,USA,North America,Texas,Houston,Office Supplies,Binders,Expansion Folder,220.82,9,22.08,34.68
ORD-2022-02800,2022-03-14,C0119,John Jones,Corporate,China,Asia,Beijing,Beijing,Office Supplies,Binders,Report Cover,215.54,6,43.11,18.81
ORD-2023-02801,2022-05-01,C0194,Robert Wilson,Consumer,USA,North America,Texas,Houston,Furniture,Chairs,Gaming Chair,5001.33,9,250.07,1110.68
ORD-2022-02802,2024-01-07,C0119,John Jones,Consumer,Germany,Europe,Bavaria,Munich,Office Supplies,Art,Sketchbook,157.11,4,0.0,27.82
ORD-2024-02803,2023-11-09,C0123,Susan Garcia,Home Office,USA,North America,Texas,Houston,Office Supplies,Art,Markers,602.54,19,120.51,167.82
ORD-2023-02804,2022-08-02,C0180,Joseph Wilson,Corporate,France,Europe,Ile-de-France,Paris,Office Supplies,Art,Markers,595.7,13,119.14,79.87
ORD-2023-02805,2023-08-24,C0105,Barbara Hernandez,Home Office,France,Europe,Ile-de-France,Paris,Office Supplies,Art,Sketchbook,321.93,9,0.0,44.69
ORD-2022-02806,2022-04-18,C0136,Barbara Smith,Consumer,France,Europe,Ile-de-France,Paris,Furniture,Storage,Wardrobe,3755.09,17,375.51,1232.85
ORD-2022-02807,2024-04-25,C0082,Jessica Martinez,Corporate,UK,Europe,England,London,Furniture,Tables,Dining Table,4044.68,8,0.0,901.18
ORD-2023-02808,2023-09-14,C0083,James Jones,Home Office,India,Asia,Maharashtra,Mumbai,Technology,Phones,Pixel 6,19134.89,13,3826.98,4394.2
ORD-2023-02809,2022-05-13,C0102,James Martinez,Home Office,Germany,Europe,Bavaria,Munich,Technology,Laptops,Dell XPS 15,14061.22,11,703.06,3087.11
ORD-2023-02810,2023-01-03,C0142,Barbara Rodriguez,Corporate,France,Europe,Ile-de-France,Paris,Technology,Accessories,Mechanical Keyboard,16488.59,17,0.0,6455.24
ORD-2023-02811,2023-05-16,C0067,Susan Thomas,Corporate,Japan,Asia,Tokyo,Tokyo,Office Supplies,Art,Sketchbook,510.11,11,25.51,144.34
ORD-2023-02812,2022-05-12,C0052,David Miller,Home Office,USA,North America,Texas,Houston,Technology,Accessories,Webcam,12746.58,9,0.0,3092.84
ORD-2022-02813,2022-09-30,C0069,Mary Jones,Home Office,Australia,Oceania,New South Wales,Sydney,Furniture,Storage,Wardrobe,691.68,6,34.58,138.11
ORD-2022-02814,2023-06-14,C0050,Mary Davis,Consumer,Australia,Oceania,New South Wales,Sydney,Office Supplies,Paper,Cardstock,848.63,19,42.43,129.12
ORD-2024-02815,2022-08-08,C0117,Michael Thomas,Corporate,UK,Europe,England,London,Office Supplies,Paper,Cardstock,414.73,15,0.0,102.71
ORD-2022-02816,2023-12-21,C0089,Richard Williams,Home Office,Australia,Oceania,New South Wales,Sydney,Office Supplies,Art,Markers,110.75,17,11.08,17.64
ORD-2022-02817,2024-05-06,C0011,Patricia Hernandez,Home Office,Japan,Asia,Tokyo,Tokyo,Office Supplies,Art,Markers,267.04,9,0.0,75.02
ORD-2023-02818,2022-01-10,C0145,Elizabeth Brown,Corporate,Australia,Oceania,Victoria,Melbourne,Furniture,Storage,Bookshelf,8980.24,20,1796.05,1763.18
ORD-2023-02819,2023-04-02,C0177,Joseph Miller,Home Office,Canada,North America,Ontario,Toronto,Technology,Accessories,Mechanical Keyboard,8219.8,6,0.0,980.71
ORD-2023-02820,2024-04-21,C0109,Jennifer Hernandez,Home Office,France,Europe,Ile-de-France,Paris,Furniture,Tables,Study Desk,8800.73,19,880.07,2090.93
ORD-2024-02821,2022-02-02,C0200,Elizabeth Martinez,Consumer,Australia,Oceania,New South Wales,Sydney,Technology,Accessories,Wireless Mouse,6014.76,9,300.74,1962.94
ORD-2023-02822,2022-11-19,C0090,Patricia Davis,Corporate,Japan,Asia,Tokyo,Tokyo,Furniture,Tables,Study Desk,257.22,3,0.0,53.57
ORD-2022-02823,2023-03-06,C0150,Elizabeth Gonzalez,Home Office,Australia,Oceania,New South Wales,Sydney,Office Supplies,Art,Watercolor Set,561.21,20,0.0,184.09
ORD-2024-02824,2024-04-28,C0011,Patricia Hernandez,Home Office,Australia,Oceania,New South Wales,Sydney,Technology,Phones,Pixel 6,8265.02,6,1653.0,798.06
ORD-2023-02825,2024-04-26,C0042,James Davis,Corporate,Japan,Asia,Tokyo,Tokyo,Furniture,Tables,Conference Table,6835.58,14,341.78,1508.97
ORD-2023-02826,2022-11-11,C0013,Richard Davis,Consumer,Australia,Oceania,Victoria,Melbourne,Furniture,Tables,Coffee Table,8009.67,18,400.48,1593.28
ORD-2023-02827,2022-08-04,C0038,John Brown,Home Office,Japan,Asia,Tokyo,Tokyo,Technology,Accessories,USB-C Hub,7178.65,6,0.0,2425.11
ORD-2024-02828,2022-03-27,C0015,David Williams,Corporate,Australia,Oceania,New South Wales,Sydney,Office Supplies,Art,Markers,324.39,9,16.22,72.64
ORD-2022-02829,2022-11-03,C0125,Jennifer Davis,Consumer,Australia,Oceania,New South Wales,Sydney,Furniture,Storage,Bookshelf,7051.59,20,1410.32,1881.65
ORD-2022-02830,2022-09-29,C0127,Jessica Jones,Corporate,Japan,Asia,Tokyo,Tokyo,Technology,Phones,Samsung Galaxy S21,7596.56,15,759.66,2629.6
ORD-2022-02831,2023-01-04,C0156,David Martinez,Home Office,UK,Europe,England,London,Technology,Laptops,MacBook Pro 14,1106.09,11,0.0,212.37
ORD-2023-02832,2022-03-30,C0120,Jessica Martinez,Corporate,France,Europe,Ile-de-France,Paris,Furniture,Storage,Bookshelf,5546.98,12,554.7,887.64
ORD-2022-02833,2024-02-25,C0084,Barbara Wilson,Consumer,UK,Europe,England,London,Office Supplies,Paper,Cardstock,96.47,3,19.29,19.54
ORD-2023-02834,2023-01-03,C0030,Michael Rodriguez,Corporate,Japan,Asia,Tokyo,Tokyo,Technology,Phones,Nokia G20,15146.32,17,3029.26,2175.97
ORD-2023-02835,2022-07-08,C0181,William Thomas,Home Office,India,Asia,Maharashtra,Mumbai,Furniture,Storage,Bookshelf,9368.3,18,0.0,3605.11
ORD-2022-02836,2024-07-24,C0090,Patricia Davis,Corporate,USA,North America,Texas,Houston,Technology,Phones,Nokia G20,423.28,2,0.0,67.74
ORD-2024-02837,2024-01-05,C0065,Barbara Williams,Corporate,USA,North America,Texas,Houston,Office Supplies,Art,Sketchbook,137.44,6,27.49,26.91
ORD-2023-02838,2023-08-21,C0044,Richard Miller,Consumer,Japan,Asia,Tokyo,Tokyo,Furniture,Tables,Study Desk,2700.25,8,270.03,848.96
ORD-2024-02839,2024-04-14,C0195,William Hernandez,Consumer,Germany,Europe,Bavaria,Munich,Office Supplies,Art,Sketchbook,577.61,20,115.52,113.78
ORD-2022-02840,2022-06-23,C0110,Jennifer Martinez,Home Office,Australia,Oceania,New South Wales,Sydney,Technology,Phones,iPhone 13,3472.67,7,0.0,1002.08
ORD-2023-02841,2022-12-11,C0161,Michael Jones,Home Office,Australia,Oceania,Victoria,Melbourne,Office Supplies,Art,Watercolor Set,45.77,1,0.0,17.64
ORD-2024-02842,2023-01-02,C0143,Joseph Gonzalez,Consumer,Japan,Asia,Tokyo,Tokyo,Technology,Phones,Pixel 6,4252.07,8,0.0,860.7
ORD-2024-02843,2022-10-13,C0168,Patricia Hernandez,Consumer,China,Asia,Beijing,Beijing,Technology,Phones,iPhone 13,12751.42,16,0.0,4676.74
ORD-2023-02844,2024-06-26,C0134,William Wilson,Consumer,Australia,Oceania,Victoria,Melbourne,Furniture,Tables,Coffee Table,4617.28,15,0.0,1262.12
ORD-2023-02845,2022-07-05,C0013,Richard Davis,Home Office,USA,North America,California,Los Angeles,Technology,Accessories,Mechanical Keyboard,3234.97,16,646.99,494.23
ORD-2023-02846,2023-12-15,C0035,Jessica Johnson,Home Office,Australia,Oceania,Victoria,Melbourne,Technology,Laptops,Lenovo ThinkPad,1980.26,6,0.0,261.2
ORD-2024-02847,2022-01-29,C0162,James Rodriguez,Home Office,Japan,Asia,Tokyo,Tokyo,Office Supplies,Art,Sketchbook,96.48,14,4.82,22.53
ORD-2024-02848,2022-02-17,C0150,Elizabeth Gonzalez,Corporate,Canada,North America,Ontario,Toronto,Furniture,Chairs,Gaming Chair,3414.38,6,341.44,687.99
ORD-2022-02849,2022-10-12,C0116,Joseph Rodriguez,Home Office,UK,Europe,England,London,Technology,Laptops,HP Spectre x360,4815.88,4,0.0,497.58
ORD-2024-02850,2023-04-05,C0167,William Anderson,Corporate,USA,North America,Texas,Houston,Technology,Laptops,MacBook Pro 14,2475.58,11,123.78,588.34
ORD-2022-02851,2022-04-09,C0026,Barbara Jones,Corporate,France,Europe,Ile-de-France,Paris,Office Supplies,Art,Markers,66.67,2,6.67,18.01
ORD-2022-02852,2024-05-31,C0135,Linda Johnson,Consumer,UK,Europe,England,London,Technology,Laptops,Dell XPS 15,20343.12,18,2034.31,4542.25
ORD-2024-02853,2024-02-11,C0022,David Smith,Corporate,India,Asia,Maharashtra,Mumbai,Furniture,Tables,Dining Table,655.21,10,0.0,222.26
ORD-2022-02854,2023-04-29,C0074,Jessica Martinez,Consumer,USA,North America,Texas,Houston,Technology,Laptops,MacBook Pro 14,2625.57,10,525.11,757.14
ORD-2022-02855,2023-12-15,C0150,Elizabeth Gonzalez,Corporate,Australia,Oceania,New South Wales,Sydney,Technology,Laptops,Lenovo ThinkPad,2717.01,6,135.85,916.36
ORD-2022-02856,2022-12-31,C0172,Richard Garcia,Consumer,UK,Europe,England,London,Office Supplies,Art,Watercolor Set,220.31,15,11.02,26.38
ORD-2022-02857,2024-05-01,C0112,John Williams,Corporate,Australia,Oceania,New South Wales,Sydney,Furniture,Storage,Bookshelf,1729.38,4,0.0,688.49
ORD-2022-02858,2022-11-07,C0038,John Brown,Consumer,Japan,Asia,Tokyo,Tokyo,Furniture,Tables,Dining Table,9582.77,16,958.28,2397.41
ORD-2023-02859,2024-08-30,C0089,Richard Williams,Corporate,Australia,Oceania,New South Wales,Sydney,Office Supplies,Paper,Legal Pad,34.36,1,1.72,12.96
ORD-2023-02860,2023-08-29,C0136,Barbara Smith,Consumer,Australia,Oceania,New South Wales,Sydney,Furniture,Chairs,Office Chair,462.41,1,46.24,128.18
ORD-2022-02861,2022-08-15,C0097,Jessica Garcia,Home Office,Japan,Asia,Tokyo,Tokyo,Furniture,Chairs,Ergonomic Executive Chair,2783.17,16,0.0,1089.48
ORD-2024-02862,2022-02-21,C0175,David Lopez,Corporate,USA,North America,Texas,Houston,Office Supplies,Binders,3-Ring Binder,247.92,7,0.0,57.81
ORD-2023-02863,2023-04-30,C0128,Jennifer Wilson,Corporate,France,Europe,Ile-de-France,Paris,Furniture,Tables,Study Desk,1042.01,2,52.1,293.18
ORD-2023-02864,2023-09-13,C0114,Mary Lopez,Corporate,USA,North America,California,Los Angeles,Office Supplies,Binders,Expansion Folder,87.34,5,17.47,17.55
ORD-2024-02865,2022-06-09,C0108,John Miller,Consumer,Japan,Asia,Tokyo,Tokyo,Technology,Laptops,Lenovo ThinkPad,19444.45,14,972.22,5177.19
ORD-2023-02866,2024-04-21,C0129,Elizabeth Johnson,Home Office,Canada,North America,Ontario,Toronto,Technology,Laptops,HP Spectre x360,3701.64,8,370.16,1029.76
ORD-2023-02867,2023-12-28,C0105,Barbara Hernandez,Corporate,Australia,Oceania,Victoria,Melbourne,Office Supplies,Binders,Expansion Folder,792.16,17,158.43,247.55
ORD-2023-02868,2023-11-02,C0165,Robert Williams,Consumer,France,Europe,Ile-de-France,Paris,Technology,Laptops,MacBook Pro 14,3151.28,4,315.13,1121.28
ORD-2024-02869,2023-04-25,C0138,Mary Martinez,Corporate,China,Asia,Beijing,Beijing,Technology,Accessories,USB-C Hub,8268.98,18,0.0,2227.86
ORD-2022-02870,2023-08-12,C0121,Joseph Thomas,Home Office,India,Asia,Maharashtra,Mumbai,Office Supplies,Paper,Cardstock,291.95,9,0.0,83.07
ORD-2022-02871,2022-10-14,C0069,Mary Jones,Home Office,UK,Europe,England,London,Technology,Accessories,Mechanical Keyboard,1942.64,2,194.26,663.58
ORD-2022-02872,2022-04-15,C0147,John Hernandez,Corporate,China,Asia,Beijing,Beijing,Furniture,Storage,Bookshelf,176.5,2,8.83,18.03
ORD-2022-02873,2024-02-12,C0168,Patricia Hernandez,Corporate,Germany,Europe,Bavaria,Munich,Technology,Accessories,Mechanical Keyboard,17369.08,15,3473.82,3189.76
ORD-2022-02874,2024-01-11,C0045,Jessica Smith,Home Office,France,Europe,Ile-de-France,Paris,Technology,Laptops,Dell XPS 15,15955.45,13,1595.55,3573.89
ORD-2023-02875,2022-08-15,C0058,David Garcia,Corporate,Japan,Asia,Tokyo,Tokyo,Technology,Laptops,HP Spectre x360,6319.45,6,631.95,1267.47
ORD-2024-02876,2022-01-23,C0082,Jessica Martinez,Consumer,Australia,Oceania,Victoria,Melbourne,Technology,Accessories,USB-C Hub,13915.6,14,0.0,2702.14
ORD-2023-02877,2024-03-23,C0098,Susan Gonzalez,Corporate,USA,North America,Texas,Houston,Office Supplies,Paper,Sticky Notes,678.91,16,135.78,95.08
ORD-2022-02878,2022-04-17,C0035,Jessica Johnson,Consumer,UK,Europe,England,London,Office Supplies,Binders,3-Ring Binder,626.3,17,0.0,152.79
ORD-2022-02879,2022-09-20,C0088,Elizabeth Brown,Home Office,Germany,Europe,Bavaria,Munich,Office Supplies,Binders,Expansion Folder,78.21,4,0.0,10.15
ORD-2022-02880,2024-04-29,C0115,Mary Wilson,Home Office,China,Asia,Beijing,Beijing,Office Supplies,Art,Watercolor Set,263.15,16,52.63,24.81
ORD-2024-02881,2023-11-09,C0144,Michael Jones,Corporate,Australia,Oceania,New South Wales,Sydney,Office Supplies,Binders,Report Cover,134.69,12,6.73,25.73
ORD-2023-02882,2023-05-07,C0116,Joseph Rodriguez,Corporate,India,Asia,Maharashtra,Mumbai,Office Supplies,Art,Markers,81.38,9,16.28,16.5
ORD-2024-02883,2022-01-09,C0165,Robert Williams,Home Office,Germany,Europe,Bavaria,Munich,Furniture,Tables,Coffee Table,328.53,3,16.43,119.28
ORD-2022-02884,2022-03-09,C0025,Robert Brown,Corporate,China,Asia,Beijing,Beijing,Office Supplies,Binders,3-Ring Binder,257.34,6,25.73,71.43
ORD-2023-02885,2022-10-19,C0127,Jessica Jones,Corporate,Australia,Oceania,New South Wales,Sydney,Technology,Accessories,Mechanical Keyboard,17691.9,13,884.6,2238.72
ORD-2023-02886,2023-05-14,C0009,John Martinez,Consumer,Germany,Europe,Bavaria,Munich,Furniture,Tables,Conference Table,6593.56,14,0.0,1914.0
ORD-2022-02887,2023-10-27,C0169,William Gonzalez,Home Office,Japan,Asia,Tokyo,Tokyo,Technology,Phones,Nokia G20,1687.55,16,337.51,158.18
ORD-2022-02888,2022-05-08,C0100,James Jones,Corporate,Germany,Europe,Bavaria,Munich,Office Supplies,Paper,Legal Pad,334.41,13,0.0,65.23
ORD-2023-02889,2024-03-21,C0156,David Martinez,Consumer,India,Asia,Maharashtra,Mumbai,Office Supplies,Paper,Legal Pad,198.79,6,39.76,19.22
ORD-2023-02890,2024-04-23,C0061,Elizabeth Martinez,Consumer,France,Europe,Ile-de-France,Paris,Technology,Laptops,Dell XPS 15,3099.49,17,0.0,747.02
ORD-2022-02891,2022-01-10,C0041,Patricia Wilson,Consumer,Japan,Asia,Tokyo,Tokyo,Office Supplies,Art,Markers,681.57,18,68.16,209.81
ORD-2023-02892,2024-07-28,C0151,Robert Brown,Corporate,Australia,Oceania,New South Wales,Sydney,Office Supplies,Binders,Expansion Folder,33.06,1,6.61,9.93
ORD-2023-02893,2023-04-09,C0115,Mary Wilson,Consumer,Australia,Oceania,Victoria,Melbourne,Office Supplies,Paper,A4 Printer Paper,405.33,19,20.27,42.53
ORD-2022-02894,2022-11-02,C0142,Barbara Rodriguez,Home Office,USA,North America,New York,New York City,Technology,Phones,iPhone 13,11831.06,16,2366.21,1776.98
ORD-2023-02895,2022-05-13,C0051,Jennifer Johnson,Consumer,Canada,North America,Ontario,Toronto,Technology,Laptops,MacBook Pro 14,5791.86,4,579.19,2018.5
ORD-2024-02896,2023-03-09,C0139,Joseph Garcia,Consumer,Australia,Oceania,New South Wales,Sydney,Technology,Accessories,USB-C Hub,10987.64,9,1098.76,1020.55
ORD-2022-02897,2023-12-13,C0058,David Garcia,Consumer,Australia,Oceania,Victoria,Melbourne,Furniture,Tables,Study Desk,1104.66,2,110.47,393.71
ORD-2024-02898,2023-06-21,C0194,Robert Wilson,Consumer,Australia,Oceania,Victoria,Melbourne,Technology,Accessories,Webcam,8973.27,20,448.66,2565.06
ORD-2022-02899,2022-11-03,C0170,Mary Smith,Corporate,India,Asia,Maharashtra,Mumbai,Office Supplies,Binders,Expansion Folder,154.13,13,30.83,21.67
ORD-2023-02900,2023-06-13,C0100,James Jones,Home Office,Australia,Oceania,Victoria,Melbourne,Office Supplies,Binders,Report Cover,211.4,15,21.14,28.49
ORD-2022-02901,2023-07-19,C0014,Mary Martinez,Home Office,UK,Europe,England,London,Furniture,Storage,Wardrobe,2096.87,6,0.0,373.25
ORD-2024-02902,2024-04-08,C0095,Patricia Williams,Home Office,Canada,North America,Ontario,Toronto,Furniture,Storage,Wardrobe,794.2,3,39.71,167.52
ORD-2023-02903,2024-02-19,C0195,William Hernandez,Corporate,Japan,Asia,Tokyo,Tokyo,Office Supplies,Art,Sketchbook,27.3,1,5.46,8.26
ORD-2023-02904,2022-03-27,C0155,Barbara Anderson,Corporate,China,Asia,Beijing,Beijing,Furniture,Chairs,Ergonomic Executive Chair,2353.57,11,235.36,820.69
ORD-2022-02905,2022-08-17,C0062,Robert Johnson,Consumer,UK,Europe,England,London,Technology,Accessories,Wireless Mouse,10621.37,14,531.07,1864.76
ORD-2022-02906,2023-03-29,C0010,William Brown,Home Office,Australia,Oceania,New South Wales,Sydney,Furniture,Tables,Conference Table,4211.85,10,0.0,711.89
ORD-2022-02907,2023-01-24,C0101,Patricia Williams,Consumer,Japan,Asia,Tokyo,Tokyo,Technology,Phones,iPhone 13,13088.13,16,1308.81,3837.2
ORD-2023-02908,2024-03-01,C0196,John Smith,Corporate,Australia,Oceania,New South Wales,Sydney,Office Supplies,Paper,A4 Printer Paper,420.91,9,21.05,106.31
ORD-2024-02909,2022-06-14,C0100,James Jones,Consumer,USA,North America,Texas,Houston,Technology,Laptops,MacBook Pro 14,844.45,3,168.89,256.68
ORD-2022-02910,2024-01-03,C0086,Jennifer Gonzalez,Consumer,USA,North America,Texas,Houston,Office Supplies,Binders,Report Cover,128.38,15,0.0,46.72
ORD-2023-02911,2024-01-17,C0084,Barbara Wilson,Consumer,India,Asia,Maharashtra,Mumbai,Furniture,Chairs,Ergonomic Executive Chair,1090.53,2,218.11,168.59
ORD-2023-02912,2022-07-27,C0134,William Wilson,Corporate,Australia,Oceania,New South Wales,Sydney,Furniture,Tables,Dining Table,7569.47,17,378.47,880.25
ORD-2022-02913,2023-10-13,C0150,Elizabeth Gonzalez,Corporate,UK,Europe,England,London,Office Supplies,Paper,Sticky Notes,173.87,5,8.69,33.73
ORD-2022-02914,2023-07-18,C0057,Michael Gonzalez,Home Office,USA,North America,Texas,Houston,Technology,Phones,Pixel 6,3094.85,6,309.49,852.28
ORD-2024-02915,2022-06-17,C0030,Michael Rodriguez,Consumer,China,Asia,Beijing,Beijing,Furniture,Tables,Dining Table,2196.54,14,219.65,622.66
ORD-2022-02916,2024-02-19,C0116,Joseph Rodriguez,Consumer,USA,North America,Texas,Houston,Technology,Accessories,Wireless Mouse,12286.63,9,2457.33,2825.55
ORD-2024-02917,2024-05-10,C0028,William Thomas,Consumer,France,Europe,Ile-de-France,Paris,Office Supplies,Paper,Sticky Notes,778.8,16,0.0,113.0
ORD-2023-02918,2023-03-17,C0137,Susan Johnson,Home Office,UK,Europe,England,London,Furniture,Tables,Conference Table,1090.47,3,218.09,272.52
ORD-2024-02919,2024-08-06,C0010,William Brown,Consumer,USA,North America,New York,New York City,Furniture,Tables,Conference Table,1059.61,2,0.0,334.16
ORD-2023-02920,2024-03-26,C0133,Richard Miller,Corporate,Australia,Oceania,New South Wales,Sydney,Office Supplies,Art,Watercolor Set,230.64,9,23.06,41.99
ORD-2024-02921,2023-01-20,C0170,Mary Smith,Home Office,India,Asia,Maharashtra,Mumbai,Technology,Laptops,Lenovo ThinkPad,13114.63,13,0.0,3637.12
ORD-2023-02922,2024-02-07,C0083,James Jones,Corporate,Australia,Oceania,Victoria,Melbourne,Technology,Phones,Pixel 6,18823.61,19,941.18,5697.36
ORD-2024-02923,2022-04-22,C0044,Richard Miller,Corporate,USA,North America,Texas,Houston,Office Supplies,Binders,3-Ring Binder,382.64,9,38.26,104.9
ORD-2022-02924,2023-12-30,C0083,James Jones,Consumer,Germany,Europe,Bavaria,Munich,Office Supplies,Paper,Cardstock,50.18,2,0.0,5.96
ORD-2024-02925,2023-01-21,C0024,Patricia Gonzalez,Home Office,Japan,Asia,Tokyo,Tokyo,Office Supplies,Art,Watercolor Set,140.58,7,0.0,43.13
ORD-2024-02926,2022-05-28,C0016,James Lopez,Home Office,China,Asia,Beijing,Beijing,Office Supplies,Art,Watercolor Set,165.3,15,33.06,35.0
ORD-2024-02927,2024-03-03,C0030,Michael Rodriguez,Corporate,India,Asia,Maharashtra,Mumbai,Technology,Phones,Nokia G20,3435.99,6,343.6,752.35
ORD-2023-02928,2024-06-11,C0177,Joseph Miller,Home Office,Australia,Oceania,Victoria,Melbourne,Furniture,Chairs,Stool,2015.85,19,0.0,333.97
ORD-2022-02929,2023-10-26,C0175,David Lopez,Corporate,USA,North America,Texas,Houston,Office Supplies,Binders,Expansion Folder,322.91,16,64.58,88.48
ORD-2023-02930,2022-09-16,C0167,William Anderson,Consumer,UK,Europe,England,London,Office Supplies,Art,Watercolor Set,305.35,19,61.07,51.52
ORD-2022-02931,2023-12-14,C0137,Susan Johnson,Consumer,Canada,North America,Ontario,Toronto,Technology,Laptops,Dell XPS 15,1910.99,16,0.0,753.99
ORD-2023-02932,2022-09-09,C0086,Jennifer Gonzalez,Corporate,Canada,North America,Ontario,Toronto,Furniture,Chairs,Stool,2356.77,11,235.68,799.91
ORD-2024-02933,2023-01-13,C0087,Mary Wilson,Consumer,Canada,North America,Ontario,Toronto,Technology,Accessories,Wireless Mouse,2381.25,13,238.12,258.98
ORD-2024-02934,2023-03-21,C0023,Jennifer Gonzalez,Corporate,USA,North America,California,Los Angeles,Furniture,Storage,Wardrobe,7215.91,20,1443.18,1288.74
ORD-2022-02935,2024-05-31,C0026,Barbara Jones,Corporate,Australia,Oceania,New South Wales,Sydney,Furniture,Tables,Conference Table,4202.4,8,840.48,412.95
ORD-2024-02936,2023-09-04,C0145,Elizabeth Brown,Home Office,Canada,North America,Ontario,Toronto,Furniture,Storage,File Cabinet,4634.16,9,231.71,852.67
ORD-2023-02937,2024-09-12,C0123,Susan Garcia,Consumer,Australia,Oceania,New South Wales,Sydney,Office Supplies,Paper,A4 Printer Paper,724.18,17,0.0,84.9
ORD-2022-02938,2024-07-25,C0096,Richard Garcia,Consumer,UK,Europe,England,London,Technology,Phones,iPhone 13,17080.5,12,854.03,6275.82
ORD-2023-02939,2022-11-26,C0104,Mary Jones,Home Office,USA,North America,New York,New York City,Technology,Accessories,USB-C Hub,2652.99,4,530.6,649.01
ORD-2023-02940,2024-01-29,C0082,Jessica Martinez,Home Office,USA,North America,Texas,Houston,Furniture,Tables,Coffee Table,6244.3,11,312.22,1844.25
ORD-2024-02941,2024-08-13,C0030,Michael Rodriguez,Corporate,China,Asia,Beijing,Beijing,Furniture,Chairs,Ergonomic Executive Chair,295.66,4,0.0,105.32
ORD-2023-02942,2022-09-29,C0138,Mary Martinez,Consumer,Australia,Oceania,Victoria,Melbourne,Furniture,Storage,Wardrobe,1154.95,13,0.0,421.07
ORD-2024-02943,2023-02-01,C0064,Linda Jones,Corporate,France,Europe,Ile-de-France,Paris,Office Supplies,Paper,Sticky Notes,361.29,14,18.06,127.43
ORD-2023-02944,2022-08-20,C0030,Michael Rodriguez,Corporate,Australia,Oceania,New South Wales,Sydney,Furniture,Storage,Bookshelf,3884.52,12,194.23,752.07
ORD-2024-02945,2023-06-14,C0078,Mary Wilson,Consumer,Australia,Oceania,Victoria,Melbourne,Technology,Phones,Samsung Galaxy S21,12118.15,11,1211.82,4296.71
ORD-2022-02946,2022-01-06,C0161,Michael Jones,Consumer,Australia,Oceania,Victoria,Melbourne,Office Supplies,Paper,A4 Printer Paper,310.07,13,31.01,54.02
ORD-2022-02947,2023-12-06,C0044,Richard Miller,Corporate,Japan,Asia,Tokyo,Tokyo,Office Supplies,Binders,Expansion Folder,656.43,15,0.0,183.27
ORD-2024-02948,2022-02-21,C0135,Linda Johnson,Consumer,USA,North America,New York,New York City,Office Supplies,Binders,Expansion Folder,106.4,9,0.0,27.56
ORD-2024-02949,2023-11-21,C0172,Richard Garcia,Consumer,USA,North America,California,Los Angeles,Office Supplies,Art,Watercolor Set,60.43,7,6.04,18.42
ORD-2022-02950,2024-02-02,C0089,Richard Williams,Corporate,UK,Europe,England,London,Furniture,Storage,File Cabinet,553.68,1,110.74,60.15
ORD-2022-02951,2023-12-10,C0012,Patricia Johnson,Consumer,Australia,Oceania,New South Wales,Sydney,Office Supplies,Binders,Report Cover,490.8,11,0.0,84.06
ORD-2022-02952,2022-09-26,C0023,Jennifer Gonzalez,Consumer,Australia,Oceania,New South Wales,Sydney,Furniture,Tables,Dining Table,1723.51,5,172.35,259.66
ORD-2024-02953,2022-11-22,C0057,Michael Gonzalez,Home Office,Australia,Oceania,Victoria,Melbourne,Technology,Laptops,MacBook Pro 14,10953.02,16,2190.6,2036.27
ORD-2024-02954,2023-10-29,C0197,Richard Wilson,Consumer,Australia,Oceania,Victoria,Melbourne,Office Supplies,Paper,Sticky Notes,49.35,7,0.0,17.72
ORD-2022-02955,2024-01-30,C0136,Barbara Smith,Corporate,France,Europe,Ile-de-France,Paris,Technology,Phones,Samsung Galaxy S21,12360.21,18,1236.02,2099.71
ORD-2022-02956,2023-09-09,C0187,Joseph Rodriguez,Home Office,Canada,North America,Ontario,Toronto,Furniture,Chairs,Office Chair,1705.98,5,0.0,633.05
ORD-2022-02957,2022-04-08,C0182,Mary Wilson,Home Office,Australia,Oceania,Victoria,Melbourne,Furniture,Storage,File Cabinet,3413.25,11,0.0,675.44
ORD-2023-02958,2023-08-14,C0065,Barbara Williams,Home Office,USA,North America,Texas,Houston,Furniture,Tables,Coffee Table,1009.45,18,0.0,348.15
ORD-2024-02959,2024-07-02,C0085,Elizabeth Smith,Consumer,USA,North America,California,Los Angeles,Office Supplies,Binders,Report Cover,764.41,18,0.0,113.81
ORD-2023-02960,2023-12-17,C0095,Patricia Williams,Corporate,Australia,Oceania,New South Wales,Sydney,Office Supplies,Binders,Report Cover,72.87,2,0.0,20.16
ORD-2024-02961,2024-03-27,C0027,Barbara Miller,Corporate,USA,North America,California,Los Angeles,Office Supplies,Paper,Sticky Notes,285.66,13,14.28,40.49
ORD-2022-02962,2024-02-13,C0111,Mary Miller,Home Office,France,Europe,Ile-de-France,Paris,Office Supplies,Paper,A4 Printer Paper,79.82,4,0.0,24.61
ORD-2022-02963,2023-09-20,C0089,Richard Williams,Home Office,India,Asia,Maharashtra,Mumbai,Technology,Accessories,Webcam,2558.09,13,255.81,347.76
ORD-2024-02964,2022-02-03,C0099,Susan Anderson,Consumer,UK,Europe,England,London,Office Supplies,Binders,Expansion Folder,196.41,12,0.0,21.19
ORD-2022-02965,2024-09-22,C0057,Michael Gonzalez,Home Office,USA,North America,California,Los Angeles,Furniture,Storage,Wardrobe,1752.36,19,0.0,295.64
ORD-2024-02966,2024-06-11,C0004,Jessica Davis,Home Office,UK,Europe,England,London,Technology,Accessories,USB-C Hub,5122.54,14,0.0,1298.15
ORD-2022-02967,2022-06-05,C0109,Jennifer Hernandez,Consumer,USA,North America,New York,New York City,Furniture,Chairs,Ergonomic Executive Chair,2432.79,12,121.64,411.55
ORD-2023-02968,2023-11-25,C0143,Joseph Gonzalez,Consumer,India,Asia,Maharashtra,Mumbai,Technology,Phones,Pixel 6,8096.02,7,1619.2,948.01
ORD-2023-02969,2023-06-01,C0043,Elizabeth Williams,Consumer,Australia,Oceania,Victoria,Melbourne,Office Supplies,Binders,Report Cover,114.49,3,22.9,26.76
ORD-2024-02970,2023-10-14,C0024,Patricia Gonzalez,Consumer,UK,Europe,England,London,Technology,Accessories,USB-C Hub,1181.76,2,0.0,237.28
ORD-2023-02971,2023-09-11,C0136,Barbara Smith,Corporate,China,Asia,Beijing,Beijing,Technology,Laptops,HP Spectre x360,11164.4,14,0.0,1390.89
ORD-2023-02972,2023-03-19,C0188,Patricia Wilson,Corporate,Canada,North America,Ontario,Toronto,Technology,Accessories,Webcam,16990.95,19,1699.1,2094.77
ORD-2024-02973,2022-04-20,C0007,David Williams,Home Office,Japan,Asia,Tokyo,Tokyo,Office Supplies,Art,Sketchbook,48.53,4,0.0,16.44
ORD-2022-02974,2022-09-22,C0096,Richard Garcia,Corporate,Australia,Oceania,New South Wales,Sydney,Furniture,Storage,File Cabinet,2494.45,7,0.0,379.01
ORD-2022-02975,2022-10-30,C0067,Susan Thomas,Consumer,UK,Europe,England,London,Technology,Laptops,HP Spectre x360,7930.35,9,0.0,956.75
ORD-2024-02976,2023-04-06,C0038,John Brown,Home Office,USA,North America,Texas,Houston,Furniture,Chairs,Stool,3207.78,19,0.0,735.5
ORD-2024-02977,2022-03-25,C0182,Mary Wilson,Consumer,Australia,Oceania,Victoria,Melbourne,Office Supplies,Art,Watercolor Set,430.27,15,43.03,63.0
ORD-2022-02978,2023-09-16,C0138,Mary Martinez,Home Office,Germany,Europe,Bavaria,Munich,Technology,Laptops,HP Spectre x360,6877.81,5,0.0,1155.4
ORD-2024-02979,2024-08-02,C0134,William Wilson,Corporate,Australia,Oceania,Victoria,Melbourne,Technology,Phones,Samsung Galaxy S21,14565.39,12,1456.54,4774.12
ORD-2023-02980,2023-02-11,C0141,Joseph Lopez,Home Office,Australia,Oceania,New South Wales,Sydney,Office Supplies,Art,Sketchbook,549.75,15,27.49,107.49
ORD-2024-02981,2022-07-02,C0139,Joseph Garcia,Consumer,Australia,Oceania,Victoria,Melbourne,Furniture,Chairs,Gaming Chair,8220.18,16,1644.04,696.11
ORD-2024-02982,2022-10-14,C0156,David Martinez,Home Office,China,Asia,Beijing,Beijing,Furniture,Storage,File Cabinet,5602.6,12,1120.52,1626.06
ORD-2023-02983,2022-10-06,C0200,Elizabeth Martinez,Consumer,China,Asia,Beijing,Beijing,Office Supplies,Paper,Cardstock,223.28,8,0.0,27.75
ORD-2022-02984,2022-12-26,C0126,Linda Johnson,Home Office,USA,North America,New York,New York City,Office Supplies,Paper,Cardstock,474.48,12,47.45,53.24
ORD-2022-02985,2023-09-03,C0152,Jessica Anderson,Corporate,India,Asia,Maharashtra,Mumbai,Technology,Phones,Nokia G20,16112.87,20,3222.57,2884.91
ORD-2024-02986,2024-04-27,C0155,Barbara Anderson,Consumer,Japan,Asia,Tokyo,Tokyo,Technology,Phones,Nokia G20,10585.95,17,0.0,1750.01
ORD-2024-02987,2022-12-08,C0056,Mary Brown,Consumer,Australia,Oceania,New South Wales,Sydney,Technology,Laptops,MacBook Pro 14,2198.9,3,0.0,646.51
ORD-2023-02988,2022-05-14,C0001,Robert Gonzalez,Corporate,USA,North America,California,Los Angeles,Office Supplies,Art,Watercolor Set,58.78,3,2.94,9.06
ORD-2023-02989,2024-01-20,C0171,Joseph Brown,Home Office,Australia,Oceania,Victoria,Melbourne,Technology,Laptops,Dell XPS 15,20364.06,17,0.0,7209.4
ORD-2022-02990,2023-12-08,C0174,Mary Brown,Consumer,Australia,Oceania,Victoria,Melbourne,Furniture,Tables,Coffee Table,10628.17,19,0.0,4221.65
ORD-2024-02991,2024-02-08,C0085,Elizabeth Smith,Consumer,UK,Europe,England,London,Technology,Laptops,HP Spectre x360,4065.45,15,0.0,1028.53
ORD-2023-02992,2022-11-27,C0194,Robert Wilson,Consumer,India,Asia,Maharashtra,Mumbai,Furniture,Storage,Bookshelf,2394.29,8,119.71,274.58
ORD-2022-02993,2024-07-07,C0061,Elizabeth Martinez,Home Office,Canada,North America,Ontario,Toronto,Office Supplies,Paper,Cardstock,282.88,14,14.14,83.32
ORD-2023-02994,2022-03-18,C0161,Michael Jones,Consumer,Australia,Oceania,New South Wales,Sydney,Office Supplies,Art,Watercolor Set,106.15,12,5.31,39.82
ORD-2024-02995,2023-01-17,C0148,Linda Jones,Home Office,Australia,Oceania,New South Wales,Sydney,Furniture,Tables,Dining Table,1718.37,9,171.84,573.05
ORD-2023-02996,2022-05-17,C0085,Elizabeth Smith,Corporate,USA,North America,New York,New York City,Technology,Accessories,USB-C Hub,18966.93,17,3793.39,3127.18
ORD-2023-02997,2022-03-06,C0039,Barbara Brown,Home Office,Australia,Oceania,New South Wales,Sydney,Office Supplies,Paper,A4 Printer Paper,274.59,13,54.92,87.1
ORD-2023-02998,2023-06-12,C0194,Robert Wilson,Consumer,India,Asia,Maharashtra,Mumbai,Furniture,Chairs,Ergonomic Executive Chair,2220.69,6,444.14,301.58
ORD-2022-02999,2023-09-06,C0161,Michael Jones,Corporate,Australia,Oceania,Victoria,Melbourne,Technology,Phones,Pixel 6,1691.56,2,0.0,542.71
ORD-2024-03000,2022-09-04,C0065,Barbara Williams,Corporate,China,Asia,Beijing,Beijing,Technology,Phones,Samsung Galaxy S21,1370.21,1,274.04,170.31
ORD-2022-03001,2023-12-17,C0200,Elizabeth Martinez,Home Office,Australia,Oceania,New South Wales,Sydney,Furniture,Tables,Coffee Table,4922.12,19,984.42,819.96
ORD-2023-03002,2023-06-07,C0116,Joseph Rodriguez,Consumer,Germany,Europe,Bavaria,Munich,Furniture,Storage,File Cabinet,2130.31,9,213.03,202.12
ORD-2023-03003,2023-09-11,C0133,Richard Miller,Corporate,Japan,Asia,Tokyo,Tokyo,Technology,Phones,Nokia G20,1285.57,6,0.0,447.52
ORD-2024-03004,2024-06-03,C0200,Elizabeth Martinez,Corporate,USA,North America,California,Los Angeles,Office Supplies,Paper,A4 Printer Paper,276.6,10,55.32,45.51
ORD-2023-03005,2022-10-05,C0149,Richard Garcia,Consumer,Australia,Oceania,Victoria,Melbourne,Technology,Laptops,MacBook Pro 14,11156.91,18,1115.69,2857.08
ORD-2024-03006,2023-01-20,C0090,Patricia Davis,Home Office,USA,North America,California,Los Angeles,Furniture,Chairs,Ergonomic Executive Chair,2904.48,12,0.0,659.5
ORD-2023-03007,2024-04-03,C0125,Jennifer Davis,Home Office,Australia,Oceania,Victoria,Melbourne,Furniture,Chairs,Ergonomic Executive Chair,1425.11,16,0.0,408.93
ORD-2023-03008,2024-04-21,C0144,Michael Jones,Corporate,India,Asia,Maharashtra,Mumbai,Office Supplies,Paper,A4 Printer Paper,86.85,3,8.69,19.68
ORD-2022-03009,2024-04-07,C0076,Jennifer Miller,Consumer,USA,North America,New York,New York City,Technology,Accessories,Mechanical Keyboard,15354.63,16,1535.46,2109.71
ORD-2024-03010,2024-05-09,C0097,Jessica Garcia,Consumer,Australia,Oceania,New South Wales,Sydney,Office Supplies,Binders,Report Cover,831.05,19,0.0,140.89
ORD-2022-03011,2024-06-23,C0141,Joseph Lopez,Consumer,USA,North America,New York,New York City,Office Supplies,Paper,A4 Printer Paper,779.12,16,38.96,290.33
ORD-2023-03012,2022-06-29,C0156,David Martinez,Home Office,Australia,Oceania,Victoria,Melbourne,Furniture,Chairs,Gaming Chair,6226.96,14,0.0,1611.02
ORD-2022-03013,2022-01-14,C0119,John Jones,Corporate,China,Asia,Beijing,Beijing,Office Supplies,Art,Markers,286.85,10,0.0,88.99
ORD-2023-03014,2022-08-27,C0064,Linda Jones,Consumer,Australia,Oceania,Victoria,Melbourne,Office Supplies,Art,Sketchbook,46.21,1,2.31,17.4
ORD-2024-03015,2023-01-03,C0166,William Thomas,Home Office,Canada,North America,Ontario,Toronto,Office Supplies,Art,Markers,51.01,2,0.0,9.76
ORD-2024-03016,2024-05-19,C0101,Patricia Williams,Consumer,USA,North America,Texas,Houston,Office Supplies,Paper,A4 Printer Paper,760.21,17,152.04,165.58
ORD-2024-03017,2024-07-27,C0120,Jessica Martinez,Corporate,USA,North America,California,Los Angeles,Technology,Laptops,Dell XPS 15,14882.72,12,744.14,4771.42
ORD-2024-03018,2024-03-07,C0137,Susan Johnson,Consumer,Australia,Oceania,New South Wales,Sydney,Office Supplies,Binders,3-Ring Binder,147.4,14,0.0,36.0
ORD-2023-03019,2022-01-11,C0146,Mary Gonzalez,Home Office,USA,North America,New York,New York City,Furniture,Storage,File Cabinet,1751.89,6,0.0,579.76
ORD-2023-03020,2023-08-29,C0122,Patricia Garcia,Corporate,UK,Europe,England,London,Office Supplies,Binders,Report Cover,59.44,5,2.97,22.53
ORD-2022-03021,2023-03-23,C0196,John Smith,Consumer,Australia,Oceania,Victoria,Melbourne,Office Supplies,Paper,Legal Pad,418.34,12,83.67,113.71
ORD-2023-03022,2022-02-27,C0031,Robert Garcia,Home Office,UK,Europe,England,London,Technology,Laptops,Lenovo ThinkPad,4955.58,8,0.0,1767.48
ORD-2024-03023,2023-08-20,C0173,John Thomas,Corporate,UK,Europe,England,London,Office Supplies,Art,Watercolor Set,104.77,16,5.24,27.92
ORD-2024-03024,2023-09-08,C0198,Joseph Martinez,Home Office,Australia,Oceania,New South Wales,Sydney,Office Supplies,Paper,Cardstock,526.5,14,26.33,84.23
ORD-2022-03025,2022-07-12,C0090,Patricia Davis,Home Office,China,Asia,Beijing,Beijing,Office Supplies,Art,Watercolor Set,325.48,10,0.0,106.52
ORD-2024-03026,2024-03-06,C0012,Patricia Johnson,Home Office,Germany,Europe,Bavaria,Munich,Furniture,Storage,File Cabinet,207.42,2,20.74,23.17
ORD-2024-03027,2022-03-28,C0020,Michael Williams,Home Office,Germany,Europe,Bavaria,Munich,Technology,Phones,iPhone 13,4195.07,8,839.01,840.32
ORD-2023-03028,2023-11-03,C0020,Michael Williams,Corporate,Canada,North America,Ontario,Toronto,Furniture,Tables,Dining Table,2498.31,12,124.92,724.2
ORD-2022-03029,2022-09-14,C0094,Linda Garcia,Home Office,Germany,Europe,Bavaria,Munich,Office Supplies,Art,Markers,527.37,15,26.37,136.03
ORD-2023-03030,2024-08-08,C0156,David Martinez,Home Office,USA,North America,California,Los Angeles,Technology,Accessories,Mechanical Keyboard,966.0,1,0.0,225.03
ORD-2022-03031,2023-04-06,C0112,John Williams,Consumer,Germany,Europe,Bavaria,Munich,Furniture,Storage,Wardrobe,7282.31,16,728.23,1248.76
ORD-2023-03032,2023-08-16,C0026,Barbara Jones,Corporate,USA,North America,New York,New York City,Technology,Accessories,USB-C Hub,1280.19,1,64.01,230.27
ORD-2024-03033,2024-02-12,C0094,Linda Garcia,Home Office,Japan,Asia,Tokyo,Tokyo,Office Supplies,Binders,3-Ring Binder,126.4,14,12.64,33.33
ORD-2022-03034,2022-08-23,C0156,David Martinez,Consumer,Germany,Europe,Bavaria,Munich,Furniture,Tables,Conference Table,4593.51,13,459.35,753.69
ORD-2023-03035,2023-03-11,C0184,Susan Martinez,Home Office,Australia,Oceania,New South Wales,Sydney,Office Supplies,Paper,A4 Printer Paper,287.1,8,57.42,58.13
ORD-2024-03036,2023-05-02,C0189,Robert Thomas,Consumer,Canada,North America,Ontario,Toronto,Office Supplies,Paper,Sticky Notes,441.94,19,22.1,85.35
ORD-2022-03037,2024-08-31,C0117,Michael Thomas,Home Office,Japan,Asia,Tokyo,Tokyo,Furniture,Storage,Wardrobe,2940.87,7,294.09,1042.21
ORD-2024-03038,2023-02-13,C0157,Linda Smith,Home Office,UK,Europe,England,London,Technology,Laptops,HP Spectre x360,3706.76,3,0.0,552.09
ORD-2022-03039,2022-10-30,C0194,Robert Wilson,Corporate,Australia,Oceania,New South Wales,Sydney,Technology,Phones,Samsung Galaxy S21,7116.34,5,355.82,1075.42
ORD-2023-03040,2024-03-31,C0137,Susan Johnson,Corporate,Australia,Oceania,New South Wales,Sydney,Furniture,Tables,Conference Table,495.14,9,99.03,50.54
ORD-2024-03041,2022-11-10,C0179,Jennifer Thomas,Consumer,Canada,North America,Ontario,Toronto,Technology,Laptops,HP Spectre x360,1471.57,11,0.0,191.45
ORD-2024-03042,2023-04-15,C0138,Mary Martinez,Consumer,USA,North America,California,Los Angeles,Office Supplies,Paper,Legal Pad,776.93,16,0.0,90.33
ORD-2023-03043,2024-04-17,C0019,Michael Lopez,Corporate,Germany,Europe,Bavaria,Munich,Furniture,Storage,File Cabinet,5332.76,12,266.64,1334.69
ORD-2022-03044,2023-10-03,C0195,William Hernandez,Corporate,France,Europe,Ile-de-France,Paris,Furniture,Tables,Dining Table,2744.25,7,137.21,646.99
ORD-2023-03045,2024-01-15,C0129,Elizabeth Johnson,Consumer,UK,Europe,England,London,Technology,Accessories,Webcam,10893.92,14,2178.78,2961.36
ORD-2024-03046,2024-04-04,C0011,Patricia Hernandez,Consumer,Japan,Asia,Tokyo,Tokyo,Technology,Laptops,HP Spectre x360,5731.06,19,0.0,626.51
ORD-2022-03047,2022-01-24,C0116,Joseph Rodriguez,Corporate,France,Europe,Ile-de-France,Paris,Office Supplies,Binders,Expansion Folder,165.77,9,33.15,33.58
ORD-2022-03048,2024-08-26,C0179,Jennifer Thomas,Corporate,Australia,Oceania,Victoria,Melbourne,Furniture,Tables,Dining Table,4899.91,10,489.99,477.06
ORD-2024-03049,2024-02-17,C0043,Elizabeth Williams,Consumer,China,Asia,Beijing,Beijing,Technology,Accessories,Wireless Mouse,4046.98,13,0.0,1348.65
ORD-2023-03050,2022-02-27,C0147,John Hernandez,Home Office,India,Asia,Maharashtra,Mumbai,Technology,Phones,Pixel 6,9797.17,15,0.0,2904.89
ORD-2023-03051,2023-01-01,C0177,Joseph Miller,Corporate,USA,North America,Texas,Houston,Office Supplies,Binders,Report Cover,40.78,1,0.0,8.87
ORD-2022-03052,2024-05-26,C0194,Robert Wilson,Home Office,Australia,Oceania,New South Wales,Sydney,Office Supplies,Paper,A4 Printer Paper,873.64,20,0.0,196.86
ORD-2024-03053,2023-06-25,C0064,Linda Jones,Corporate,USA,North America,California,Los Angeles,Furniture,Storage,Wardrobe,3028.69,18,0.0,924.94
ORD-2023-03054,2024-05-24,C0143,Joseph Gonzalez,Corporate,Japan,Asia,Tokyo,Tokyo,Technology,Accessories,Wireless Mouse,4502.59,10,450.26,968.85
ORD-2022-03055,2023-03-26,C0182,Mary Wilson,Consumer,Germany,Europe,Bavaria,Munich,Office Supplies,Art,Markers,615.5,16,123.1,97.28
ORD-2024-03056,2024-05-09,C0172,Richard Garcia,Home Office,USA,North America,New York,New York City,Office Supplies,Paper,A4 Printer Paper,88.04,16,4.4,14.01
ORD-2022-03057,2023-10-11,C0106,John Rodriguez,Home Office,USA,North America,California,Los Angeles,Office Supplies,Art,Sketchbook,518.75,18,51.88,65.73
ORD-2023-03058,2023-01-08,C0051,Jennifer Johnson,Home Office,India,Asia,Maharashtra,Mumbai,Technology,Accessories,Webcam,2154.33,7,0.0,550.14
ORD-2023-03059,2024-07-03,C0162,James Rodriguez,Home Office,Australia,Oceania,New South Wales,Sydney,Office Supplies,Binders,Report Cover,6.67,1,0.33,2.41
ORD-2022-03060,2022-11-19,C0054,Patricia Johnson,Consumer,Japan,Asia,Tokyo,Tokyo,Furniture,Chairs,Ergonomic Executive Chair,796.47,13,0.0,250.84
ORD-2024-03061,2022-10-22,C0031,Robert Garcia,Consumer,Germany,Europe,Bavaria,Munich,Office Supplies,Art,Sketchbook,264.27,9,0.0,94.88
ORD-2024-03062,2023-09-19,C0046,Barbara Davis,Home Office,France,Europe,Ile-de-France,Paris,Office Supplies,Binders,3-Ring Binder,172.36,11,0.0,36.43
ORD-2023-03063,2022-10-03,C0018,Barbara Rodriguez,Consumer,Australia,Oceania,Victoria,Melbourne,Technology,Accessories,Wireless Mouse,13171.35,12,0.0,4294.14
ORD-2022-03064,2022-12-03,C0191,Jessica Brown,Home Office,Canada,North America,Ontario,Toronto,Furniture,Tables,Conference Table,3309.75,15,165.49,661.37
ORD-2024-03065,2023-07-23,C0163,Joseph Hernandez,Consumer,Australia,Oceania,Victoria,Melbourne,Office Supplies,Art,Watercolor Set,444.89,15,88.98,114.17
ORD-2023-03066,2022-07-11,C0100,James Jones,Consumer,France,Europe,Ile-de-France,Paris,Technology,Accessories,Mechanical Keyboard,11477.62,12,2295.52,1754.05
ORD-2022-03067,2024-02-02,C0118,Mary Hernandez,Consumer,Australia,Oceania,Victoria,Melbourne,Furniture,Chairs,Office Chair,873.46,10,174.69,188.38
ORD-2024-03068,2024-06-20,C0011,Patricia Hernandez,Consumer,India,Asia,Maharashtra,Mumbai,Technology,Accessories,Mechanical Keyboard,6292.3,14,314.62,2290.54
ORD-2022-03069,2022-09-19,C0036,Joseph Johnson,Corporate,India,Asia,Maharashtra,Mumbai,Office Supplies,Binders,Report Cover,400.07,11,20.0,62.14
ORD-2024-03070,2023-05-09,C0056,Mary Brown,Corporate,UK,Europe,England,London,Furniture,Storage,Bookshelf,3602.8,9,720.56,1135.5
ORD-2024-03071,2024-08-23,C0175,David Lopez,Corporate,Japan,Asia,Tokyo,Tokyo,Office Supplies,Art,Markers,549.76,18,109.95,169.77
ORD-2024-03072,2023-05-01,C0149,Richard Garcia,Corporate,Australia,Oceania,Victoria,Melbourne,Office Supplies,Binders,Expansion Folder,715.49,17,35.77,81.97
ORD-2022-03073,2023-09-13,C0014,Mary Martinez,Home Office,USA,North America,Texas,Houston,Furniture,Chairs,Stool,634.37,6,0.0,245.98
ORD-2024-03074,2022-01-15,C0044,Richard Miller,Corporate,India,Asia,Maharashtra,Mumbai,Office Supplies,Art,Sketchbook,176.85,7,0.0,46.85
ORD-2023-03075,2023-02-14,C0058,David Garcia,Consumer,Australia,Oceania,New South Wales,Sydney,Office Supplies,Binders,3-Ring Binder,32.18,1,1.61,4.86
ORD-2023-03076,2024-02-06,C0138,Mary Martinez,Consumer,Germany,Europe,Bavaria,Munich,Technology,Phones,Pixel 6,19781.18,17,0.0,3277.82
ORD-2022-03077,2023-11-26,C0108,John Miller,Corporate,USA,North America,California,Los Angeles,Technology,Laptops,MacBook Pro 14,17234.36,14,1723.44,2624.4
ORD-2023-03078,2024-02-09,C0171,Joseph Brown,Corporate,Japan,Asia,Tokyo,Tokyo,Technology,Accessories,USB-C Hub,1378.71,1,275.74,250.94
ORD-2024-03079,2024-01-24,C0025,Robert Brown,Consumer,Australia,Oceania,New South Wales,Sydney,Office Supplies,Art,Sketchbook,383.5,14,0.0,49.27
ORD-2023-03080,2023-07-19,C0160,David Williams,Corporate,China,Asia,Beijing,Beijing,Technology,Laptops,Lenovo ThinkPad,9909.2,7,1981.84,1108.27
ORD-2022-03081,2022-04-22,C0009,John Martinez,Home Office,China,Asia,Beijing,Beijing,Office Supplies,Art,Sketchbook,137.11,15,0.0,14.41
ORD-2022-03082,2024-07-12,C0156,David Martinez,Home Office,Australia,Oceania,Victoria,Melbourne,Furniture,Storage,Wardrobe,2632.46,12,0.0,739.32
ORD-2023-03083,2024-01-21,C0193,Linda Williams,Corporate,Canada,North America,Ontario,Toronto,Furniture,Chairs,Gaming Chair,5935.2,17,0.0,1272.26
ORD-2024-03084,2022-06-19,C0131,John Brown,Consumer,Australia,Oceania,Victoria,Melbourne,Furniture,Chairs,Office Chair,1349.58,16,0.0,472.93
ORD-2022-03085,2022-04-23,C0195,William Hernandez,Home Office,Australia,Oceania,Victoria,Melbourne,Technology,Accessories,Wireless Mouse,13461.97,20,0.0,4777.51
ORD-2022-03086,2023-03-16,C0072,Richard Jones,Home Office,UK,Europe,England,London,Furniture,Chairs,Office Chair,3872.96,7,0.0,1474.7
ORD-2022-03087,2023-05-10,C0033,Joseph Johnson,Home Office,Australia,Oceania,Victoria,Melbourne,Office Supplies,Paper,A4 Printer Paper,43.07,2,0.0,5.66
ORD-2023-03088,2024-03-06,C0096,Richard Garcia,Consumer,Australia,Oceania,New South Wales,Sydney,Technology,Accessories,Wireless Mouse,1190.17,1,59.51,442.02
ORD-2022-03089,2022-09-07,C0002,Susan Martinez,Consumer,Australia,Oceania,Victoria,Melbourne,Office Supplies,Art,Sketchbook,42.98,3,0.0,8.19
ORD-2023-03090,2023-11-13,C0111,Mary Miller,Home Office,Canada,North America,Ontario,Toronto,Office Supplies,Paper,Cardstock,151.32,17,0.0,46.09
ORD-2024-03091,2023-06-05,C0013,Richard Davis,Corporate,USA,North America,California,Los Angeles,Office Supplies,Art,Watercolor Set,576.04,18,28.8,147.63
ORD-2022-03092,2024-09-27,C0105,Barbara Hernandez,Consumer,Australia,Oceania,New South Wales,Sydney,Furniture,Storage,Bookshelf,4628.41,11,0.0,967.89
ORD-2022-03093,2024-09-27,C0046,Barbara Davis,Corporate,USA,North America,California,Los Angeles,Technology,Phones,Pixel 6,4048.7,3,0.0,1381.29
ORD-2022-03094,2022-07-16,C0105,Barbara Hernandez,Corporate,USA,North America,California,Los Angeles,Office Supplies,Paper,Legal Pad,566.95,19,0.0,74.4
ORD-2023-03095,2023-09-01,C0008,Jennifer Anderson,Home Office,Japan,Asia,Tokyo,Tokyo,Furniture,Tables,Study Desk,3004.58,6,150.23,832.81
ORD-2024-03096,2023-01-22,C0041,Patricia Wilson,Home Office,UK,Europe,England,London,Technology,Accessories,Mechanical Keyboard,8377.62,12,0.0,2754.78
ORD-2023-03097,2024-04-26,C0013,Richard Davis,Home Office,Japan,Asia,Tokyo,Tokyo,Technology,Phones,Nokia G20,6898.76,5,0.0,1696.83
ORD-2023-03098,2023-11-04,C0154,Richard Garcia,Home Office,China,Asia,Beijing,Beijing,Furniture,Tables,Study Desk,132.08,1,0.0,27.44
ORD-2024-03099,2022-11-03,C0178,Patricia Thomas,Corporate,USA,North America,New York,New York City,Technology,Phones,Pixel 6,2240.94,6,224.09,481.34
ORD-2022-03100,2024-08-30,C0030,Michael Rodriguez,Home Office,USA,North America,New York,New York City,Office Supplies,Art,Watercolor Set,493.86,12,98.77,153.35
ORD-2023-03101,2023-04-29,C0020,Michael Williams,Corporate,China,Asia,Beijing,Beijing,Office Supplies,Paper,Legal Pad,55.89,2,11.18,6.5
ORD-2022-03102,2022-01-20,C0030,Michael Rodriguez,Home Office,Canada,North America,Ontario,Toronto,Technology,Phones,Samsung Galaxy S21,20854.17,14,0.0,4891.99
ORD-2024-03103,2024-05-17,C0186,Robert Johnson,Consumer,USA,North America,New York,New York City,Office Supplies,Paper,Cardstock,957.09,20,191.42,292.28
ORD-2022-03104,2022-05-26,C0196,John Smith,Home Office,China,Asia,Beijing,Beijing,Furniture,Chairs,Ergonomic Executive Chair,2399.74,9,0.0,791.06
ORD-2024-03105,2022-10-15,C0026,Barbara Jones,Corporate,Germany,Europe,Bavaria,Munich,Office Supplies,Paper,Cardstock,237.27,5,0.0,51.02
ORD-2023-03106,2023-03-20,C0173,John Thomas,Home Office,USA,North America,California,Los Angeles,Furniture,Tables,Coffee Table,5667.17,13,0.0,729.78
ORD-2023-03107,2024-07-12,C0094,Linda Garcia,Consumer,Germany,Europe,Bavaria,Munich,Furniture,Chairs,Stool,4737.61,9,236.88,575.09
ORD-2024-03108,2022-04-24,C0051,Jennifer Johnson,Home Office,Australia,Oceania,Victoria,Melbourne,Office Supplies,Binders,Expansion Folder,661.93,18,0.0,123.48
ORD-2022-03109,2023-01-13,C0125,Jennifer Davis,Home Office,France,Europe,Ile-de-France,Paris,Furniture,Chairs,Ergonomic Executive Chair,598.26,1,59.83,96.64
ORD-2024-03110,2023-10-15,C0200,Elizabeth Martinez,Corporate,France,Europe,Ile-de-France,Paris,Office Supplies,Binders,3-Ring Binder,463.5,10,46.35,122.98
ORD-2022-03111,2024-07-31,C0026,Barbara Jones,Corporate,USA,North America,California,Los Angeles,Office Supplies,Art,Sketchbook,63.71,9,0.0,12.86
ORD-2022-03112,2022-02-09,C0143,Joseph Gonzalez,Consumer,India,Asia,Maharashtra,Mumbai,Furniture,Storage,File Cabinet,2792.29,5,139.61,332.42
ORD-2023-03113,2023-07-27,C0038,John Brown,Consumer,UK,Europe,England,London,Furniture,Storage,File Cabinet,4647.85,8,232.39,1191.18
ORD-2023-03114,2024-08-11,C0062,Robert Johnson,Home Office,China,Asia,Beijing,Beijing,Furniture,Tables,Conference Table,9478.99,17,473.95,2783.52
ORD-2023-03115,2023-12-17,C0161,Michael Jones,Consumer,USA,North America,New York,New York City,Office Supplies,Art,Watercolor Set,601.27,16,0.0,145.75
ORD-2022-03116,2023-09-05,C0067,Susan Thomas,Corporate,India,Asia,Maharashtra,Mumbai,Technology,Accessories,Wireless Mouse,5616.0,4,1123.2,875.77
ORD-2024-03117,2023-07-13,C0063,Michael Anderson,Corporate,USA,North America,New York,New York City,Furniture,Storage,Bookshelf,3359.54,6,335.95,817.87
ORD-2022-03118,2022-12-05,C0048,Jessica Thomas,Corporate,Japan,Asia,Tokyo,Tokyo,Technology,Accessories,Mechanical Keyboard,7923.23,6,396.16,892.09
ORD-2024-03119,2024-04-02,C0120,Jessica Martinez,Corporate,Australia,Oceania,Victoria,Melbourne,Office Supplies,Art,Sketchbook,301.57,17,30.16,36.95
ORD-2022-03120,2023-06-04,C0135,Linda Johnson,Home Office,USA,North America,New York,New York City,Office Supplies,Paper,Sticky Notes,292.22,8,29.22,84.73
ORD-2023-03121,2023-05-25,C0178,Patricia Thomas,Consumer,China,Asia,Beijing,Beijing,Office Supplies,Binders,Expansion Folder,59.01,5,2.95,21.43
ORD-2024-03122,2024-09-09,C0120,Jessica Martinez,Consumer,Japan,Asia,Tokyo,Tokyo,Technology,Laptops,MacBook Pro 14,5678.91,8,567.89,1203.51
ORD-2024-03123,2023-01-05,C0120,Jessica Martinez,Corporate,USA,North America,Texas,Houston,Technology,Laptops,Dell XPS 15,1735.4,11,347.08,148.9
ORD-2024-03124,2023-08-16,C0136,Barbara Smith,Home Office,China,Asia,Beijing,Beijing,Furniture,Chairs,Ergonomic Executive Chair,1770.01,11,177.0,466.88
ORD-2023-03125,2022-07-01,C0092,Barbara Jones,Corporate,USA,North America,New York,New York City,Office Supplies,Binders,Report Cover,431.2,17,21.56,92.45
ORD-2023-03126,2023-06-13,C0158,Richard Williams,Home Office,USA,North America,Texas,Houston,Furniture,Chairs,Ergonomic Executive Chair,3602.1,12,180.11,604.19
ORD-2024-03127,2024-03-14,C0190,Jessica Wilson,Home Office,Australia,Oceania,New South Wales,Sydney,Furniture,Storage,File Cabinet,1256.7,9,62.84,454.92
ORD-2023-03128,2024-09-24,C0100,James Jones,Corporate,Australia,Oceania,Victoria,Melbourne,Office Supplies,Paper,Legal Pad,331.14,19,66.23,65.23
ORD-2022-03129,2023-08-17,C0095,Patricia Williams,Corporate,Australia,Oceania,Victoria,Melbourne,Furniture,Chairs,Gaming Chair,3788.12,8,378.81,1059.04
ORD-2024-03130,2022-05-22,C0015,David Williams,Corporate,Japan,Asia,Tokyo,Tokyo,Furniture,Chairs,Ergonomic Executive Chair,3329.54,12,332.95,394.86
ORD-2023-03131,2023-02-20,C0047,Mary Thomas,Consumer,Japan,Asia,Tokyo,Tokyo,Office Supplies,Paper,Cardstock,36.15,4,0.0,7.35
ORD-2024-03132,2024-04-27,C0002,Susan Martinez,Home Office,France,Europe,Ile-de-France,Paris,Furniture,Chairs,Ergonomic Executive Chair,6298.45,16,629.85,753.02
ORD-2022-03133,2023-05-21,C0100,James Jones,Corporate,Germany,Europe,Bavaria,Munich,Office Supplies,Art,Sketchbook,119.16,3,0.0,16.52
ORD-2024-03134,2023-10-01,C0078,Mary Wilson,Corporate,USA,North America,New York,New York City,Technology,Laptops,HP Spectre x360,11475.67,13,0.0,3163.57
ORD-2022-03135,2023-05-22,C0151,Robert Brown,Consumer,Canada,North America,Ontario,Toronto,Office Supplies,Paper,Cardstock,49.03,1,2.45,5.2
ORD-2023-03136,2023-08-26,C0148,Linda Jones,Corporate,Germany,Europe,Bavaria,Munich,Office Supplies,Binders,3-Ring Binder,13.35,2,0.67,2.63
ORD-2022-03137,2024-03-17,C0114,Mary Lopez,Consumer,India,Asia,Maharashtra,Mumbai,Technology,Accessories,Webcam,7437.23,7,371.86,1918.57
ORD-2022-03138,2022-08-23,C0170,Mary Smith,Consumer,Australia,Oceania,Victoria,Melbourne,Office Supplies,Art,Watercolor Set,260.88,10,52.18,67.01
ORD-2023-03139,2022-11-05,C0167,William Anderson,Corporate,USA,North America,California,Los Angeles,Office Supplies,Binders,3-Ring Binder,368.35,11,18.42,71.71
ORD-2024-03140,2024-04-18,C0126,Linda Johnson,Corporate,Japan,Asia,Tokyo,Tokyo,Technology,Accessories,Wireless Mouse,6425.12,17,642.51,1817.42
ORD-2022-03141,2022-09-15,C0071,Michael Thomas,Consumer,Australia,Oceania,Victoria,Melbourne,Office Supplies,Art,Sketchbook,94.78,7,9.48,33.7
ORD-2023-03142,2024-06-26,C0106,John Rodriguez,Consumer,France,Europe,Ile-de-France,Paris,Technology,Phones,iPhone 13,13536.61,14,676.83,3451.7
ORD-2022-03143,2024-09-06,C0004,Jessica Davis,Home Office,Australia,Oceania,New South Wales,Sydney,Furniture,Chairs,Stool,2246.26,8,0.0,243.91
ORD-2022-03144,2023-04-23,C0012,Patricia Johnson,Corporate,Australia,Oceania,New South Wales,Sydney,Furniture,Chairs,Office Chair,6491.56,19,0.0,1065.99
ORD-2023-03145,2024-05-12,C0181,William Thomas,Home Office,Canada,North America,Ontario,Toronto,Furniture,Chairs,Ergonomic Executive Chair,1957.78,5,0.0,379.02
ORD-2023-03146,2024-05-26,C0094,Linda Garcia,Corporate,USA,North America,Texas,Houston,Office Supplies,Paper,A4 Printer Paper,322.75,12,16.14,72.41
ORD-2022-03147,2022-04-24,C0129,Elizabeth Johnson,Corporate,India,Asia,Maharashtra,Mumbai,Technology,Laptops,Lenovo ThinkPad,17202.89,17,0.0,6462.83
ORD-2022-03148,2023-01-17,C0159,Susan Smith,Consumer,France,Europe,Ile-de-France,Paris,Technology,Accessories,Wireless Mouse,23042.46,19,1152.12,8349.4
ORD-2023-03149,2024-06-08,C0135,Linda Johnson,Consumer,Japan,Asia,Tokyo,Tokyo,Office Supplies,Paper,A4 Printer Paper,79.32,4,15.86,8.41
ORD-2023-03150,2024-01-11,C0027,Barbara Miller,Corporate,Australia,Oceania,New South Wales,Sydney,Technology,Phones,Nokia G20,3965.12,4,0.0,880.22
ORD-2023-03151,2022-10-24,C0081,Susan Brown,Home Office,UK,Europe,England,London,Furniture,Chairs,Office Chair,3679.23,10,183.96,1336.31
ORD-2024-03152,2023-07-07,C0099,Susan Anderson,Home Office,Australia,Oceania,New South Wales,Sydney,Technology,Accessories,Webcam,1290.92,2,129.09,202.59
ORD-2022-03153,2023-02-10,C0086,Jennifer Gonzalez,Consumer,India,Asia,Maharashtra,Mumbai,Technology,Laptops,Lenovo ThinkPad,10184.34,15,509.22,2826.5
ORD-2022-03154,2023-10-28,C0003,John Brown,Consumer,UK,Europe,England,London,Technology,Laptops,Lenovo ThinkPad,151.4,1,0.0,29.45
ORD-2022-03155,2022-05-16,C0063,Michael Anderson,Consumer,Australia,Oceania,New South Wales,Sydney,Technology,Accessories,Mechanical Keyboard,22106.17,16,4421.23,5485.93
ORD-2022-03156,2022-03-12,C0148,Linda Jones,Consumer,Germany,Europe,Bavaria,Munich,Furniture,Chairs,Office Chair,515.88,1,51.59,62.78
ORD-2023-03157,2022-09-27,C0019,Michael Lopez,Home Office,Japan,Asia,Tokyo,Tokyo,Technology,Accessories,USB-C Hub,3533.22,4,0.0,460.81
ORD-2022-03158,2022-11-09,C0114,Mary Lopez,Home Office,China,Asia,Beijing,Beijing,Furniture,Tables,Dining Table,3219.26,20,160.96,574.29
ORD-2023-03159,2023-01-28,C0097,Jessica Garcia,Corporate,China,Asia,Beijing,Beijing,Furniture,Tables,Study Desk,194.78,3,9.74,20.36
ORD-2024-03160,2022-10-18,C0076,Jennifer Miller,Consumer,Japan,Asia,Tokyo,Tokyo,Office Supplies,Art,Watercolor Set,470.25,20,0.0,112.14
ORD-2024-03161,2024-05-19,C0090,Patricia Davis,Corporate,China,Asia,Beijing,Beijing,Office Supplies,Binders,Report Cover,133.71,3,13.37,22.71
ORD-2024-03162,2023-11-22,C0011,Patricia Hernandez,Corporate,China,Asia,Beijing,Beijing,Furniture,Storage,Wardrobe,2778.98,6,555.8,401.18
ORD-2024-03163,2023-03-14,C0163,Joseph Hernandez,Consumer,Canada,North America,Ontario,Toronto,Office Supplies,Art,Markers,154.39,8,15.44,26.08
ORD-2022-03164,2023-12-31,C0151,Robert Brown,Consumer,USA,North America,California,Los Angeles,Office Supplies,Binders,3-Ring Binder,260.92,12,26.09,41.92
ORD-2023-03165,2023-06-23,C0068,Elizabeth Lopez,Home Office,Japan,Asia,Tokyo,Tokyo,Technology,Laptops,Dell XPS 15,8591.39,17,1718.28,1347.56
ORD-2023-03166,2024-01-09,C0037,Barbara Gonzalez,Consumer,USA,North America,Texas,Houston,Office Supplies,Art,Markers,293.59,16,29.36,65.3
ORD-2022-03167,2024-02-23,C0145,Elizabeth Brown,Corporate,France,Europe,Ile-de-France,Paris,Technology,Laptops,HP Spectre x360,6121.89,9,306.09,2175.53
ORD-2023-03168,2022-01-28,C0114,Mary Lopez,Corporate,USA,North America,Texas,Houston,Technology,Laptops,Dell XPS 15,4565.47,20,0.0,973.22
ORD-2024-03169,2022-09-18,C0047,Mary Thomas,Corporate,Australia,Oceania,Victoria,Melbourne,Office Supplies,Paper,Legal Pad,145.43,3,0.0,43.7
ORD-2023-03170,2022-09-09,C0080,David Rodriguez,Home Office,Canada,North America,Ontario,Toronto,Furniture,Tables,Dining Table,2450.54,7,0.0,644.3
ORD-2022-03171,2024-03-23,C0126,Linda Johnson,Corporate,India,Asia,Maharashtra,Mumbai,Technology,Accessories,Webcam,13853.06,14,1385.31,2151.46
ORD-2022-03172,2023-01-07,C0051,Jennifer Johnson,Home Office,Australia,Oceania,Victoria,Melbourne,Furniture,Tables,Study Desk,283.67,1,0.0,72.81
ORD-2024-03173,2023-01-28,C0002,Susan Martinez,Consumer,Germany,Europe,Bavaria,Munich,Office Supplies,Art,Sketchbook,134.72,4,0.0,51.59
ORD-2022-03174,2024-08-18,C0123,Susan Garcia,Consumer,Canada,North America,Ontario,Toronto,Technology,Accessories,Mechanical Keyboard,5601.27,6,560.13,1224.01
ORD-2022-03175,2023-10-30,C0048,Jessica Thomas,Home Office,USA,North America,Texas,Houston,Office Supplies,Binders,Expansion Folder,125.16,11,25.03,25.9
ORD-2023-03176,2023-09-04,C0101,Patricia Williams,Corporate,UK,Europe,England,London,Furniture,Storage,Wardrobe,5447.51,17,544.75,1822.06
ORD-2024-03177,2022-03-20,C0077,James Davis,Consumer,Australia,Oceania,Victoria,Melbourne,Furniture,Tables,Coffee Table,8738.24,18,1747.65,2735.03
ORD-2024-03178,2022-12-07,C0128,Jennifer Wilson,Consumer,Japan,Asia,Tokyo,Tokyo,Technology,Laptops,Dell XPS 15,2018.99,8,0.0,458.77
ORD-2024-03179,2023-06-22,C0062,Robert Johnson,Home Office,India,Asia,Maharashtra,Mumbai,Technology,Phones,iPhone 13,9048.84,7,0.0,1028.3
ORD-2022-03180,2023-04-12,C0020,Michael Williams,Consumer,Australia,Oceania,New South Wales,Sydney,Furniture,Tables,Study Desk,3588.82,6,358.88,479.47
ORD-2023-03181,2022-12-10,C0141,Joseph Lopez,Corporate,USA,North America,New York,New York City,Office Supplies,Paper,A4 Printer Paper,233.18,9,46.64,31.43
ORD-2023-03182,2024-04-19,C0184,Susan Martinez,Corporate,USA,North America,New York,New York City,Furniture,Chairs,Ergonomic Executive Chair,6645.13,16,1329.03,725.16
ORD-2023-03183,2022-04-09,C0036,Joseph Johnson,Consumer,USA,North America,California,Los Angeles,Furniture,Chairs,Stool,246.3,4,49.26,27.41
ORD-2023-03184,2022-11-21,C0159,Susan Smith,Consumer,Japan,Asia,Tokyo,Tokyo,Technology,Accessories,Wireless Mouse,18398.63,14,0.0,6838.58
ORD-2023-03185,2023-08-08,C0156,David Martinez,Corporate,Australia,Oceania,New South Wales,Sydney,Furniture,Storage,Wardrobe,6955.95,18,347.8,2566.5
ORD-2023-03186,2023-01-21,C0126,Linda Johnson,Home Office,Canada,North America,Ontario,Toronto,Furniture,Storage,Bookshelf,4069.72,7,0.0,1334.86
ORD-2022-03187,2024-05-17,C0080,David Rodriguez,Home Office,Canada,North America,Ontario,Toronto,Furniture,Storage,Wardrobe,2743.75,14,137.19,433.99
ORD-2022-03188,2024-07-09,C0071,Michael Thomas,Home Office,India,Asia,Maharashtra,Mumbai,Furniture,Chairs,Stool,456.31,1,91.26,71.62
ORD-2022-03189,2024-07-22,C0097,Jessica Garcia,Corporate,Germany,Europe,Bavaria,Munich,Technology,Phones,Nokia G20,12928.44,14,646.42,4224.39
ORD-2023-03190,2022-11-19,C0141,Joseph Lopez,Home Office,USA,North America,New York,New York City,Technology,Phones,iPhone 13,14508.17,18,2901.63,2459.56
ORD-2022-03191,2022-09-19,C0184,Susan Martinez,Home Office,Canada,North America,Ontario,Toronto,Office Supplies,Art,Markers,361.23,17,0.0,90.62
ORD-2024-03192,2022-07-25,C0042,James Davis,Consumer,Australia,Oceania,New South Wales,Sydney,Office Supplies,Binders,Report Cover,44.98,1,0.0,5.83
ORD-2022-03193,2023-05-17,C0063,Michael Anderson,Consumer,UK,Europe,England,London,Technology,Laptops,HP Spectre x360,1991.95,2,398.39,355.92
ORD-2023-03194,2022-11-03,C0054,Patricia Johnson,Consumer,Australia,Oceania,Victoria,Melbourne,Furniture,Chairs,Gaming Chair,1754.3,3,0.0,592.85
ORD-2024-03195,2024-09-07,C0059,Jessica Thomas,Consumer,China,Asia,Beijing,Beijing,Technology,Accessories,Wireless Mouse,17075.66,20,0.0,6047.33
ORD-2022-03196,2023-10-22,C0088,Elizabeth Brown,Corporate,USA,North America,New York,New York City,Office Supplies,Paper,A4 Printer Paper,717.84,15,143.57,172.87
ORD-2022-03197,2022-04-13,C0010,William Brown,Home Office,France,Europe,Ile-de-France,Paris,Technology,Phones,iPhone 13,11784.83,18,589.24,1301.73
ORD-2023-03198,2022-02-05,C0036,Joseph Johnson,Corporate,Canada,North America,Ontario,Toronto,Office Supplies,Art,Sketchbook,825.04,19,165.01,199.13
ORD-2024-03199,2023-01-17,C0145,Elizabeth Brown,Home Office,Australia,Oceania,New South Wales,Sydney,Furniture,Chairs,Office Chair,5183.43,9,1036.69,1317.17
ORD-2022-03200,2022-09-27,C0136,Barbara Smith,Home Office,USA,North America,Texas,Houston,Technology,Accessories,Mechanical Keyboard,2134.78,6,0.0,654.82
ORD-2023-03201,2024-01-16,C0031,Robert Garcia,Consumer,Germany,Europe,Bavaria,Munich,Furniture,Chairs,Ergonomic Executive Chair,960.38,3,96.04,201.39
ORD-2023-03202,2022-02-17,C0071,Michael Thomas,Home Office,UK,Europe,England,London,Technology,Laptops,HP Spectre x360,1110.85,2,0.0,135.04
ORD-2022-03203,2023-09-15,C0043,Elizabeth Williams,Home Office,Australia,Oceania,Victoria,Melbourne,Technology,Laptops,Dell XPS 15,10416.4,16,520.82,1282.68
ORD-2022-03204,2023-06-19,C0181,William Thomas,Corporate,France,Europe,Ile-de-France,Paris,Office Supplies,Binders,Report Cover,64.99,2,0.0,7.74
ORD-2023-03205,2022-08-11,C0085,Elizabeth Smith,Home Office,Germany,Europe,Bavaria,Munich,Office Supplies,Paper,Sticky Notes,447.38,17,22.37,126.46
ORD-2022-03206,2022-11-04,C0038,John Brown,Home Office,Germany,Europe,Bavaria,Munich,Office Supplies,Binders,3-Ring Binder,655.74,14,65.57,155.49
ORD-2024-03207,2024-08-07,C0175,David Lopez,Consumer,India,Asia,Maharashtra,Mumbai,Furniture,Tables,Dining Table,471.23,5,0.0,169.3
ORD-2023-03208,2024-07-11,C0112,John Williams,Corporate,Australia,Oceania,New South Wales,Sydney,Furniture,Storage,Wardrobe,507.55,1,101.51,85.05
ORD-2023-03209,2024-09-07,C0111,Mary Miller,Corporate,Australia,Oceania,New South Wales,Sydney,Furniture,Tables,Study Desk,1131.66,4,56.58,152.25
ORD-2022-03210,2023-10-29,C0112,John Williams,Home Office,France,Europe,Ile-de-France,Paris,Technology,Phones,iPhone 13,17872.18,14,3574.44,3590.94
ORD-2023-03211,2023-01-12,C0058,David Garcia,Consumer,Australia,Oceania,Victoria,Melbourne,Office Supplies,Art,Sketchbook,122.12,3,0.0,12.75
ORD-2023-03212,2023-07-10,C0001,Robert Gonzalez,Home Office,Australia,Oceania,New South Wales,Sydney,Technology,Laptops,Dell XPS 15,6875.59,11,0.0,1456.43
ORD-2024-03213,2023-03-15,C0147,John Hernandez,Corporate,USA,North America,Texas,Houston,Office Supplies,Binders,3-Ring Binder,505.76,13,101.15,137.28
ORD-2023-03214,2024-04-04,C0171,Joseph Brown,Home Office,Canada,North America,Ontario,Toronto,Furniture,Tables,Conference Table,9808.12,17,980.81,1498.54
ORD-2023-03215,2022-09-18,C0054,Patricia Johnson,Home Office,USA,North America,Texas,Houston,Office Supplies,Paper,A4 Printer Paper,658.56,19,0.0,144.82
ORD-2023-03216,2023-05-11,C0136,Barbara Smith,Consumer,UK,Europe,England,London,Office Supplies,Paper,Legal Pad,339.54,10,16.98,93.84
ORD-2024-03217,2022-05-20,C0071,Michael Thomas,Consumer,China,Asia,Beijing,Beijing,Furniture,Storage,Wardrobe,595.95,3,59.6,124.76
ORD-2024-03218,2023-08-30,C0167,William Anderson,Home Office,USA,North America,New York,New York City,Office Supplies,Art,Watercolor Set,762.82,18,0.0,124.79
ORD-2023-03219,2024-01-31,C0159,Susan Smith,Home Office,USA,North America,Texas,Houston,Technology,Accessories,USB-C Hub,1108.82,1,110.88,255.31
ORD-2023-03220,2022-07-30,C0198,Joseph Martinez,Consumer,Australia,Oceania,Victoria,Melbourne,Office Supplies,Art,Sketchbook,458.59,14,91.72,90.36
ORD-2022-03221,2024-01-01,C0043,Elizabeth Williams,Consumer,India,Asia,Maharashtra,Mumbai,Technology,Accessories,USB-C Hub,17212.67,18,860.63,2601.34
ORD-2024-03222,2022-06-19,C0050,Mary Davis,Consumer,USA,North America,California,Los Angeles,Furniture,Tables,Conference Table,6494.13,18,324.71,1690.31
ORD-2023-03223,2024-01-25,C0093,Elizabeth Davis,Corporate,Australia,Oceania,New South Wales,Sydney,Technology,Laptops,HP Spectre x360,5481.4,6,0.0,1112.84
ORD-2023-03224,2022-07-18,C0149,Richard Garcia,Home Office,Australia,Oceania,New South Wales,Sydney,Technology,Laptops,HP Spectre x360,7176.17,19,0.0,2706.46
ORD-2022-03225,2023-10-29,C0192,Patricia Hernandez,Home Office,USA,North America,California,Los Angeles,Furniture,Chairs,Gaming Chair,956.34,2,0.0,331.42
ORD-2023-03226,2022-06-26,C0138,Mary Martinez,Home Office,USA,North America,California,Los Angeles,Furniture,Tables,Dining Table,2078.93,4,415.79,425.81
ORD-2024-03227,2024-02-29,C0113,Mary Johnson,Consumer,India,Asia,Maharashtra,Mumbai,Office Supplies,Paper,Legal Pad,459.9,14,91.98,121.72
ORD-2022-03228,2022-02-11,C0075,James Davis,Corporate,China,Asia,Beijing,Beijing,Office Supplies,Paper,Legal Pad,395.06,8,0.0,97.8
ORD-2023-03229,2022-03-24,C0141,Joseph Lopez,Home Office,Australia,Oceania,Victoria,Melbourne,Office Supplies,Binders,3-Ring Binder,18.95,2,0.95,2.19
ORD-2022-03230,2024-02-19,C0038,John Brown,Home Office,France,Europe,Ile-de-France,Paris,Technology,Phones,Nokia G20,22854.57,20,1142.73,5557.88
ORD-2024-03231,2022-02-25,C0033,Joseph Johnson,Consumer,India,Asia,Maharashtra,Mumbai,Technology,Laptops,HP Spectre x360,4478.79,10,0.0,1538.55
ORD-2023-03232,2023-04-25,C0084,Barbara Wilson,Corporate,China,Asia,Beijing,Beijing,Technology,Accessories,USB-C Hub,3967.97,3,0.0,1191.39
ORD-2023-03233,2022-11-20,C0135,Linda Johnson,Consumer,USA,North America,New York,New York City,Office Supplies,Art,Markers,184.44,7,0.0,71.48
ORD-2024-03234,2023-10-21,C0091,Patricia Miller,Corporate,USA,North America,Texas,Houston,Office Supplies,Art,Watercolor Set,303.05,9,30.31,92.83
ORD-2023-03235,2024-09-10,C0079,David Gonzalez,Consumer,Australia,Oceania,New South Wales,Sydney,Office Supplies,Paper,A4 Printer Paper,62.72,3,0.0,21.21
ORD-2022-03236,2022-02-16,C0073,Elizabeth Smith,Corporate,USA,North America,Texas,Houston,Office Supplies,Paper,Sticky Notes,75.63,6,0.0,20.42
ORD-2024-03237,2022-12-20,C0181,William Thomas,Corporate,Australia,Oceania,New South Wales,Sydney,Furniture,Storage,File Cabinet,5665.94,15,1133.19,1669.29
ORD-2022-03238,2023-10-13,C0103,Richard Miller,Corporate,Germany,Europe,Bavaria,Munich,Office Supplies,Binders,Report Cover,248.55,19,0.0,35.32
ORD-2022-03239,2024-09-13,C0170,Mary Smith,Home Office,India,Asia,Maharashtra,Mumbai,Furniture,Tables,Study Desk,2100.54,5,420.11,447.47
ORD-2022-03240,2023-10-24,C0040,Linda Garcia,Corporate,Australia,Oceania,New South Wales,Sydney,Technology,Accessories,Webcam,1500.77,3,0.0,284.08
ORD-2024-03241,2024-01-24,C0172,Richard Garcia,Corporate,Australia,Oceania,Victoria,Melbourne,Office Supplies,Art,Sketchbook,166.96,5,33.39,22.6
ORD-2023-03242,2023-12-02,C0009,John Martinez,Home Office,Australia,Oceania,Victoria,Melbourne,Office Supplies,Binders,3-Ring Binder,233.98,8,0.0,55.15
ORD-2023-03243,2023-01-23,C0013,Richard Davis,Home Office,India,Asia,Maharashtra,Mumbai,Office Supplies,Paper,Legal Pad,118.21,9,0.0,38.26
ORD-2024-03244,2022-04-11,C0195,William Hernandez,Corporate,Germany,Europe,Bavaria,Munich,Office Supplies,Art,Sketchbook,22.38,1,1.12,2.46
ORD-2022-03245,2023-06-18,C0121,Joseph Thomas,Corporate,Australia,Oceania,Victoria,Melbourne,Furniture,Chairs,Ergonomic Executive Chair,3589.92,8,0.0,1237.45
ORD-2023-03246,2023-05-16,C0050,Mary Davis,Corporate,USA,North America,New York,New York City,Office Supplies,Art,Watercolor Set,163.39,18,16.34,42.41
ORD-2023-03247,2024-02-27,C0188,Patricia Wilson,Consumer,China,Asia,Beijing,Beijing,Technology,Phones,Nokia G20,10321.1,9,2064.22,2931.7
ORD-2024-03248,2024-09-18,C0119,John Jones,Consumer,USA,North America,New York,New York City,Technology,Accessories,Webcam,4362.96,5,0.0,1368.92
ORD-2024-03249,2024-03-14,C0083,James Jones,Consumer,UK,Europe,England,London,Office Supplies,Paper,Cardstock,414.81,18,82.96,104.87
ORD-2023-03250,2022-02-25,C0091,Patricia Miller,Consumer,Germany,Europe,Bavaria,Munich,Technology,Phones,Pixel 6,11408.93,8,570.45,1408.35
ORD-2023-03251,2024-06-16,C0033,Joseph Johnson,Corporate,UK,Europe,England,London,Furniture,Storage,Wardrobe,404.07,1,0.0,92.66
ORD-2022-03252,2022-03-07,C0103,Richard Miller,Corporate,France,Europe,Ile-de-France,Paris,Technology,Accessories,Webcam,6679.08,12,1335.82,2044.16
ORD-2024-03253,2023-04-05,C0135,Linda Johnson,Home Office,Japan,Asia,Tokyo,Tokyo,Office Supplies,Paper,A4 Printer Paper,123.41,4,0.0,25.52
ORD-2023-03254,2024-02-04,C0142,Barbara Rodriguez,Corporate,Japan,Asia,Tokyo,Tokyo,Furniture,Chairs,Gaming Chair,7075.17,19,707.52,1665.79
ORD-2023-03255,2022-04-24,C0145,Elizabeth Brown,Home Office,Australia,Oceania,New South Wales,Sydney,Furniture,Tables,Study Desk,2370.84,6,0.0,381.35
ORD-2024-03256,2023-08-24,C0058,David Garcia,Corporate,USA,North America,Texas,Houston,Furniture,Chairs,Ergonomic Executive Chair,1066.2,16,53.31,383.42
ORD-2023-03257,2024-02-05,C0196,John Smith,Consumer,Canada,North America,Ontario,Toronto,Furniture,Storage,Wardrobe,10840.6,19,1084.06,3167.22
ORD-2022-03258,2023-04-02,C0046,Barbara Davis,Home Office,Australia,Oceania,New South Wales,Sydney,Technology,Accessories,Webcam,709.16,6,35.46,199.46
ORD-2022-03259,2022-12-15,C0123,Susan Garcia,Corporate,Australia,Oceania,Victoria,Melbourne,Technology,Laptops,Dell XPS 15,4330.13,15,0.0,970.62
ORD-2023-03260,2022-02-10,C0110,Jennifer Martinez,Consumer,Australia,Oceania,Victoria,Melbourne,Technology,Phones,Samsung Galaxy S21,3569.77,14,178.49,824.27
ORD-2022-03261,2023-03-06,C0038,John Brown,Corporate,USA,North America,California,Los Angeles,Furniture,Chairs,Gaming Chair,3002.83,7,300.28,514.17
ORD-2023-03262,2022-03-22,C0117,Michael Thomas,Home Office,Canada,North America,Ontario,Toronto,Technology,Laptops,HP Spectre x360,23782.01,20,2378.2,5536.9
ORD-2022-03263,2024-02-19,C0137,Susan Johnson,Consumer,Australia,Oceania,New South Wales,Sydney,Office Supplies,Paper,Cardstock,337.32,10,0.0,75.49
ORD-2022-03264,2024-02-02,C0130,Mary Johnson,Home Office,France,Europe,Ile-de-France,Paris,Technology,Phones,iPhone 13,13841.55,12,2768.31,1319.77
ORD-2024-03265,2022-07-02,C0158,Richard Williams,Consumer,Australia,Oceania,Victoria,Melbourne,Furniture,Tables,Dining Table,1954.47,13,390.89,229.78
ORD-2024-03266,2022-01-15,C0029,William Miller,Consumer,UK,Europe,England,London,Technology,Laptops,Dell XPS 15,4935.08,11,0.0,1676.74
ORD-2022-03267,2022-08-27,C0069,Mary Jones,Corporate,Japan,Asia,Tokyo,Tokyo,Technology,Accessories,USB-C Hub,1811.89,11,362.38,468.3
ORD-2023-03268,2023-10-19,C0049,Mary Martinez,Consumer,Germany,Europe,Bavaria,Munich,Technology,Laptops,HP Spectre x360,4869.03,17,486.9,1305.09
ORD-2024-03269,2023-06-06,C0141,Joseph Lopez,Consumer,Australia,Oceania,Victoria,Melbourne,Technology,Laptops,Lenovo ThinkPad,343.03,3,0.0,128.05
ORD-2022-03270,2023-01-27,C0029,William Miller,Corporate,Canada,North America,Ontario,Toronto,Office Supplies,Paper,Legal Pad,24.07,1,4.81,2.11
ORD-2023-03271,2022-11-16,C0112,John Williams,Home Office,Australia,Oceania,Victoria,Melbourne,Technology,Laptops,Lenovo ThinkPad,22436.16,16,2243.62,2049.05
ORD-2024-03272,2024-07-06,C0195,William Hernandez,Corporate,Australia,Oceania,New South Wales,Sydney,Furniture,Chairs,Office Chair,5045.97,10,0.0,700.9
ORD-2022-03273,2024-03-20,C0090,Patricia Davis,Corporate,Australia,Oceania,New South Wales,Sydney,Office Supplies,Paper,Cardstock,189.2,5,37.84,56.96
ORD-2024-03274,2022-06-01,C0148,Linda Jones,Consumer,China,Asia,Beijing,Beijing,Technology,Phones,Nokia G20,7866.19,9,1573.24,652.25
ORD-2024-03275,2022-07-05,C0101,Patricia Williams,Corporate,Australia,Oceania,Victoria,Melbourne,Office Supplies,Paper,A4 Printer Paper,655.81,14,65.58,66.14
ORD-2023-03276,2022-11-22,C0051,Jennifer Johnson,Home Office,India,Asia,Maharashtra,Mumbai,Furniture,Tables,Dining Table,3038.32,13,303.83,322.6
ORD-2022-03277,2022-06-04,C0117,Michael Thomas,Consumer,USA,North America,Texas,Houston,Technology,Laptops,Dell XPS 15,1409.07,4,70.45,440.53
ORD-2022-03278,2023-10-19,C0024,Patricia Gonzalez,Consumer,USA,North America,Texas,Houston,Office Supplies,Binders,Expansion Folder,696.31,14,34.82,189.8
ORD-2022-03279,2023-10-23,C0048,Jessica Thomas,Consumer,Canada,North America,Ontario,Toronto,Technology,Accessories,Wireless Mouse,1323.48,2,66.17,320.43
ORD-2024-03280,2023-01-14,C0139,Joseph Garcia,Corporate,Australia,Oceania,New South Wales,Sydney,Office Supplies,Paper,Legal Pad,88.92,6,0.0,18.01
ORD-2022-03281,2024-06-28,C0069,Mary Jones,Home Office,USA,North America,New York,New York City,Furniture,Storage,Bookshelf,2254.99,9,0.0,254.12
ORD-2024-03282,2023-11-27,C0134,William Wilson,Consumer,Australia,Oceania,Victoria,Melbourne,Office Supplies,Art,Sketchbook,38.33,2,0.0,9.98
ORD-2024-03283,2023-07-25,C0154,Richard Garcia,Home Office,France,Europe,Ile-de-France,Paris,Technology,Laptops,HP Spectre x360,3385.54,4,677.11,359.07
ORD-2022-03284,2023-04-01,C0011,Patricia Hernandez,Home Office,Australia,Oceania,New South Wales,Sydney,Office Supplies,Binders,Expansion Folder,694.14,20,0.0,101.47
ORD-2022-03285,2023-03-12,C0093,Elizabeth Davis,Corporate,UK,Europe,England,London,Technology,Phones,iPhone 13,2950.23,2,295.02,502.9
ORD-2024-03286,2022-06-14,C0053,Jennifer Williams,Home Office,Germany,Europe,Bavaria,Munich,Office Supplies,Binders,Expansion Folder,191.11,5,0.0,30.93
ORD-2022-03287,2023-05-04,C0002,Susan Martinez,Consumer,India,Asia,Maharashtra,Mumbai,Office Supplies,Binders,Expansion Folder,144.93,5,0.0,27.3
ORD-2022-03288,2023-08-24,C0144,Michael Jones,Corporate,Japan,Asia,Tokyo,Tokyo,Technology,Laptops,HP Spectre x360,9014.6,10,450.73,2561.43
ORD-2023-03289,2023-01-18,C0040,Linda Garcia,Consumer,USA,North America,Texas,Houston,Office Supplies,Paper,Sticky Notes,297.26,18,0.0,36.84
ORD-2023-03290,2024-09-08,C0162,James Rodriguez,Home Office,USA,North America,Texas,Houston,Furniture,Chairs,Stool,4140.73,14,0.0,1102.54
ORD-2023-03291,2023-02-03,C0110,Jennifer Martinez,Home Office,USA,North America,Texas,Houston,Technology,Phones,iPhone 13,10898.21,12,0.0,3878.02
ORD-2023-03292,2022-06-07,C0062,Robert Johnson,Home Office,Australia,Oceania,New South Wales,Sydney,Office Supplies,Art,Watercolor Set,95.1,5,0.0,23.44
ORD-2023-03293,2022-09-26,C0184,Susan Martinez,Corporate,USA,North America,Texas,Houston,Technology,Laptops,HP Spectre x360,14546.62,13,727.33,2478.67
ORD-2022-03294,2022-09-20,C0163,Joseph Hernandez,Corporate,UK,Europe,England,London,Office Supplies,Art,Sketchbook,64.26,2,0.0,21.69
ORD-2024-03295,2024-03-22,C0046,Barbara Davis,Consumer,Canada,North America,Ontario,Toronto,Technology,Laptops,Lenovo ThinkPad,21912.03,18,0.0,2659.67
ORD-2022-03296,2024-06-18,C0015,David Williams,Home Office,Japan,Asia,Tokyo,Tokyo,Office Supplies,Binders,Expansion Folder,21.88,2,1.09,4.46
ORD-2024-03297,2023-11-16,C0096,Richard Garcia,Consumer,Australia,Oceania,New South Wales,Sydney,Furniture,Tables,Dining Table,1089.5,13,0.0,226.51
ORD-2023-03298,2023-09-23,C0010,William Brown,Corporate,Canada,North America,Ontario,Toronto,Furniture,Storage,Bookshelf,3738.82,8,373.88,338.43
ORD-2023-03299,2022-02-23,C0093,Elizabeth Davis,Consumer,Japan,Asia,Tokyo,Tokyo,Technology,Phones,iPhone 13,8327.68,6,1665.54,1359.75
ORD-2024-03300,2023-03-04,C0101,Patricia Williams,Home Office,India,Asia,Maharashtra,Mumbai,Office Supplies,Paper,Cardstock,671.03,14,134.21,195.78
ORD-2024-03301,2023-05-14,C0029,William Miller,Corporate,USA,North America,New York,New York City,Office Supplies,Paper,A4 Printer Paper,175.41,10,35.08,49.83
ORD-2024-03302,2023-05-06,C0107,James Garcia,Consumer,Australia,Oceania,Victoria,Melbourne,Technology,Phones,Nokia G20,2235.54,2,111.78,576.95
ORD-2022-03303,2023-12-23,C0168,Patricia Hernandez,Home Office,Canada,North America,Ontario,Toronto,Furniture,Chairs,Ergonomic Executive Chair,1911.08,17,191.11,331.26
ORD-2022-03304,2022-02-18,C0037,Barbara Gonzalez,Home Office,Japan,Asia,Tokyo,Tokyo,Office Supplies,Art,Watercolor Set,68.11,6,13.62,10.18
ORD-2023-03305,2024-06-01,C0017,William Thomas,Corporate,USA,North America,California,Los Angeles,Technology,Phones,Nokia G20,4641.41,5,0.0,1165.22
ORD-2024-03306,2023-09-21,C0114,Mary Lopez,Corporate,Australia,Oceania,Victoria,Melbourne,Technology,Laptops,Lenovo ThinkPad,7205.11,17,0.0,1819.64
ORD-2024-03307,2022-07-24,C0142,Barbara Rodriguez,Consumer,Australia,Oceania,Victoria,Melbourne,Office Supplies,Art,Markers,299.51,11,14.98,40.73
ORD-2024-03308,2024-02-28,C0025,Robert Brown,Corporate,Germany,Europe,Bavaria,Munich,Office Supplies,Paper,Cardstock,821.13,18,164.23,255.36
ORD-2024-03309,2022-06-03,C0085,Elizabeth Smith,Corporate,UK,Europe,England,London,Furniture,Storage,Wardrobe,2428.92,13,0.0,629.29
ORD-2024-03310,2023-02-27,C0165,Robert Williams,Corporate,Australia,Oceania,Victoria,Melbourne,Office Supplies,Paper,A4 Printer Paper,356.41,16,0.0,103.58
ORD-2023-03311,2023-05-12,C0069,Mary Jones,Corporate,USA,North America,California,Los Angeles,Office Supplies,Binders,Expansion Folder,841.34,17,42.07,151.79
ORD-2023-03312,2024-04-04,C0008,Jennifer Anderson,Consumer,Australia,Oceania,New South Wales,Sydney,Office Supplies,Paper,A4 Printer Paper,86.08,8,0.0,31.58
ORD-2022-03313,2024-04-03,C0063,Michael Anderson,Consumer,Australia,Oceania,Victoria,Melbourne,Office Supplies,Art,Markers,76.9,2,7.69,22.17
ORD-2023-03314,2022-04-04,C0034,David Wilson,Corporate,USA,North America,California,Los Angeles,Technology,Laptops,MacBook Pro 14,3758.81,6,187.94,1277.65
ORD-2022-03315,2022-03-01,C0171,Joseph Brown,Consumer,Australia,Oceania,Victoria,Melbourne,Office Supplies,Art,Sketchbook,587.52,17,0.0,68.71
ORD-2024-03316,2024-02-16,C0056,Mary Brown,Corporate,Canada,North America,Ontario,Toronto,Office Supplies,Paper,Legal Pad,196.75,6,0.0,37.24
ORD-2024-03317,2022-08-29,C0137,Susan Johnson,Corporate,UK,Europe,England,London,Office Supplies,Binders,Expansion Folder,442.42,14,22.12,65.72
ORD-2023-03318,2023-12-08,C0065,Barbara Williams,Corporate,France,Europe,Ile-de-France,Paris,Furniture,Tables,Coffee Table,3842.14,8,192.11,1336.0
ORD-2023-03319,2024-03-24,C0195,William Hernandez,Corporate,Germany,Europe,Bavaria,Munich,Technology,Accessories,Mechanical Keyboard,672.66,1,134.53,193.99
ORD-2023-03320,2024-07-16,C0094,Linda Garcia,Corporate,Australia,Oceania,New South Wales,Sydney,Technology,Phones,Pixel 6,8004.42,13,0.0,3156.8
ORD-2023-03321,2023-01-27,C0023,Jennifer Gonzalez,Home Office,UK,Europe,England,London,Furniture,Tables,Coffee Table,3467.71,16,173.39,1139.97
ORD-2024-03322,2023-05-01,C0132,John Smith,Corporate,Japan,Asia,Tokyo,Tokyo,Furniture,Chairs,Office Chair,2805.53,8,0.0,543.76
ORD-2022-03323,2024-08-03,C0155,Barbara Anderson,Home Office,Australia,Oceania,Victoria,Melbourne,Technology,Laptops,Lenovo ThinkPad,2176.67,3,108.83,617.01
ORD-2024-03324,2023-03-10,C0089,Richard Williams,Corporate,Japan,Asia,Tokyo,Tokyo,Office Supplies,Art,Markers,226.74,11,0.0,57.46
ORD-2023-03325,2023-06-23,C0069,Mary Jones,Corporate,USA,North America,California,Los Angeles,Office Supplies,Art,Sketchbook,371.0,12,37.1,133.31
ORD-2023-03326,2022-04-30,C0094,Linda Garcia,Home Office,Australia,Oceania,New South Wales,Sydney,Office Supplies,Paper,Sticky Notes,86.06,7,0.0,15.8
ORD-2023-03327,2022-03-01,C0013,Richard Davis,Corporate,India,Asia,Maharashtra,Mumbai,Office Supplies,Art,Watercolor Set,302.1,7,60.42,39.03
ORD-2024-03328,2024-07-28,C0056,Mary Brown,Home Office,China,Asia,Beijing,Beijing,Technology,Accessories,USB-C Hub,15206.14,12,0.0,5790.11
ORD-2022-03329,2024-05-31,C0102,James Martinez,Consumer,Germany,Europe,Bavaria,Munich,Technology,Accessories,USB-C Hub,12980.03,10,0.0,1399.45
ORD-2022-03330,2023-06-19,C0021,Elizabeth Thomas,Home Office,UK,Europe,England,London,Furniture,Chairs,Office Chair,1421.13,16,0.0,369.75
ORD-2022-03331,2023-03-16,C0074,Jessica Martinez,Corporate,France,Europe,Ile-de-France,Paris,Office Supplies,Paper,A4 Printer Paper,120.52,18,24.1,35.88
ORD-2023-03332,2023-02-25,C0076,Jennifer Miller,Home Office,Australia,Oceania,New South Wales,Sydney,Furniture,Chairs,Gaming Chair,1476.36,3,147.64,171.72
ORD-2022-03333,2024-03-18,C0005,James Martinez,Home Office,UK,Europe,England,London,Technology,Laptops,HP Spectre x360,3972.41,4,0.0,1258.84
ORD-2024-03334,2023-03-20,C0019,Michael Lopez,Home Office,China,Asia,Beijing,Beijing,Technology,Laptops,HP Spectre x360,7515.2,7,0.0,1041.74
ORD-2024-03335,2024-04-04,C0011,Patricia Hernandez,Corporate,Canada,North America,Ontario,Toronto,Furniture,Storage,File Cabinet,503.13,1,0.0,107.44
ORD-2023-03336,2022-09-12,C0143,Joseph Gonzalez,Home Office,France,Europe,Ile-de-France,Paris,Furniture,Storage,File Cabinet,2287.51,8,457.5,484.61
ORD-2024-03337,2024-06-02,C0019,Michael Lopez,Home Office,Australia,Oceania,New South Wales,Sydney,Furniture,Storage,File Cabinet,1961.68,14,0.0,475.5
ORD-2022-03338,2022-05-21,C0156,David Martinez,Corporate,UK,Europe,England,London,Technology,Accessories,Mechanical Keyboard,1464.91,1,73.25,279.61
ORD-2022-03339,2023-11-09,C0092,Barbara Jones,Home Office,China,Asia,Beijing,Beijing,Furniture,Storage,Wardrobe,3868.98,12,386.9,527.22
ORD-2024-03340,2022-04-09,C0048,Jessica Thomas,Consumer,Canada,North America,Ontario,Toronto,Office Supplies,Paper,Legal Pad,790.7,18,0.0,173.93
ORD-2024-03341,2023-07-19,C0184,Susan Martinez,Home Office,China,Asia,Beijing,Beijing,Furniture,Chairs,Gaming Chair,3331.77,19,0.0,832.42
ORD-2023-03342,2023-05-21,C0158,Richard Williams,Consumer,China,Asia,Beijing,Beijing,Technology,Accessories,Wireless Mouse,5306.86,17,0.0,2064.87
ORD-2024-03343,2022-12-11,C0079,David Gonzalez,Home Office,India,Asia,Maharashtra,Mumbai,Technology,Phones,iPhone 13,5840.69,6,292.03,1004.47
ORD-2022-03344,2022-10-15,C0106,John Rodriguez,Consumer,Germany,Europe,Bavaria,Munich,Technology,Accessories,Mechanical Keyboard,19249.98,14,3850.0,5691.82
ORD-2022-03345,2022-01-21,C0103,Richard Miller,Home Office,USA,North America,New York,New York City,Technology,Accessories,Webcam,1412.67,5,0.0,541.76
ORD-2023-03346,2024-09-10,C0179,Jennifer Thomas,Consumer,Japan,Asia,Tokyo,Tokyo,Office Supplies,Paper,A4 Printer Paper,366.7,8,36.67,50.1
ORD-2023-03347,2022-08-06,C0100,James Jones,Home Office,Germany,Europe,Bavaria,Munich,Furniture,Storage,Bookshelf,5254.02,19,0.0,737.52
ORD-2023-03348,2023-08-12,C0026,Barbara Jones,Consumer,USA,North America,Texas,Houston,Office Supplies,Paper,Sticky Notes,692.74,14,138.55,163.45
ORD-2022-03349,2023-03-27,C0113,Mary Johnson,Consumer,Australia,Oceania,Victoria,Melbourne,Technology,Phones,iPhone 13,19295.17,13,0.0,3510.73
ORD-2022-03350,2023-10-23,C0169,William Gonzalez,Consumer,UK,Europe,England,London,Office Supplies,Paper,Sticky Notes,49.68,3,0.0,19.07
ORD-2023-03351,2023-12-30,C0145,Elizabeth Brown,Home Office,Japan,Asia,Tokyo,Tokyo,Technology,Accessories,Webcam,3180.61,7,636.12,390.98
ORD-2022-03352,2022-02-23,C0160,David Williams,Consumer,USA,North America,California,Los Angeles,Office Supplies,Art,Watercolor Set,66.65,5,13.33,13.06
ORD-2023-03353,2022-08-20,C0029,William Miller,Corporate,France,Europe,Ile-de-France,Paris,Furniture,Chairs,Office Chair,5175.56,11,1035.11,1124.62
ORD-2024-03354,2024-07-16,C0167,William Anderson,Corporate,Japan,Asia,Tokyo,Tokyo,Technology,Phones,Nokia G20,7826.17,10,391.31,2287.7
ORD-2024-03355,2023-05-09,C0071,Michael Thomas,Home Office,Australia,Oceania,New South Wales,Sydney,Office Supplies,Binders,Report Cover,335.11,16,16.76,46.45
ORD-2022-03356,2022-07-18,C0099,Susan Anderson,Consumer,India,Asia,Maharashtra,Mumbai,Technology,Laptops,Dell XPS 15,607.58,2,30.38,155.86
ORD-2023-03357,2023-06-22,C0133,Richard Miller,Home Office,India,Asia,Maharashtra,Mumbai,Furniture,Storage,File Cabinet,603.37,7,0.0,182.07
ORD-2023-03358,2022-01-21,C0025,Robert Brown,Consumer,India,Asia,Maharashtra,Mumbai,Office Supplies,Binders,Report Cover,348.87,9,0.0,84.54
ORD-2022-03359,2024-09-05,C0179,Jennifer Thomas,Corporate,India,Asia,Maharashtra,Mumbai,Office Supplies,Paper,Legal Pad,573.36,12,57.34,161.78
ORD-2023-03360,2022-10-11,C0180,Joseph Wilson,Corporate,Germany,Europe,Bavaria,Munich,Technology,Accessories,USB-C Hub,10374.61,10,1037.46,2587.43
ORD-2022-03361,2023-07-21,C0050,Mary Davis,Corporate,Canada,North America,Ontario,Toronto,Office Supplies,Binders,Report Cover,89.66,9,8.97,8.82
ORD-2022-03362,2024-09-05,C0078,Mary Wilson,Home Office,Canada,North America,Ontario,Toronto,Office Supplies,Paper,Legal Pad,393.45,17,0.0,124.24
ORD-2024-03363,2024-08-23,C0125,Jennifer Davis,Home Office,Germany,Europe,Bavaria,Munich,Office Supplies,Art,Sketchbook,464.82,11,92.96,41.25
ORD-2024-03364,2023-01-24,C0040,Linda Garcia,Consumer,Canada,North America,Ontario,Toronto,Furniture,Chairs,Ergonomic Executive Chair,7613.55,16,761.36,1665.11
ORD-2022-03365,2022-04-29,C0111,Mary Miller,Consumer,China,Asia,Beijing,Beijing,Furniture,Storage,Wardrobe,3973.72,8,198.69,1285.48
ORD-2022-03366,2022-12-25,C0149,Richard Garcia,Home Office,USA,North America,Texas,Houston,Technology,Accessories,Webcam,10985.35,10,0.0,3015.76
ORD-2024-03367,2023-11-15,C0105,Barbara Hernandez,Corporate,Canada,North America,Ontario,Toronto,Office Supplies,Binders,3-Ring Binder,775.27,17,38.76,75.4
ORD-2024-03368,2023-10-05,C0099,Susan Anderson,Corporate,Germany,Europe,Bavaria,Munich,Technology,Phones,Samsung Galaxy S21,9725.13,12,972.51,1728.36
ORD-2022-03369,2022-10-19,C0124,Robert Thomas,Home Office,Japan,Asia,Tokyo,Tokyo,Technology,Laptops,Dell XPS 15,6277.39,7,313.87,1913.2
ORD-2022-03370,2022-11-24,C0160,David Williams,Home Office,Australia,Oceania,Victoria,Melbourne,Office Supplies,Binders,Report Cover,324.56,17,16.23,114.19
ORD-2024-03371,2023-08-24,C0105,Barbara Hernandez,Consumer,India,Asia,Maharashtra,Mumbai,Office Supplies,Binders,3-Ring Binder,759.66,20,151.93,237.46
ORD-2022-03372,2022-07-19,C0101,Patricia Williams,Corporate,UK,Europe,England,London,Office Supplies,Binders,3-Ring Binder,255.21,7,51.04,39.99
ORD-2022-03373,2024-05-17,C0176,Joseph Hernandez,Home Office,France,Europe,Ile-de-France,Paris,Technology,Accessories,Wireless Mouse,23817.01,17,4763.4,4776.48
ORD-2024-03374,2023-04-06,C0180,Joseph Wilson,Home Office,Australia,Oceania,Victoria,Melbourne,Office Supplies,Binders,Report Cover,120.58,4,0.0,45.81
ORD-2023-03375,2022-10-16,C0154,Richard Garcia,Home Office,France,Europe,Ile-de-France,Paris,Furniture,Tables,Coffee Table,376.67,3,75.33,37.65
ORD-2022-03376,2024-08-13,C0116,Joseph Rodriguez,Consumer,India,Asia,Maharashtra,Mumbai,Technology,Phones,Nokia G20,10457.79,14,0.0,3515.24
ORD-2022-03377,2022-12-06,C0170,Mary Smith,Consumer,UK,Europe,England,London,Technology,Accessories,Mechanical Keyboard,6706.07,5,0.0,1617.56
ORD-2022-03378,2024-09-12,C0125,Jennifer Davis,Corporate,Japan,Asia,Tokyo,Tokyo,Office Supplies,Paper,A4 Printer Paper,52.95,7,5.3,16.66
ORD-2024-03379,2022-07-09,C0080,David Rodriguez,Home Office,USA,North America,New York,New York City,Furniture,Tables,Coffee Table,2004.11,10,0.0,505.86
ORD-2022-03380,2022-04-26,C0104,Mary Jones,Consumer,Australia,Oceania,New South Wales,Sydney,Office Supplies,Art,Markers,319.0,9,15.95,86.97
ORD-2022-03381,2023-04-08,C0024,Patricia Gonzalez,Corporate,Australia,Oceania,Victoria,Melbourne,Office Supplies,Binders,Report Cover,233.75,14,46.75,49.61
ORD-2023-03382,2024-08-07,C0119,John Jones,Home Office,France,Europe,Ile-de-France,Paris,Technology,Laptops,MacBook Pro 14,1788.53,10,89.43,193.18
ORD-2022-03383,2024-08-14,C0193,Linda Williams,Corporate,France,Europe,Ile-de-France,Paris,Office Supplies,Paper,Legal Pad,160.72,4,8.04,49.54
ORD-2022-03384,2024-04-19,C0150,Elizabeth Gonzalez,Home Office,India,Asia,Maharashtra,Mumbai,Technology,Accessories,Wireless Mouse,2115.04,2,105.75,639.82
ORD-2023-03385,2023-03-13,C0025,Robert Brown,Home Office,USA,North America,Texas,Houston,Office Supplies,Binders,Expansion Folder,382.36,9,0.0,74.39
ORD-2023-03386,2024-07-10,C0022,David Smith,Home Office,France,Europe,Ile-de-France,Paris,Technology,Phones,Nokia G20,5922.78,9,0.0,2227.7
ORD-2024-03387,2023-07-26,C0039,Barbara Brown,Corporate,USA,North America,Texas,Houston,Office Supplies,Paper,Sticky Notes,295.31,13,0.0,48.01
ORD-2023-03388,2023-12-21,C0117,Michael Thomas,Consumer,UK,Europe,England,London,Office Supplies,Paper,Legal Pad,745.54,16,74.55,143.1
ORD-2024-03389,2024-04-23,C0086,Jennifer Gonzalez,Corporate,Australia,Oceania,Victoria,Melbourne,Furniture,Chairs,Office Chair,3128.11,13,0.0,780.7
ORD-2022-03390,2023-09-09,C0042,James Davis,Home Office,France,Europe,Ile-de-France,Paris,Technology,Phones,iPhone 13,3318.44,7,0.0,1225.22
ORD-2024-03391,2023-01-14,C0046,Barbara Davis,Corporate,Australia,Oceania,New South Wales,Sydney,Office Supplies,Paper,Cardstock,426.76,12,42.68,53.36
ORD-2024-03392,2023-08-01,C0123,Susan Garcia,Home Office,India,Asia,Maharashtra,Mumbai,Office Supplies,Art,Sketchbook,149.67,5,29.93,39.57
ORD-2023-03393,2023-09-07,C0156,David Martinez,Consumer,Australia,Oceania,New South Wales,Sydney,Technology,Phones,Samsung Galaxy S21,20770.02,14,0.0,2712.2
ORD-2024-03394,2023-02-23,C0125,Jennifer Davis,Home Office,India,Asia,Maharashtra,Mumbai,Furniture,Storage,Bookshelf,5333.18,20,0.0,1926.05
ORD-2024-03395,2024-03-09,C0167,William Anderson,Home Office,USA,North America,Texas,Houston,Office Supplies,Paper,A4 Printer Paper,307.16,17,15.36,54.83
ORD-2023-03396,2022-12-31,C0055,John Jones,Consumer,UK,Europe,England,London,Office Supplies,Binders,Report Cover,34.41,1,0.0,9.99
ORD-2022-03397,2022-08-05,C0028,William Thomas,Consumer,China,Asia,Beijing,Beijing,Furniture,Storage,File Cabinet,6732.37,19,336.62,1408.92
ORD-2024-03398,2024-08-29,C0023,Jennifer Gonzalez,Corporate,China,Asia,Beijing,Beijing,Office Supplies,Paper,Sticky Notes,105.94,4,21.19,32.97
ORD-2023-03399,2022-10-24,C0146,Mary Gonzalez,Home Office,USA,North America,New York,New York City,Technology,Accessories,Webcam,6078.0,6,303.9,755.86
ORD-2024-03400,2023-05-22,C0072,Richard Jones,Corporate,Japan,Asia,Tokyo,Tokyo,Technology,Accessories,Webcam,2333.85,16,466.77,593.85
ORD-2022-03401,2024-09-20,C0031,Robert Garcia,Consumer,USA,North America,Texas,Houston,Technology,Phones,Nokia G20,6392.91,7,0.0,1086.16
ORD-2023-03402,2022-08-25,C0161,Michael Jones,Consumer,USA,North America,New York,New York City,Technology,Laptops,MacBook Pro 14,292.7,1,0.0,113.48
ORD-2022-03403,2022-01-06,C0026,Barbara Jones,Corporate,France,Europe,Ile-de-France,Paris,Technology,Laptops,Dell XPS 15,4756.52,4,475.65,1467.43
ORD-2023-03404,2022-01-10,C0185,Richard Anderson,Consumer,Australia,Oceania,New South Wales,Sydney,Furniture,Chairs,Stool,391.97,4,39.2,44.35
ORD-2024-03405,2022-06-08,C0176,Joseph Hernandez,Consumer,UK,Europe,England,London,Furniture,Chairs,Ergonomic Executive Chair,5386.56,10,0.0,1946.01
ORD-2022-03406,2022-08-16,C0022,David Smith,Corporate,Australia,Oceania,New South Wales,Sydney,Technology,Accessories,USB-C Hub,8741.68,9,0.0,1644.31
ORD-2024-03407,2022-12-23,C0158,Richard Williams,Corporate,China,Asia,Beijing,Beijing,Technology,Accessories,Mechanical Keyboard,2896.89,12,144.84,775.71
ORD-2022-03408,2022-06-23,C0033,Joseph Johnson,Home Office,Germany,Europe,Bavaria,Munich,Technology,Laptops,HP Spectre x360,16620.86,12,0.0,1988.98
ORD-2022-03409,2023-03-18,C0147,John Hernandez,Home Office,Canada,North America,Ontario,Toronto,Furniture,Chairs,Gaming Chair,1031.67,5,0.0,366.01
ORD-2022-03410,2024-08-14,C0084,Barbara Wilson,Corporate,USA,North America,California,Los Angeles,Furniture,Storage,Bookshelf,3579.43,15,357.94,1090.43
ORD-2023-03411,2022-05-20,C0050,Mary Davis,Home Office,USA,North America,New York,New York City,Furniture,Tables,Coffee Table,3779.71,8,755.94,1020.02
ORD-2024-03412,2024-02-24,C0077,James Davis,Consumer,Japan,Asia,Tokyo,Tokyo,Office Supplies,Art,Sketchbook,235.46,17,0.0,40.25
ORD-2022-03413,2022-02-22,C0020,Michael Williams,Corporate,Germany,Europe,Bavaria,Munich,Technology,Accessories,Webcam,315.0,1,0.0,111.83
ORD-2022-03414,2022-04-09,C0063,Michael Anderson,Corporate,USA,North America,California,Los Angeles,Technology,Accessories,Webcam,27128.63,20,5425.73,8019.28
ORD-2022-03415,2022-03-13,C0107,James Garcia,Consumer,Australia,Oceania,Victoria,Melbourne,Technology,Accessories,Wireless Mouse,2066.61,2,103.33,633.52
ORD-2024-03416,2024-06-15,C0003,John Brown,Corporate,Germany,Europe,Bavaria,Munich,Technology,Accessories,USB-C Hub,4268.94,10,213.45,1088.64
ORD-2023-03417,2022-03-03,C0047,Mary Thomas,Home Office,Australia,Oceania,New South Wales,Sydney,Technology,Accessories,Webcam,15370.13,15,0.0,3678.82
ORD-2022-03418,2023-12-06,C0111,Mary Miller,Consumer,France,Europe,Ile-de-France,Paris,Office Supplies,Binders,Report Cover,321.19,8,64.24,98.71
ORD-2023-03419,2024-03-31,C0017,William Thomas,Home Office,Canada,North America,Ontario,Toronto,Technology,Accessories,USB-C Hub,8201.84,14,820.18,1516.8
ORD-2024-03420,2024-01-26,C0198,Joseph Martinez,Corporate,China,Asia,Beijing,Beijing,Furniture,Chairs,Gaming Chair,1154.86,3,230.97,114.25
ORD-2023-03421,2024-05-04,C0153,John Thomas,Corporate,Australia,Oceania,Victoria,Melbourne,Technology,Laptops,Lenovo ThinkPad,442.59,1,0.0,154.66
ORD-2022-03422,2022-06-15,C0160,David Williams,Corporate,USA,North America,New York,New York City,Furniture,Chairs,Gaming Chair,8254.54,17,0.0,2323.64
ORD-2023-03423,2022-01-27,C0166,William Thomas,Corporate,USA,North America,Texas,Houston,Furniture,Tables,Conference Table,847.76,11,0.0,205.4
ORD-2023-03424,2024-06-10,C0021,Elizabeth Thomas,Home Office,Canada,North America,Ontario,Toronto,Furniture,Storage,Bookshelf,388.28,3,0.0,67.18
ORD-2022-03425,2023-11-22,C0195,William Hernandez,Home Office,France,Europe,Ile-de-France,Paris,Office Supplies,Art,Markers,724.85,16,0.0,206.66
ORD-2022-03426,2024-04-06,C0114,Mary Lopez,Home Office,India,Asia,Maharashtra,Mumbai,Office Supplies,Art,Sketchbook,944.83,20,188.97,184.35
ORD-2022-03427,2023-10-26,C0179,Jennifer Thomas,Home Office,India,Asia,Maharashtra,Mumbai,Furniture,Tables,Dining Table,9398.8,20,1879.76,1315.38
ORD-2022-03428,2022-10-26,C0025,Robert Brown,Corporate,France,Europe,Ile-de-France,Paris,Furniture,Tables,Coffee Table,5725.03,17,572.5,1614.55
ORD-2024-03429,2023-01-11,C0024,Patricia Gonzalez,Consumer,China,Asia,Beijing,Beijing,Furniture,Storage,Wardrobe,8723.99,17,872.4,2172.86
ORD-2022-03430,2024-04-08,C0070,Jessica Anderson,Consumer,USA,North America,California,Los Angeles,Office Supplies,Paper,Sticky Notes,39.51,5,7.9,11.35
ORD-2024-03431,2024-08-29,C0106,John Rodriguez,Corporate,Australia,Oceania,Victoria,Melbourne,Office Supplies,Binders,Expansion Folder,457.06,19,22.85,161.03
ORD-2022-03432,2022-04-30,C0190,Jessica Wilson,Corporate,China,Asia,Beijing,Beijing,Office Supplies,Art,Markers,555.33,13,111.07,133.81
ORD-2023-03433,2023-06-29,C0119,John Jones,Home Office,Japan,Asia,Tokyo,Tokyo,Furniture,Chairs,Gaming Chair,2263.9,4,226.39,318.06
ORD-2023-03434,2023-06-03,C0105,Barbara Hernandez,Consumer,Germany,Europe,Bavaria,Munich,Furniture,Chairs,Gaming Chair,7083.78,13,0.0,1747.59
ORD-2022-03435,2022-08-14,C0089,Richard Williams,Consumer,Canada,North America,Ontario,Toronto,Office Supplies,Paper,Sticky Notes,128.58,4,6.43,15.92
ORD-2022-03436,2024-09-07,C0015,David Williams,Corporate,India,Asia,Maharashtra,Mumbai,Technology,Laptops,MacBook Pro 14,8824.83,7,0.0,1793.04
ORD-2023-03437,2022-05-20,C0177,Joseph Miller,Corporate,Australia,Oceania,New South Wales,Sydney,Furniture,Tables,Coffee Table,11027.34,19,2205.47,1875.09
ORD-2024-03438,2023-06-24,C0187,Joseph Rodriguez,Home Office,China,Asia,Beijing,Beijing,Office Supplies,Binders,3-Ring Binder,169.13,8,0.0,20.1
ORD-2022-03439,2022-12-05,C0079,David Gonzalez,Home Office,Canada,North America,Ontario,Toronto,Office Supplies,Art,Markers,265.31,7,53.06,46.88
ORD-2022-03440,2023-08-19,C0086,Jennifer Gonzalez,Home Office,Japan,Asia,Tokyo,Tokyo,Technology,Laptops,Lenovo ThinkPad,6896.5,9,1379.3,1796.44
ORD-2024-03441,2024-02-04,C0070,Jessica Anderson,Consumer,China,Asia,Beijing,Beijing,Furniture,Storage,Bookshelf,2305.55,4,230.56,227.5
ORD-2022-03442,2023-07-15,C0022,David Smith,Consumer,China,Asia,Beijing,Beijing,Furniture,Chairs,Gaming Chair,8648.65,15,0.0,2692.21
ORD-2024-03443,2022-02-08,C0185,Richard Anderson,Home Office,China,Asia,Beijing,Beijing,Office Supplies,Art,Watercolor Set,381.89,13,76.38,88.09
ORD-2023-03444,2024-06-09,C0015,David Williams,Home Office,Australia,Oceania,New South Wales,Sydney,Technology,Accessories,Wireless Mouse,8893.01,7,889.3,952.63
ORD-2023-03445,2023-08-08,C0060,Joseph Miller,Corporate,Australia,Oceania,Victoria,Melbourne,Technology,Phones,Pixel 6,2988.11,5,298.81,591.72
ORD-2024-03446,2022-03-13,C0033,Joseph Johnson,Home Office,USA,North America,Texas,Houston,Office Supplies,Art,Markers,978.1,20,195.62,278.93
ORD-2024-03447,2023-10-24,C0102,James Martinez,Corporate,Germany,Europe,Bavaria,Munich,Office Supplies,Binders,Expansion Folder,745.54,17,0.0,123.6
ORD-2023-03448,2024-09-11,C0184,Susan Martinez,Consumer,Germany,Europe,Bavaria,Munich,Furniture,Tables,Study Desk,3160.22,12,316.02,1060.65
ORD-2022-03449,2022-05-31,C0022,David Smith,Home Office,Germany,Europe,Bavaria,Munich,Office Supplies,Binders,Expansion Folder,87.94,4,4.4,16.35
ORD-2023-03450,2022-04-21,C0185,Richard Anderson,Corporate,Canada,North America,Ontario,Toronto,Technology,Accessories,USB-C Hub,14844.62,18,1484.46,1489.47
ORD-2023-03451,2022-03-18,C0188,Patricia Wilson,Home Office,Japan,Asia,Tokyo,Tokyo,Furniture,Storage,Wardrobe,3530.27,14,0.0,1339.3
ORD-2024-03452,2022-12-30,C0185,Richard Anderson,Corporate,Japan,Asia,Tokyo,Tokyo,Technology,Laptops,MacBook Pro 14,9763.42,9,488.17,1196.5
ORD-2024-03453,2024-05-31,C0184,Susan Martinez,Corporate,Germany,Europe,Bavaria,Munich,Technology,Phones,iPhone 13,3108.5,6,0.0,847.51
ORD-2023-03454,2022-01-26,C0028,William Thomas,Home Office,Australia,Oceania,New South Wales,Sydney,Furniture,Chairs,Office Chair,4874.83,10,0.0,620.79
ORD-2023-03455,2024-04-01,C0034,David Wilson,Consumer,India,Asia,Maharashtra,Mumbai,Office Supplies,Paper,Sticky Notes,84.49,14,4.22,28.07
ORD-2023-03456,2023-10-15,C0100,James Jones,Consumer,India,Asia,Maharashtra,Mumbai,Office Supplies,Art,Watercolor Set,307.95,14,30.8,57.12
ORD-2024-03457,2022-09-26,C0045,Jessica Smith,Consumer,France,Europe,Ile-de-France,Paris,Office Supplies,Binders,3-Ring Binder,65.8,8,3.29,19.38
ORD-2023-03458,2024-08-10,C0005,James Martinez,Home Office,Australia,Oceania,New South Wales,Sydney,Technology,Phones,Nokia G20,1706.68,3,0.0,341.46
ORD-2024-03459,2023-08-08,C0111,Mary Miller,Consumer,Australia,Oceania,New South Wales,Sydney,Office Supplies,Art,Watercolor Set,197.23,20,0.0,52.26
ORD-2024-03460,2024-02-15,C0071,Michael Thomas,Consumer,USA,North America,New York,New York City,Office Supplies,Art,Watercolor Set,821.27,20,0.0,111.22
ORD-2022-03461,2022-09-14,C0126,Linda Johnson,Corporate,USA,North America,New York,New York City,Office Supplies,Binders,Expansion Folder,61.78,12,3.09,23.35
ORD-2023-03462,2022-06-20,C0132,John Smith,Home Office,Germany,Europe,Bavaria,Munich,Office Supplies,Binders,3-Ring Binder,15.26,1,0.76,4.71
ORD-2023-03463,2023-08-17,C0007,David Williams,Consumer,UK,Europe,England,London,Furniture,Storage,Wardrobe,1466.43,3,0.0,150.18
ORD-2024-03464,2022-12-28,C0006,John Martinez,Home Office,Australia,Oceania,Victoria,Melbourne,Office Supplies,Paper,A4 Printer Paper,902.79,19,0.0,109.87
ORD-2024-03465,2024-02-10,C0008,Jennifer Anderson,Corporate,UK,Europe,England,London,Furniture,Storage,Wardrobe,628.16,3,0.0,184.03
ORD-2022-03466,2022-06-15,C0151,Robert Brown,Home Office,Germany,Europe,Bavaria,Munich,Furniture,Storage,Wardrobe,1712.85,4,0.0,536.44
ORD-2022-03467,2023-02-04,C0191,Jessica Brown,Consumer,USA,North America,Texas,Houston,Office Supplies,Binders,Expansion Folder,90.67,4,4.53,17.11
ORD-2024-03468,2024-05-16,C0059,Jessica Thomas,Home Office,Australia,Oceania,New South Wales,Sydney,Office Supplies,Art,Markers,591.02,18,0.0,164.53
ORD-2023-03469,2023-06-28,C0043,Elizabeth Williams,Consumer,USA,North America,Texas,Houston,Technology,Phones,Pixel 6,13228.92,13,1322.89,2174.31
ORD-2023-03470,2024-02-10,C0076,Jennifer Miller,Home Office,USA,North America,California,Los Angeles,Furniture,Storage,Bookshelf,2357.77,4,0.0,895.42
ORD-2022-03471,2024-07-02,C0077,James Davis,Consumer,India,Asia,Maharashtra,Mumbai,Office Supplies,Paper,Sticky Notes,362.8,11,72.56,107.62
ORD-2024-03472,2024-02-10,C0166,William Thomas,Consumer,Australia,Oceania,New South Wales,Sydney,Furniture,Chairs,Ergonomic Executive Chair,3577.55,9,0.0,426.91
ORD-2024-03473,2023-11-05,C0102,James Martinez,Home Office,China,Asia,Beijing,Beijing,Furniture,Chairs,Ergonomic Executive Chair,3696.64,10,0.0,1341.76
ORD-2022-03474,2024-06-06,C0102,James Martinez,Corporate,UK,Europe,England,London,Office Supplies,Binders,Report Cover,45.53,1,0.0,6.42
ORD-2022-03475,2023-05-26,C0160,David Williams,Consumer,UK,Europe,England,London,Office Supplies,Paper,Cardstock,650.68,19,0.0,87.24
ORD-2024-03476,2023-10-12,C0036,Joseph Johnson,Home Office,India,Asia,Maharashtra,Mumbai,Furniture,Chairs,Stool,653.2,2,0.0,126.71
ORD-2023-03477,2023-11-01,C0119,John Jones,Home Office,USA,North America,Texas,Houston,Technology,Accessories,USB-C Hub,6200.26,8,620.03,1052.85
ORD-2024-03478,2023-03-31,C0116,Joseph Rodriguez,Home Office,France,Europe,Ile-de-France,Paris,Furniture,Storage,Wardrobe,8213.61,15,0.0,2310.99
ORD-2024-03479,2022-05-10,C0065,Barbara Williams,Corporate,Australia,Oceania,Victoria,Melbourne,Office Supplies,Binders,3-Ring Binder,323.56,18,0.0,78.09
ORD-2024-03480,2023-03-25,C0180,Joseph Wilson,Consumer,China,Asia,Beijing,Beijing,Furniture,Tables,Study Desk,1931.02,5,386.2,359.52
ORD-2024-03481,2024-02-04,C0177,Joseph Miller,Corporate,France,Europe,Ile-de-France,Paris,Office Supplies,Art,Markers,54.03,5,0.0,19.59
ORD-2022-03482,2022-03-31,C0186,Robert Johnson,Consumer,Australia,Oceania,Victoria,Melbourne,Office Supplies,Art,Markers,388.47,20,19.42,107.5
ORD-2023-03483,2023-07-21,C0041,Patricia Wilson,Home Office,Australia,Oceania,New South Wales,Sydney,Office Supplies,Binders,Report Cover,105.18,3,0.0,14.5
ORD-2023-03484,2024-03-11,C0039,Barbara Brown,Consumer,Canada,North America,Ontario,Toronto,Technology,Phones,iPhone 13,6200.08,5,310.0,2304.94
ORD-2023-03485,2022-06-27,C0051,Jennifer Johnson,Consumer,Japan,Asia,Tokyo,Tokyo,Furniture,Chairs,Gaming Chair,1621.54,7,81.08,502.88
ORD-2023-03486,2024-04-11,C0023,Jennifer Gonzalez,Home Office,Japan,Asia,Tokyo,Tokyo,Office Supplies,Art,Sketchbook,75.95,2,0.0,8.92
ORD-2022-03487,2023-03-29,C0146,Mary Gonzalez,Home Office,UK,Europe,England,London,Furniture,Chairs,Stool,4029.09,17,0.0,1469.13
ORD-2023-03488,2022-06-04,C0098,Susan Gonzalez,Corporate,Germany,Europe,Bavaria,Munich,Office Supplies,Binders,3-Ring Binder,527.17,17,26.36,174.92
ORD-2022-03489,2024-08-12,C0073,Elizabeth Smith,Corporate,Australia,Oceania,Victoria,Melbourne,Furniture,Tables,Dining Table,2168.91,4,433.78,667.0
ORD-2022-03490,2023-09-27,C0108,John Miller,Consumer,Australia,Oceania,New South Wales,Sydney,Office Supplies,Binders,Report Cover,902.85,19,180.57,205.1
ORD-2022-03491,2022-12-28,C0166,William Thomas,Consumer,USA,North America,New York,New York City,Office Supplies,Art,Markers,310.2,14,15.51,33.18
ORD-2022-03492,2024-09-05,C0066,Richard Williams,Corporate,USA,North America,Texas,Houston,Technology,Phones,iPhone 13,9453.95,7,1890.79,1932.61
ORD-2023-03493,2023-11-12,C0145,Elizabeth Brown,Home Office,UK,Europe,England,London,Furniture,Tables,Coffee Table,6801.95,15,340.1,923.12
ORD-2023-03494,2024-04-10,C0195,William Hernandez,Consumer,USA,North America,New York,New York City,Office Supplies,Paper,Sticky Notes,83.17,2,16.63,19.06
ORD-2024-03495,2022-04-21,C0131,John Brown,Consumer,Japan,Asia,Tokyo,Tokyo,Technology,Laptops,HP Spectre x360,1312.94,4,0.0,349.65
ORD-2024-03496,2022-07-25,C0004,Jessica Davis,Corporate,USA,North America,New York,New York City,Technology,Accessories,Webcam,458.77,4,91.75,68.08
ORD-2022-03497,2022-11-22,C0056,Mary Brown,Home Office,China,Asia,Beijing,Beijing,Furniture,Chairs,Stool,4479.71,11,447.97,1528.57
ORD-2024-03498,2022-05-26,C0002,Susan Martinez,Corporate,USA,North America,Texas,Houston,Technology,Accessories,Wireless Mouse,19865.32,15,0.0,7317.67
ORD-2024-03499,2023-03-17,C0044,Richard Miller,Corporate,Japan,Asia,Tokyo,Tokyo,Furniture,Storage,Bookshelf,1123.5,2,0.0,186.09
ORD-2022-03500,2022-12-07,C0125,Jennifer Davis,Consumer,Germany,Europe,Bavaria,Munich,Technology,Laptops,Lenovo ThinkPad,3083.57,8,616.71,475.83
ORD-2022-03501,2024-08-28,C0191,Jessica Brown,Corporate,Japan,Asia,Tokyo,Tokyo,Technology,Laptops,Lenovo ThinkPad,4131.75,10,826.35,748.73
ORD-2024-03502,2024-03-18,C0155,Barbara Anderson,Home Office,USA,North America,New York,New York City,Technology,Phones,Samsung Galaxy S21,1077.83,2,0.0,425.05
ORD-2024-03503,2022-06-23,C0200,Elizabeth Martinez,Home Office,India,Asia,Maharashtra,Mumbai,Office Supplies,Art,Markers,131.57,7,0.0,31.16
ORD-2022-03504,2024-03-13,C0190,Jessica Wilson,Consumer,Australia,Oceania,New South Wales,Sydney,Technology,Phones,Pixel 6,5380.88,6,0.0,964.51
ORD-2022-03505,2022-09-20,C0153,John Thomas,Corporate,France,Europe,Ile-de-France,Paris,Office Supplies,Paper,Sticky Notes,126.66,4,12.67,28.04
ORD-2024-03506,2022-07-08,C0022,David Smith,Corporate,Japan,Asia,Tokyo,Tokyo,Technology,Laptops,Dell XPS 15,16457.26,14,0.0,5208.03
ORD-2024-03507,2022-12-26,C0115,Mary Wilson,Corporate,Japan,Asia,Tokyo,Tokyo,Office Supplies,Art,Markers,293.33,15,29.33,74.87
ORD-2022-03508,2023-12-31,C0017,William Thomas,Home Office,China,Asia,Beijing,Beijing,Technology,Laptops,Lenovo ThinkPad,3932.81,17,786.56,1126.4
ORD-2024-03509,2024-06-02,C0168,Patricia Hernandez,Corporate,UK,Europe,England,London,Technology,Accessories,USB-C Hub,673.69,3,0.0,142.64
ORD-2022-03510,2022-07-17,C0085,Elizabeth Smith,Corporate,UK,Europe,England,London,Furniture,Chairs,Office Chair,1349.29,7,269.86,142.56
ORD-2023-03511,2022-01-28,C0167,William Anderson,Corporate,Australia,Oceania,New South Wales,Sydney,Technology,Accessories,Wireless Mouse,921.42,1,184.28,223.5
ORD-2022-03512,2022-10-27,C0126,Linda Johnson,Home Office,Australia,Oceania,Victoria,Melbourne,Furniture,Chairs,Gaming Chair,6544.82,14,0.0,2283.64
ORD-2023-03513,2022-01-18,C0041,Patricia Wilson,Consumer,Australia,Oceania,New South Wales,Sydney,Technology,Phones,Nokia G20,8572.53,10,1714.51,1520.86
ORD-2024-03514,2022-05-14,C0137,Susan Johnson,Home Office,China,Asia,Beijing,Beijing,Technology,Laptops,Dell XPS 15,14578.69,11,0.0,4387.16
ORD-2022-03515,2024-02-02,C0067,Susan Thomas,Home Office,UK,Europe,England,London,Office Supplies,Binders,3-Ring Binder,497.16,19,99.43,58.79
ORD-2024-03516,2022-02-28,C0067,Susan Thomas,Corporate,France,Europe,Ile-de-France,Paris,Office Supplies,Paper,Legal Pad,251.23,13,50.25,78.1
ORD-2023-03517,2022-07-27,C0040,Linda Garcia,Consumer,Japan,Asia,Tokyo,Tokyo,Furniture,Tables,Coffee Table,2285.52,16,114.28,672.93
ORD-2023-03518,2024-07-05,C0151,Robert Brown,Consumer,Japan,Asia,Tokyo,Tokyo,Office Supplies,Paper,Legal Pad,169.76,5,0.0,19.36
ORD-2022-03519,2023-02-22,C0152,Jessica Anderson,Consumer,Australia,Oceania,Victoria,Melbourne,Furniture,Storage,Bookshelf,2110.44,20,105.52,605.02
ORD-2024-03520,2024-04-29,C0035,Jessica Johnson,Home Office,USA,North America,Texas,Houston,Furniture,Tables,Study Desk,1569.49,3,156.95,248.46
ORD-2023-03521,2022-04-05,C0056,Mary Brown,Home Office,Germany,Europe,Bavaria,Munich,Office Supplies,Paper,Sticky Notes,25.37,4,5.07,4.83
ORD-2022-03522,2022-11-09,C0118,Mary Hernandez,Corporate,China,Asia,Beijing,Beijing,Office Supplies,Binders,Report Cover,684.93,18,136.99,199.31
ORD-2023-03523,2024-09-16,C0003,John Brown,Corporate,USA,North America,California,Los Angeles,Office Supplies,Art,Markers,465.13,11,23.26,88.72
ORD-2024-03524,2022-10-25,C0138,Mary Martinez,Consumer,USA,North America,California,Los Angeles,Furniture,Chairs,Office Chair,4431.6,8,886.32,1271.65
ORD-2023-03525,2023-11-06,C0020,Michael Williams,Corporate,UK,Europe,England,London,Technology,Phones,Nokia G20,11572.42,15,0.0,1845.07
ORD-2023-03526,2022-05-13,C0089,Richard Williams,Consumer,USA,North America,California,Los Angeles,Technology,Accessories,Wireless Mouse,2705.12,13,270.51,818.81
ORD-2022-03527,2022-12-07,C0165,Robert Williams,Corporate,France,Europe,Ile-de-France,Paris,Furniture,Storage,Wardrobe,4119.92,11,823.98,1204.08
ORD-2024-03528,2022-03-14,C0146,Mary Gonzalez,Corporate,Australia,Oceania,New South Wales,Sydney,Furniture,Chairs,Stool,2889.99,7,289.0,797.22
ORD-2022-03529,2022-05-29,C0083,James Jones,Corporate,USA,North America,California,Los Angeles,Technology,Phones,iPhone 13,15656.02,12,0.0,3958.18
ORD-2024-03530,2022-10-20,C0052,David Miller,Home Office,China,Asia,Beijing,Beijing,Technology,Accessories,USB-C Hub,14320.28,15,716.01,2746.3
ORD-2022-03531,2024-03-27,C0150,Elizabeth Gonzalez,Consumer,China,Asia,Beijing,Beijing,Office Supplies,Binders,Report Cover,22.71,3,1.14,2.72
ORD-2023-03532,2023-12-19,C0066,Richard Williams,Corporate,USA,North America,New York,New York City,Furniture,Tables,Coffee Table,7393.67,13,0.0,1940.75
ORD-2023-03533,2022-07-26,C0145,Elizabeth Brown,Consumer,Australia,Oceania,New South Wales,Sydney,Furniture,Storage,Wardrobe,339.16,2,0.0,41.59
ORD-2024-03534,2024-02-23,C0054,Patricia Johnson,Home Office,China,Asia,Beijing,Beijing,Office Supplies,Binders,3-Ring Binder,65.43,2,6.54,19.17
ORD-2024-03535,2022-08-09,C0098,Susan Gonzalez,Corporate,UK,Europe,England,London,Furniture,Chairs,Ergonomic Executive Chair,1061.14,4,0.0,263.42
ORD-2024-03536,2023-03-24,C0166,William Thomas,Consumer,Japan,Asia,Tokyo,Tokyo,Office Supplies,Paper,A4 Printer Paper,641.3,18,32.06,74.98
ORD-2022-03537,2023-06-02,C0149,Richard Garcia,Corporate,Japan,Asia,Tokyo,Tokyo,Furniture,Storage,Wardrobe,1094.93,7,218.99,143.78
ORD-2024-03538,2024-06-25,C0021,Elizabeth Thomas,Consumer,Australia,Oceania,Victoria,Melbourne,Technology,Laptops,Dell XPS 15,2361.29,5,0.0,880.97
ORD-2023-03539,2024-04-03,C0145,Elizabeth Brown,Corporate,UK,Europe,England,London,Office Supplies,Art,Watercolor Set,882.5,18,176.5,188.96
ORD-2023-03540,2024-03-01,C0199,Jessica Smith,Home Office,USA,North America,California,Los Angeles,Office Supplies,Paper,A4 Printer Paper,117.94,13,0.0,21.01
ORD-2024-03541,2022-09-23,C0132,John Smith,Corporate,Germany,Europe,Bavaria,Munich,Furniture,Tables,Dining Table,1036.32,3,0.0,240.57
ORD-2023-03542,2023-04-13,C0181,William Thomas,Corporate,Germany,Europe,Bavaria,Munich,Furniture,Chairs,Ergonomic Executive Chair,910.27,2,91.03,230.21
ORD-2024-03543,2023-02-16,C0069,Mary Jones,Home Office,Germany,Europe,Bavaria,Munich,Technology,Accessories,USB-C Hub,2886.52,5,144.33,401.29
ORD-2023-03544,2022-03-11,C0016,James Lopez,Consumer,Australia,Oceania,Victoria,Melbourne,Office Supplies,Art,Watercolor Set,499.13,12,24.96,125.27
ORD-2022-03545,2023-03-20,C0067,Susan Thomas,Corporate,Germany,Europe,Bavaria,Munich,Technology,Accessories,Mechanical Keyboard,7470.44,5,0.0,2812.04
ORD-2023-03546,2023-12-05,C0162,James Rodriguez,Consumer,France,Europe,Ile-de-France,Paris,Technology,Phones,iPhone 13,8270.1,6,413.51,2205.68
ORD-2023-03547,2024-03-20,C0111,Mary Miller,Home Office,Japan,Asia,Tokyo,Tokyo,Office Supplies,Binders,Expansion Folder,90.76,12,9.08,23.68
ORD-2024-03548,2022-05-06,C0008,Jennifer Anderson,Consumer,Australia,Oceania,New South Wales,Sydney,Office Supplies,Paper,A4 Printer Paper,51.56,2,0.0,10.07
ORD-2024-03549,2023-07-03,C0094,Linda Garcia,Home Office,USA,North America,Texas,Houston,Office Supplies,Paper,Sticky Notes,94.95,4,9.5,17.9
ORD-2022-03550,2024-09-03,C0166,William Thomas,Corporate,USA,North America,Texas,Houston,Technology,Accessories,Mechanical Keyboard,511.36,1,25.57,60.97
ORD-2022-03551,2023-07-18,C0107,James Garcia,Home Office,Australia,Oceania,Victoria,Melbourne,Furniture,Chairs,Stool,3041.48,6,0.0,1091.26
ORD-2024-03552,2023-08-11,C0041,Patricia Wilson,Consumer,Germany,Europe,Bavaria,Munich,Office Supplies,Art,Watercolor Set,127.63,8,0.0,43.79
ORD-2022-03553,2023-05-19,C0171,Joseph Brown,Corporate,Germany,Europe,Bavaria,Munich,Office Supplies,Paper,Sticky Notes,265.85,6,53.17,64.94
ORD-2022-03554,2023-01-08,C0155,Barbara Anderson,Corporate,UK,Europe,England,London,Technology,Phones,Nokia G20,1959.85,4,391.97,180.68
ORD-2024-03555,2023-02-02,C0088,Elizabeth Brown,Corporate,USA,North America,California,Los Angeles,Office Supplies,Paper,Cardstock,386.41,12,77.28,52.14
ORD-2024-03556,2024-02-11,C0160,David Williams,Corporate,Australia,Oceania,Victoria,Melbourne,Technology,Laptops,MacBook Pro 14,4148.64,6,0.0,736.26
ORD-2022-03557,2022-02-13,C0046,Barbara Davis,Consumer,UK,Europe,England,London,Office Supplies,Paper,Cardstock,138.29,17,0.0,42.22
ORD-2023-03558,2023-02-21,C0180,Joseph Wilson,Consumer,India,Asia,Maharashtra,Mumbai,Office Supplies,Paper,Legal Pad,202.15,8,10.11,22.23
ORD-2023-03559,2023-08-31,C0021,Elizabeth Thomas,Consumer,China,Asia,Beijing,Beijing,Technology,Accessories,Wireless Mouse,15602.41,12,780.12,4399.09
ORD-2023-03560,2023-05-03,C0029,William Miller,Corporate,Australia,Oceania,Victoria,Melbourne,Office Supplies,Paper,A4 Printer Paper,530.02,12,106.0,62.79
ORD-2023-03561,2023-08-13,C0075,James Davis,Corporate,Germany,Europe,Bavaria,Munich,Furniture,Chairs,Office Chair,2635.8,6,0.0,889.31
ORD-2023-03562,2024-08-14,C0197,Richard Wilson,Consumer,USA,North America,Texas,Houston,Office Supplies,Art,Markers,310.57,16,31.06,75.45
ORD-2022-03563,2022-11-08,C0150,Elizabeth Gonzalez,Corporate,France,Europe,Ile-de-France,Paris,Furniture,Storage,Bookshelf,6270.07,12,313.5,663.4
ORD-2022-03564,2022-03-10,C0097,Jessica Garcia,Corporate,UK,Europe,England,London,Technology,Phones,iPhone 13,1273.76,1,127.38,284.11
ORD-2024-03565,2024-09-08,C0092,Barbara Jones,Corporate,UK,Europe,England,London,Technology,Laptops,HP Spectre x360,17796.29,17,0.0,5841.36
ORD-2024-03566,2024-04-17,C0034,David Wilson,Consumer,Canada,North America,Ontario,Toronto,Technology,Phones,Nokia G20,5451.49,16,272.57,1587.74
ORD-2022-03567,2022-12-01,C0035,Jessica Johnson,Home Office,Canada,North America,Ontario,Toronto,Office Supplies,Binders,Report Cover,63.82,7,0.0,19.29
ORD-2022-03568,2023-07-24,C0164,Robert Williams,Consumer,Canada,North America,Ontario,Toronto,Furniture,Chairs,Gaming Chair,378.92,3,18.95,121.89
ORD-2024-03569,2023-11-04,C0056,Mary Brown,Home Office,USA,North America,Texas,Houston,Technology,Laptops,Lenovo ThinkPad,17864.99,20,893.25,3157.54
ORD-2023-03570,2023-01-19,C0120,Jessica Martinez,Consumer,Australia,Oceania,New South Wales,Sydney,Technology,Laptops,MacBook Pro 14,4014.77,6,802.95,580.41
ORD-2023-03571,2022-03-27,C0036,Joseph Johnson,Consumer,India,Asia,Maharashtra,Mumbai,Furniture,Chairs,Gaming Chair,207.56,2,20.76,53.26
ORD-2022-03572,2024-05-23,C0115,Mary Wilson,Home Office,India,Asia,Maharashtra,Mumbai,Furniture,Tables,Study Desk,1062.03,3,0.0,280.62
ORD-2022-03573,2023-02-16,C0130,Mary Johnson,Consumer,USA,North America,California,Los Angeles,Office Supplies,Art,Watercolor Set,260.04,17,52.01,39.22
ORD-2024-03574,2023-10-30,C0104,Mary Jones,Corporate,UK,Europe,England,London,Furniture,Storage,Wardrobe,105.92,1,0.0,19.32
ORD-2024-03575,2024-04-08,C0191,Jessica Brown,Corporate,France,Europe,Ile-de-France,Paris,Technology,Accessories,Mechanical Keyboard,10039.16,7,501.96,2027.35
ORD-2024-03576,2024-03-02,C0129,Elizabeth Johnson,Corporate,India,Asia,Maharashtra,Mumbai,Furniture,Chairs,Office Chair,2131.14,8,426.23,637.35
ORD-2023-03577,2023-11-10,C0124,Robert Thomas,Home Office,India,Asia,Maharashtra,Mumbai,Office Supplies,Binders,Report Cover,126.74,11,25.35,23.43
ORD-2024-03578,2022-10-31,C0008,Jennifer Anderson,Home Office,UK,Europe,England,London,Technology,Laptops,Lenovo ThinkPad,8075.54,20,1615.11,1238.06
ORD-2022-03579,2022-01-03,C0159,Susan Smith,Corporate,USA,North America,New York,New York City,Office Supplies,Art,Watercolor Set,374.23,9,0.0,62.38
ORD-2022-03580,2024-02-20,C0102,James Martinez,Consumer,USA,North America,Texas,Houston,Furniture,Tables,Study Desk,4711.53,16,471.15,1667.78
ORD-2024-03581,2023-10-02,C0029,William Miller,Corporate,USA,North America,New York,New York City,Furniture,Chairs,Ergonomic Executive Chair,1496.26,13,299.25,127.22
ORD-2024-03582,2024-07-04,C0093,Elizabeth Davis,Consumer,UK,Europe,England,London,Technology,Laptops,Dell XPS 15,2366.17,2,0.0,378.68
ORD-2023-03583,2023-05-17,C0039,Barbara Brown,Consumer,Germany,Europe,Bavaria,Munich,Office Supplies,Paper,Cardstock,107.65,12,5.38,29.94
ORD-2022-03584,2022-09-16,C0036,Joseph Johnson,Corporate,Japan,Asia,Tokyo,Tokyo,Office Supplies,Paper,A4 Printer Paper,77.02,4,7.7,13.28
ORD-2022-03585,2024-07-15,C0106,John Rodriguez,Consumer,France,Europe,Ile-de-France,Paris,Technology,Phones,iPhone 13,3399.49,17,339.95,429.59
ORD-2023-03586,2024-02-06,C0046,Barbara Davis,Corporate,Australia,Oceania,New South Wales,Sydney,Furniture,Storage,File Cabinet,495.4,7,24.77,163.45
ORD-2024-03587,2023-03-31,C0116,Joseph Rodriguez,Home Office,Australia,Oceania,Victoria,Melbourne,Office Supplies,Paper,Sticky Notes,61.46,6,6.15,8.15
ORD-2022-03588,2022-06-26,C0180,Joseph Wilson,Home Office,Canada,North America,Ontario,Toronto,Technology,Laptops,Lenovo ThinkPad,5218.83,9,521.88,1729.28
ORD-2024-03589,2022-01-26,C0164,Robert Williams,Corporate,India,Asia,Maharashtra,Mumbai,Office Supplies,Binders,3-Ring Binder,10.71,1,0.0,3.85
ORD-2023-03590,2023-03-10,C0130,Mary Johnson,Consumer,Australia,Oceania,Victoria,Melbourne,Furniture,Tables,Dining Table,1042.26,14,0.0,304.97
ORD-2024-03591,2022-12-03,C0196,John Smith,Home Office,USA,North America,California,Los Angeles,Office Supplies,Binders,Expansion Folder,106.21,3,21.24,27.63
ORD-2024-03592,2022-01-02,C0086,Jennifer Gonzalez,Corporate,Australia,Oceania,Victoria,Melbourne,Office Supplies,Art,Sketchbook,384.02,20,0.0,153.14
ORD-2022-03593,2023-02-20,C0134,William Wilson,Corporate,USA,North America,Texas,Houston,Office Supplies,Paper,A4 Printer Paper,159.14,14,31.83,18.91
ORD-2023-03594,2023-04-22,C0144,Michael Jones,Home Office,Japan,Asia,Tokyo,Tokyo,Office Supplies,Art,Markers,201.17,7,0.0,37.23
ORD-2023-03595,2022-05-31,C0185,Richard Anderson,Home Office,Japan,Asia,Tokyo,Tokyo,Furniture,Storage,File Cabinet,7690.2,16,0.0,2698.74
ORD-2024-03596,2023-03-27,C0053,Jennifer Williams,Corporate,Australia,Oceania,New South Wales,Sydney,Technology,Phones,iPhone 13,13148.68,10,1314.87,3878.12
ORD-2023-03597,2022-12-21,C0117,Michael Thomas,Home Office,France,Europe,Ile-de-France,Paris,Furniture,Chairs,Stool,1469.54,14,146.95,440.7
ORD-2024-03598,2022-05-04,C0191,Jessica Brown,Corporate,UK,Europe,England,London,Technology,Accessories,Webcam,20463.71,17,4092.74,2763.29
ORD-2022-03599,2022-11-18,C0158,Richard Williams,Home Office,Australia,Oceania,Victoria,Melbourne,Office Supplies,Art,Watercolor Set,671.85,20,33.59,195.27
ORD-2022-03600,2022-12-30,C0131,John Brown,Home Office,China,Asia,Beijing,Beijing,Technology,Laptops,Lenovo ThinkPad,18811.88,14,0.0,4621.61
ORD-2022-03601,2023-10-04,C0031,Robert Garcia,Corporate,Japan,Asia,Tokyo,Tokyo,Technology,Phones,Samsung Galaxy S21,4510.1,7,0.0,1668.64
ORD-2023-03602,2023-05-26,C0182,Mary Wilson,Consumer,USA,North America,New York,New York City,Furniture,Chairs,Office Chair,2581.31,14,258.13,397.65
ORD-2024-03603,2022-06-16,C0160,David Williams,Corporate,France,Europe,Ile-de-France,Paris,Furniture,Tables,Dining Table,6091.61,19,0.0,932.73
ORD-2023-03604,2022-01-15,C0100,James Jones,Home Office,Japan,Asia,Tokyo,Tokyo,Technology,Laptops,HP Spectre x360,7066.61,9,353.33,1285.21
ORD-2023-03605,2023-10-26,C0185,Richard Anderson,Corporate,UK,Europe,England,London,Office Supplies,Art,Markers,21.41,4,2.14,2.38
ORD-2024-03606,2023-07-05,C0092,Barbara Jones,Consumer,Australia,Oceania,Victoria,Melbourne,Technology,Laptops,Lenovo ThinkPad,18251.4,15,912.57,6065.97
ORD-2024-03607,2023-02-07,C0200,Elizabeth Martinez,Corporate,India,Asia,Maharashtra,Mumbai,Technology,Accessories,Wireless Mouse,10516.55,8,525.83,1870.28
ORD-2023-03608,2023-06-10,C0059,Jessica Thomas,Corporate,USA,North America,Texas,Houston,Furniture,Chairs,Ergonomic Executive Chair,7592.2,17,759.22,1763.68
ORD-2022-03609,2023-05-04,C0121,Joseph Thomas,Consumer,Germany,Europe,Bavaria,Munich,Office Supplies,Binders,Report Cover,94.16,2,9.42,28.81
ORD-2024-03610,2024-05-13,C0056,Mary Brown,Home Office,USA,North America,New York,New York City,Office Supplies,Paper,Cardstock,142.65,3,14.27,31.6
ORD-2022-03611,2024-05-06,C0001,Robert Gonzalez,Corporate,Germany,Europe,Bavaria,Munich,Technology,Phones,Samsung Galaxy S21,12287.74,9,0.0,4701.46
ORD-2023-03612,2023-08-20,C0001,Robert Gonzalez,Home Office,Australia,Oceania,New South Wales,Sydney,Office Supplies,Art,Markers,200.52,17,0.0,67.73
ORD-2024-03613,2024-09-19,C0035,Jessica Johnson,Corporate,Australia,Oceania,Victoria,Melbourne,Office Supplies,Art,Markers,341.17,10,34.12,86.59
ORD-2022-03614,2024-07-21,C0055,John Jones,Consumer,Germany,Europe,Bavaria,Munich,Furniture,Chairs,Ergonomic Executive Chair,4642.55,9,928.51,1320.53
ORD-2022-03615,2022-07-25,C0119,John Jones,Home Office,Australia,Oceania,New South Wales,Sydney,Furniture,Chairs,Ergonomic Executive Chair,3886.32,12,194.32,770.16
ORD-2022-03616,2022-04-01,C0143,Joseph Gonzalez,Home Office,Canada,North America,Ontario,Toronto,Office Supplies,Binders,Report Cover,123.79,19,24.76,29.94
ORD-2023-03617,2023-06-01,C0125,Jennifer Davis,Corporate,UK,Europe,England,London,Office Supplies,Paper,A4 Printer Paper,206.8,11,0.0,42.05
ORD-2024-03618,2022-04-11,C0102,James Martinez,Home Office,India,Asia,Maharashtra,Mumbai,Office Supplies,Paper,Cardstock,339.73,7,67.95,97.45
ORD-2022-03619,2022-11-18,C0194,Robert Wilson,Corporate,China,Asia,Beijing,Beijing,Furniture,Tables,Dining Table,7510.73,20,0.0,1581.01
ORD-2024-03620,2024-03-24,C0191,Jessica Brown,Home Office,USA,North America,Texas,Houston,Office Supplies,Art,Sketchbook,115.7,5,11.57,20.26
ORD-2023-03621,2022-10-08,C0079,David Gonzalez,Corporate,Germany,Europe,Bavaria,Munich,Furniture,Storage,Bookshelf,1125.17,12,112.52,216.52
ORD-2024-03622,2022-03-10,C0151,Robert Brown,Consumer,USA,North America,California,Los Angeles,Office Supplies,Art,Sketchbook,398.4,8,39.84,68.62
ORD-2022-03623,2022-04-05,C0163,Joseph Hernandez,Consumer,USA,North America,Texas,Houston,Furniture,Tables,Conference Table,913.99,14,0.0,110.67
ORD-2022-03624,2023-06-24,C0083,James Jones,Corporate,France,Europe,Ile-de-France,Paris,Office Supplies,Binders,Report Cover,168.2,8,0.0,43.01
ORD-2024-03625,2022-05-02,C0189,Robert Thomas,Home Office,Australia,Oceania,Victoria,Melbourne,Technology,Laptops,Lenovo ThinkPad,3417.32,10,341.73,1106.61
ORD-2024-03626,2022-11-21,C0087,Mary Wilson,Consumer,USA,North America,New York,New York City,Technology,Phones,Nokia G20,24940.42,18,0.0,8017.05
ORD-2023-03627,2023-08-27,C0189,Robert Thomas,Corporate,USA,North America,Texas,Houston,Office Supplies,Paper,Legal Pad,56.11,2,11.22,15.33
ORD-2024-03628,2024-02-15,C0028,William Thomas,Home Office,Germany,Europe,Bavaria,Munich,Furniture,Chairs,Stool,7435.05,16,0.0,1835.49
ORD-2022-03629,2023-03-10,C0035,Jessica Johnson,Corporate,Canada,North America,Ontario,Toronto,Furniture,Storage,Wardrobe,3066.97,7,153.35,357.56
ORD-2023-03630,2022-08-12,C0084,Barbara Wilson,Home Office,Australia,Oceania,New South Wales,Sydney,Office Supplies,Paper,Legal Pad,379.01,18,75.8,36.01
ORD-2022-03631,2023-04-06,C0081,Susan Brown,Consumer,Canada,North America,Ontario,Toronto,Furniture,Storage,Wardrobe,441.04,3,0.0,72.13
ORD-2022-03632,2022-10-06,C0048,Jessica Thomas,Corporate,Japan,Asia,Tokyo,Tokyo,Office Supplies,Paper,Legal Pad,337.65,8,16.88,44.45
ORD-2024-03633,2022-02-27,C0197,Richard Wilson,Home Office,India,Asia,Maharashtra,Mumbai,Technology,Accessories,Mechanical Keyboard,2819.85,7,140.99,834.14
ORD-2022-03634,2022-08-13,C0045,Jessica Smith,Consumer,USA,North America,Texas,Houston,Furniture,Storage,Wardrobe,1350.06,8,270.01,390.68
ORD-2024-03635,2022-02-18,C0119,John Jones,Home Office,France,Europe,Ile-de-France,Paris,Office Supplies,Paper,Legal Pad,259.05,18,0.0,103.51
ORD-2023-03636,2022-07-22,C0146,Mary Gonzalez,Consumer,Japan,Asia,Tokyo,Tokyo,Office Supplies,Binders,3-Ring Binder,119.29,5,0.0,23.96
ORD-2024-03637,2024-09-23,C0187,Joseph Rodriguez,Corporate,Japan,Asia,Tokyo,Tokyo,Technology,Phones,Pixel 6,2122.0,3,212.2,595.54
ORD-2022-03638,2022-10-02,C0095,Patricia Williams,Corporate,Japan,Asia,Tokyo,Tokyo,Furniture,Tables,Coffee Table,534.37,4,26.72,82.64
ORD-2023-03639,2023-02-12,C0075,James Davis,Consumer,Canada,North America,Ontario,Toronto,Furniture,Chairs,Ergonomic Executive Chair,320.79,5,32.08,89.71
ORD-2023-03640,2023-12-31,C0048,Jessica Thomas,Home Office,Australia,Oceania,New South Wales,Sydney,Furniture,Tables,Coffee Table,4529.13,14,0.0,680.68
ORD-2024-03641,2024-04-15,C0107,James Garcia,Corporate,UK,Europe,England,London,Office Supplies,Art,Watercolor Set,127.42,12,6.37,19.79
ORD-2024-03642,2022-03-04,C0161,Michael Jones,Consumer,Germany,Europe,Bavaria,Munich,Furniture,Storage,Wardrobe,9916.1,18,0.0,3093.01
ORD-2023-03643,2024-07-19,C0138,Mary Martinez,Home Office,Australia,Oceania,New South Wales,Sydney,Furniture,Storage,Bookshelf,9293.54,16,464.68,2730.64
ORD-2022-03644,2022-10-11,C0013,Richard Davis,Consumer,India,Asia,Maharashtra,Mumbai,Technology,Laptops,MacBook Pro 14,13983.39,20,0.0,2029.51
ORD-2024-03645,2022-06-25,C0113,Mary Johnson,Corporate,Australia,Oceania,New South Wales,Sydney,Technology,Laptops,Lenovo ThinkPad,3981.65,8,0.0,744.65
ORD-2024-03646,2023-06-14,C0017,William Thomas,Home Office,USA,North America,New York,New York City,Furniture,Tables,Dining Table,9179.46,17,0.0,929.19
ORD-2023-03647,2023-05-15,C0064,Linda Jones,Home Office,USA,North America,Texas,Houston,Furniture,Chairs,Ergonomic Executive Chair,320.25,1,0.0,107.48
ORD-2024-03648,2023-06-25,C0102,James Martinez,Home Office,UK,Europe,England,London,Furniture,Storage,File Cabinet,6638.82,16,1327.76,1801.45
ORD-2024-03649,2024-08-18,C0002,Susan Martinez,Home Office,Germany,Europe,Bavaria,Munich,Office Supplies,Paper,Cardstock,234.61,10,46.92,28.76
ORD-2022-03650,2022-11-12,C0071,Michael Thomas,Home Office,USA,North America,California,Los Angeles,Furniture,Storage,Wardrobe,2940.91,19,0.0,391.1
ORD-2023-03651,2024-08-28,C0051,Jennifer Johnson,Corporate,Australia,Oceania,New South Wales,Sydney,Furniture,Storage,Wardrobe,2840.44,10,0.0,440.18
ORD-2022-03652,2024-04-04,C0119,John Jones,Corporate,Australia,Oceania,Victoria,Melbourne,Office Supplies,Binders,Report Cover,98.88,6,4.94,13.44
ORD-2024-03653,2024-02-03,C0160,David Williams,Corporate,France,Europe,Ile-de-France,Paris,Furniture,Chairs,Gaming Chair,4579.65,11,0.0,1768.94
ORD-2024-03654,2023-10-11,C0191,Jessica Brown,Corporate,Australia,Oceania,Victoria,Melbourne,Technology,Phones,iPhone 13,1978.71,8,197.87,544.44
ORD-2023-03655,2022-07-27,C0033,Joseph Johnson,Home Office,India,Asia,Maharashtra,Mumbai,Technology,Phones,Pixel 6,6967.76,10,0.0,1926.16
ORD-2024-03656,2024-05-29,C0078,Mary Wilson,Home Office,India,Asia,Maharashtra,Mumbai,Technology,Accessories,Mechanical Keyboard,5113.73,4,0.0,740.39
ORD-2022-03657,2022-07-05,C0186,Robert Johnson,Corporate,USA,North America,Texas,Houston,Technology,Accessories,Mechanical Keyboard,5695.15,13,284.76,1228.58
ORD-2023-03658,2023-01-05,C0043,Elizabeth Williams,Home Office,USA,North America,Texas,Houston,Furniture,Chairs,Gaming Chair,3756.7,14,187.84,1427.16
ORD-2023-03659,2022-12-14,C0063,Michael Anderson,Consumer,Australia,Oceania,New South Wales,Sydney,Technology,Accessories,Mechanical Keyboard,6740.19,13,337.01,2064.31
ORD-2023-03660,2022-11-11,C0005,James Martinez,Consumer,China,Asia,Beijing,Beijing,Technology,Laptops,Lenovo ThinkPad,8619.66,20,861.97,1369.32
ORD-2024-03661,2022-07-17,C0168,Patricia Hernandez,Corporate,Japan,Asia,Tokyo,Tokyo,Office Supplies,Binders,3-Ring Binder,192.26,12,38.45,44.28
ORD-2023-03662,2023-02-10,C0196,John Smith,Corporate,Germany,Europe,Bavaria,Munich,Office Supplies,Binders,3-Ring Binder,142.5,7,7.12,51.77
ORD-2023-03663,2024-08-11,C0110,Jennifer Martinez,Home Office,Australia,Oceania,New South Wales,Sydney,Office Supplies,Art,Sketchbook,34.32,2,0.0,3.45
ORD-2024-03664,2024-01-30,C0118,Mary Hernandez,Corporate,France,Europe,Ile-de-France,Paris,Office Supplies,Paper,A4 Printer Paper,46.86,8,9.37,7.28
ORD-2023-03665,2022-06-10,C0185,Richard Anderson,Home Office,France,Europe,Ile-de-France,Paris,Furniture,Tables,Dining Table,1757.62,10,87.88,304.69
ORD-2024-03666,2022-09-01,C0015,David Williams,Consumer,UK,Europe,England,London,Technology,Laptops,HP Spectre x360,22575.95,17,0.0,3880.81
ORD-2024-03667,2024-05-12,C0023,Jennifer Gonzalez,Corporate,Germany,Europe,Bavaria,Munich,Technology,Phones,Samsung Galaxy S21,4006.77,11,400.68,755.15
ORD-2022-03668,2024-06-20,C0100,James Jones,Home Office,Australia,Oceania,New South Wales,Sydney,Office Supplies,Binders,3-Ring Binder,931.25,20,0.0,155.4
ORD-2022-03669,2022-03-09,C0066,Richard Williams,Consumer,USA,North America,California,Los Angeles,Furniture,Chairs,Office Chair,685.77,10,0.0,163.17
ORD-2024-03670,2022-03-27,C0192,Patricia Hernandez,Home Office,India,Asia,Maharashtra,Mumbai,Furniture,Chairs,Stool,2298.56,7,0.0,361.52
ORD-2022-03671,2022-12-28,C0181,William Thomas,Corporate,Japan,Asia,Tokyo,Tokyo,Office Supplies,Art,Markers,29.08,1,0.0,4.9
ORD-2023-03672,2023-09-07,C0186,Robert Johnson,Consumer,France,Europe,Ile-de-France,Paris,Furniture,Chairs,Stool,3035.43,17,607.09,953.54
ORD-2022-03673,2023-03-03,C0015,David Williams,Home Office,Canada,North America,Ontario,Toronto,Office Supplies,Paper,Legal Pad,668.24,18,0.0,202.61
ORD-2023-03674,2024-07-18,C0129,Elizabeth Johnson,Home Office,USA,North America,New York,New York City,Furniture,Tables,Dining Table,1888.33,7,377.67,537.43
ORD-2024-03675,2024-07-06,C0187,Joseph Rodriguez,Consumer,USA,North America,Texas,Houston,Technology,Phones,Pixel 6,10065.8,10,0.0,3513.41
ORD-2024-03676,2022-01-22,C0090,Patricia Davis,Consumer,USA,North America,California,Los Angeles,Technology,Accessories,USB-C Hub,9036.39,8,0.0,3575.68
ORD-2022-03677,2024-01-12,C0124,Robert Thomas,Consumer,Australia,Oceania,Victoria,Melbourne,Technology,Laptops,Dell XPS 15,3578.07,11,0.0,706.22
ORD-2024-03678,2024-03-09,C0102,James Martinez,Corporate,France,Europe,Ile-de-France,Paris,Office Supplies,Paper,Sticky Notes,92.13,5,9.21,14.19
ORD-2023-03679,2023-05-10,C0048,Jessica Thomas,Home Office,Australia,Oceania,Victoria,Melbourne,Technology,Laptops,Lenovo ThinkPad,19978.47,20,0.0,5028.11
ORD-2024-03680,2024-05-11,C0150,Elizabeth Gonzalez,Consumer,Australia,Oceania,Victoria,Melbourne,Technology,Phones,Pixel 6,4452.96,11,0.0,736.64
ORD-2024-03681,2022-02-24,C0025,Robert Brown,Corporate,USA,North America,California,Los Angeles,Furniture,Chairs,Office Chair,6308.89,12,315.44,1383.98
ORD-2024-03682,2023-07-05,C0138,Mary Martinez,Consumer,UK,Europe,England,London,Technology,Phones,iPhone 13,3046.32,6,0.0,579.65
ORD-2022-03683,2023-03-12,C0149,Richard Garcia,Home Office,Japan,Asia,Tokyo,Tokyo,Technology,Phones,Samsung Galaxy S21,5172.57,15,1034.51,1469.68
ORD-2022-03684,2023-04-03,C0062,Robert Johnson,Consumer,Australia,Oceania,Victoria,Melbourne,Furniture,Chairs,Ergonomic Executive Chair,4347.75,13,434.78,1240.75
ORD-2023-03685,2023-03-29,C0103,Richard Miller,Consumer,Canada,North America,Ontario,Toronto,Office Supplies,Binders,Expansion Folder,364.41,18,72.88,86.23
ORD-2023-03686,2023-02-20,C0131,John Brown,Consumer,USA,North America,California,Los Angeles,Technology,Phones,iPhone 13,22808.49,16,0.0,5076.05
ORD-2022-03687,2023-12-19,C0136,Barbara Smith,Home Office,USA,North America,New York,New York City,Furniture,Chairs,Office Chair,608.96,11,30.45,103.96
ORD-2022-03688,2024-06-04,C0042,James Davis,Consumer,UK,Europe,England,London,Office Supplies,Binders,Expansion Folder,388.0,19,77.6,47.1
ORD-2022-03689,2024-03-28,C0051,Jennifer Johnson,Corporate,USA,North America,New York,New York City,Furniture,Tables,Conference Table,6353.75,19,1270.75,644.95
ORD-2024-03690,2022-05-17,C0177,Joseph Miller,Corporate,Australia,Oceania,Victoria,Melbourne,Furniture,Tables,Coffee Table,2204.48,4,110.22,523.06
ORD-2024-03691,2022-07-11,C0051,Jennifer Johnson,Consumer,UK,Europe,England,London,Office Supplies,Art,Watercolor Set,267.76,20,0.0,31.75
ORD-2022-03692,2022-11-15,C0072,Richard Jones,Home Office,USA,North America,California,Los Angeles,Office Supplies,Binders,Report Cover,39.01,1,7.8,11.23
ORD-2024-03693,2022-02-28,C0138,Mary Martinez,Corporate,India,Asia,Maharashtra,Mumbai,Technology,Phones,iPhone 13,20852.97,16,0.0,6378.57
ORD-2024-03694,2024-04-30,C0181,William Thomas,Corporate,Australia,Oceania,New South Wales,Sydney,Furniture,Storage,Wardrobe,4555.31,8,911.06,930.01
ORD-2023-03695,2023-04-27,C0173,John Thomas,Consumer,Australia,Oceania,New South Wales,Sydney,Office Supplies,Paper,Cardstock,106.52,4,0.0,12.88
ORD-2023-03696,2022-04-03,C0141,Joseph Lopez,Home Office,China,Asia,Beijing,Beijing,Technology,Phones,Nokia G20,3247.66,9,649.53,963.81
ORD-2024-03697,2024-01-09,C0034,David Wilson,Home Office,USA,North America,New York,New York City,Office Supplies,Binders,3-Ring Binder,308.72,16,0.0,97.24
ORD-2024-03698,2022-07-17,C0046,Barbara Davis,Consumer,Australia,Oceania,Victoria,Melbourne,Office Supplies,Binders,Expansion Folder,409.98,19,20.5,39.09
ORD-2023-03699,2022-09-19,C0027,Barbara Miller,Corporate,France,Europe,Ile-de-France,Paris,Office Supplies,Paper,Legal Pad,508.4,12,0.0,177.24
ORD-2024-03700,2022-03-08,C0118,Mary Hernandez,Home Office,USA,North America,California,Los Angeles,Office Supplies,Binders,Report Cover,299.28,15,29.93,98.57
ORD-2023-03701,2024-01-27,C0096,Richard Garcia,Corporate,Germany,Europe,Bavaria,Munich,Furniture,Chairs,Stool,4741.33,10,948.27,1407.51
ORD-2024-03702,2024-04-29,C0071,Michael Thomas,Home Office,Australia,Oceania,Victoria,Melbourne,Technology,Accessories,USB-C Hub,16014.51,20,3202.9,2798.81
ORD-2022-03703,2022-08-29,C0102,James Martinez,Home Office,Japan,Asia,Tokyo,Tokyo,Technology,Accessories,Mechanical Keyboard,254.96,1,12.75,69.51
ORD-2022-03704,2024-05-27,C0047,Mary Thomas,Consumer,Canada,North America,Ontario,Toronto,Technology,Accessories,Mechanical Keyboard,237.22,1,0.0,53.7
ORD-2023-03705,2023-03-01,C0151,Robert Brown,Consumer,India,Asia,Maharashtra,Mumbai,Office Supplies,Art,Sketchbook,102.84,16,0.0,33.19
ORD-2023-03706,2024-09-15,C0175,David Lopez,Consumer,Canada,North America,Ontario,Toronto,Technology,Accessories,Mechanical Keyboard,3525.45,16,0.0,426.27
ORD-2023-03707,2023-04-15,C0020,Michael Williams,Consumer,France,Europe,Ile-de-France,Paris,Technology,Laptops,MacBook Pro 14,3994.82,11,399.48,1051.48
ORD-2024-03708,2022-05-09,C0051,Jennifer Johnson,Consumer,Australia,Oceania,Victoria,Melbourne,Furniture,Storage,File Cabinet,1082.44,4,216.49,241.5
ORD-2023-03709,2024-08-18,C0048,Jessica Thomas,Corporate,China,Asia,Beijing,Beijing,Technology,Phones,Samsung Galaxy S21,18846.17,15,1884.62,5313.46
ORD-2023-03710,2023-04-24,C0130,Mary Johnson,Corporate,India,Asia,Maharashtra,Mumbai,Furniture,Storage,Wardrobe,1518.71,4,303.74,201.32
ORD-2022-03711,2022-05-03,C0026,Barbara Jones,Corporate,Australia,Oceania,New South Wales,Sydney,Furniture,Storage,Bookshelf,10386.65,19,0.0,2390.03
ORD-2023-03712,2023-07-23,C0001,Robert Gonzalez,Home Office,Canada,North America,Ontario,Toronto,Furniture,Chairs,Stool,7017.35,16,701.74,1870.71
ORD-2022-03713,2022-12-23,C0034,David Wilson,Home Office,China,Asia,Beijing,Beijing,Technology,Phones,Pixel 6,5537.91,6,0.0,2113.22
ORD-2022-03714,2023-06-14,C0009,John Martinez,Home Office,USA,North America,Texas,Houston,Office Supplies,Art,Watercolor Set,181.83,5,0.0,71.94
ORD-2022-03715,2022-01-30,C0031,Robert Garcia,Consumer,China,Asia,Beijing,Beijing,Technology,Phones,Pixel 6,5832.26,6,0.0,704.68
ORD-2022-03716,2023-06-13,C0171,Joseph Brown,Home Office,Australia,Oceania,New South Wales,Sydney,Office Supplies,Binders,Expansion Folder,278.1,9,0.0,73.3
ORD-2022-03717,2023-09-15,C0007,David Williams,Corporate,France,Europe,Ile-de-France,Paris,Furniture,Tables,Dining Table,4605.08,11,0.0,873.26
ORD-2023-03718,2023-07-21,C0093,Elizabeth Davis,Home Office,Japan,Asia,Tokyo,Tokyo,Office Supplies,Binders,Report Cover,18.38,2,0.92,1.98
ORD-2022-03719,2023-09-07,C0072,Richard Jones,Consumer,UK,Europe,England,London,Office Supplies,Paper,Legal Pad,386.34,11,19.32,62.49
ORD-2023-03720,2023-10-18,C0002,Susan Martinez,Consumer,France,Europe,Ile-de-France,Paris,Furniture,Tables,Coffee Table,1938.51,9,387.7,543.49
ORD-2023-03721,2023-08-28,C0124,Robert Thomas,Consumer,Australia,Oceania,Victoria,Melbourne,Furniture,Chairs,Gaming Chair,9167.08,17,0.0,1596.48
ORD-2024-03722,2023-11-26,C0063,Michael Anderson,Home Office,Japan,Asia,Tokyo,Tokyo,Furniture,Chairs,Office Chair,4174.41,9,0.0,1591.35
ORD-2024-03723,2024-01-15,C0115,Mary Wilson,Corporate,Canada,North America,Ontario,Toronto,Furniture,Chairs,Stool,2493.55,6,0.0,312.7
ORD-2022-03724,2024-08-25,C0042,James Davis,Corporate,Australia,Oceania,Victoria,Melbourne,Office Supplies,Art,Watercolor Set,106.08,14,0.0,24.22
ORD-2024-03725,2024-01-12,C0056,Mary Brown,Home Office,UK,Europe,England,London,Office Supplies,Binders,3-Ring Binder,396.33,20,79.27,94.16
ORD-2024-03726,2024-08-11,C0085,Elizabeth Smith,Consumer,Japan,Asia,Tokyo,Tokyo,Technology,Laptops,MacBook Pro 14,5890.73,5,0.0,2236.55
ORD-2024-03727,2022-07-21,C0124,Robert Thomas,Consumer,Australia,Oceania,Victoria,Melbourne,Office Supplies,Art,Sketchbook,490.32,10,24.52,61.8
ORD-2024-03728,2022-07-28,C0002,Susan Martinez,Corporate,Germany,Europe,Bavaria,Munich,Furniture,Storage,Wardrobe,4720.76,17,0.0,909.9
ORD-2023-03729,2023-02-04,C0016,James Lopez,Corporate,Australia,Oceania,New South Wales,Sydney,Office Supplies,Binders,3-Ring Binder,97.04,3,4.85,13.26
ORD-2024-03730,2024-02-03,C0121,Joseph Thomas,Consumer,UK,Europe,England,London,Technology,Phones,Samsung Galaxy S21,9291.15,8,0.0,1368.65
ORD-2023-03731,2022-03-26,C0004,Jessica Davis,Corporate,China,Asia,Beijing,Beijing,Furniture,Storage,Wardrobe,2911.6,7,291.16,704.15
ORD-2024-03732,2024-02-20,C0065,Barbara Williams,Corporate,Japan,Asia,Tokyo,Tokyo,Furniture,Chairs,Stool,1065.66,8,53.28,286.67
ORD-2022-03733,2023-07-24,C0045,Jessica Smith,Corporate,Germany,Europe,Bavaria,Munich,Office Supplies,Art,Sketchbook,55.32,11,5.53,7.69
ORD-2024-03734,2023-10-23,C0063,Michael Anderson,Home Office,Germany,Europe,Bavaria,Munich,Technology,Phones,Samsung Galaxy S21,7553.85,14,0.0,3004.48
ORD-2024-03735,2022-09-17,C0026,Barbara Jones,Home Office,Germany,Europe,Bavaria,Munich,Office Supplies,Binders,Report Cover,294.55,8,0.0,39.29
ORD-2024-03736,2022-10-14,C0023,Jennifer Gonzalez,Corporate,France,Europe,Ile-de-France,Paris,Office Supplies,Paper,Legal Pad,32.59,4,0.0,12.57
ORD-2023-03737,2022-09-07,C0170,Mary Smith,Corporate,UK,Europe,England,London,Technology,Accessories,Webcam,1925.09,6,0.0,290.71
ORD-2024-03738,2024-05-27,C0006,John Martinez,Consumer,USA,North America,Texas,Houston,Technology,Accessories,Webcam,12166.87,10,0.0,4849.4
ORD-2024-03739,2022-09-21,C0177,Joseph Miller,Consumer,Canada,North America,Ontario,Toronto,Office Supplies,Binders,Report Cover,172.53,19,0.0,53.75
ORD-2023-03740,2023-02-04,C0157,Linda Smith,Home Office,UK,Europe,England,London,Furniture,Chairs,Office Chair,2461.1,20,246.11,632.53
ORD-2023-03741,2023-02-24,C0159,Susan Smith,Home Office,India,Asia,Maharashtra,Mumbai,Office Supplies,Binders,Expansion Folder,295.26,9,0.0,83.94
ORD-2024-03742,2022-07-29,C0162,James Rodriguez,Corporate,USA,North America,New York,New York City,Furniture,Storage,Wardrobe,6900.25,15,0.0,1381.81
ORD-2024-03743,2023-11-17,C0103,Richard Miller,Corporate,USA,North America,New York,New York City,Office Supplies,Paper,Legal Pad,295.63,20,0.0,74.43
ORD-2022-03744,2023-02-26,C0152,Jessica Anderson,Home Office,USA,North America,New York,New York City,Office Supplies,Paper,Sticky Notes,331.27,13,33.13,78.91
ORD-2022-03745,2022-03-26,C0128,Jennifer Wilson,Corporate,France,Europe,Ile-de-France,Paris,Office Supplies,Art,Watercolor Set,501.27,13,100.25,68.1
ORD-2023-03746,2022-03-14,C0050,Mary Davis,Corporate,USA,North America,California,Los Angeles,Furniture,Storage,File Cabinet,7331.76,14,366.59,1799.72
ORD-2024-03747,2023-08-27,C0194,Robert Wilson,Corporate,France,Europe,Ile-de-France,Paris,Technology,Laptops,Dell XPS 15,6626.0,18,0.0,2466.62
ORD-2023-03748,2024-04-28,C0149,Richard Garcia,Home Office,UK,Europe,England,London,Furniture,Storage,Wardrobe,313.19,3,0.0,92.0
ORD-2024-03749,2022-12-14,C0115,Mary Wilson,Consumer,India,Asia,Maharashtra,Mumbai,Furniture,Storage,Wardrobe,4950.94,14,990.19,1152.17
ORD-2022-03750,2022-11-27,C0195,William Hernandez,Home Office,France,Europe,Ile-de-France,Paris,Furniture,Chairs,Ergonomic Executive Chair,5617.14,15,1123.43,618.32
ORD-2024-03751,2023-11-16,C0159,Susan Smith,Consumer,Canada,North America,Ontario,Toronto,Furniture,Storage,Wardrobe,10024.86,17,2004.97,1466.17
ORD-2023-03752,2022-12-06,C0090,Patricia Davis,Home Office,Australia,Oceania,Victoria,Melbourne,Furniture,Chairs,Stool,9683.08,17,0.0,3686.45
ORD-2022-03753,2023-04-18,C0008,Jennifer Anderson,Home Office,USA,North America,Texas,Houston,Technology,Phones,iPhone 13,8420.42,20,0.0,1124.5
ORD-2024-03754,2023-10-04,C0162,James Rodriguez,Home Office,Australia,Oceania,Victoria,Melbourne,Furniture,Tables,Study Desk,5608.8,14,0.0,2072.93
ORD-2023-03755,2024-04-06,C0085,Elizabeth Smith,Consumer,Germany,Europe,Bavaria,Munich,Office Supplies,Binders,3-Ring Binder,98.19,6,9.82,33.62
ORD-2022-03756,2022-03-18,C0093,Elizabeth Davis,Corporate,India,Asia,Maharashtra,Mumbai,Furniture,Storage,Bookshelf,2028.1,18,405.62,611.28
ORD-2023-03757,2022-11-22,C0019,Michael Lopez,Corporate,India,Asia,Maharashtra,Mumbai,Office Supplies,Binders,Expansion Folder,109.33,11,10.93,32.7
ORD-2022-03758,2023-06-19,C0123,Susan Garcia,Corporate,Germany,Europe,Bavaria,Munich,Furniture,Storage,Bookshelf,992.29,2,99.23,289.41
ORD-2022-03759,2022-02-27,C0007,David Williams,Consumer,Australia,Oceania,Victoria,Melbourne,Technology,Laptops,MacBook Pro 14,1187.11,1,118.71,169.97
ORD-2023-03760,2022-04-30,C0018,Barbara Rodriguez,Consumer,USA,North America,New York,New York City,Technology,Phones,iPhone 13,23243.83,17,1162.19,3909.33
ORD-2024-03761,2022-07-09,C0120,Jessica Martinez,Consumer,China,Asia,Beijing,Beijing,Office Supplies,Paper,Sticky Notes,218.32,15,0.0,72.39
ORD-2023-03762,2023-05-14,C0090,Patricia Davis,Consumer,Australia,Oceania,New South Wales,Sydney,Technology,Laptops,Dell XPS 15,2774.46,5,138.72,313.35
ORD-2022-03763,2022-08-29,C0123,Susan Garcia,Home Office,Australia,Oceania,New South Wales,Sydney,Technology,Phones,Pixel 6,8788.73,6,1757.75,1951.81
ORD-2024-03764,2022-09-16,C0043,Elizabeth Williams,Home Office,Australia,Oceania,New South Wales,Sydney,Furniture,Chairs,Ergonomic Executive Chair,5548.37,17,277.42,1361.09
ORD-2022-03765,2022-07-22,C0157,Linda Smith,Corporate,UK,Europe,England,London,Office Supplies,Binders,3-Ring Binder,774.43,18,0.0,189.65
ORD-2023-03766,2024-07-01,C0070,Jessica Anderson,Consumer,Canada,North America,Ontario,Toronto,Furniture,Chairs,Office Chair,526.74,5,52.67,118.58
ORD-2022-03767,2023-06-27,C0024,Patricia Gonzalez,Consumer,Australia,Oceania,New South Wales,Sydney,Furniture,Storage,File Cabinet,2166.62,12,0.0,226.06
ORD-2023-03768,2024-05-16,C0153,John Thomas,Home Office,Australia,Oceania,New South Wales,Sydney,Office Supplies,Binders,Expansion Folder,212.83,9,10.64,63.17
ORD-2022-03769,2024-06-21,C0158,Richard Williams,Corporate,Japan,Asia,Tokyo,Tokyo,Office Supplies,Art,Watercolor Set,558.38,19,27.92,89.52
ORD-2024-03770,2022-05-08,C0096,Richard Garcia,Consumer,USA,North America,New York,New York City,Technology,Accessories,Webcam,8096.66,10,0.0,1562.89
ORD-2024-03771,2024-01-09,C0114,Mary Lopez,Corporate,India,Asia,Maharashtra,Mumbai,Office Supplies,Art,Watercolor Set,817.6,17,163.52,242.61
ORD-2024-03772,2024-01-07,C0130,Mary Johnson,Consumer,Australia,Oceania,New South Wales,Sydney,Furniture,Tables,Coffee Table,7404.55,18,0.0,2939.08
ORD-2022-03773,2022-02-27,C0190,Jessica Wilson,Corporate,USA,North America,New York,New York City,Technology,Phones,iPhone 13,17667.76,12,1766.78,4878.51
ORD-2022-03774,2022-09-05,C0020,Michael Williams,Consumer,USA,North America,Texas,Houston,Furniture,Chairs,Stool,1078.99,5,107.9,246.56
ORD-2023-03775,2023-01-12,C0191,Jessica Brown,Corporate,Australia,Oceania,New South Wales,Sydney,Technology,Phones,Nokia G20,1449.8,4,0.0,330.73
ORD-2024-03776,2022-12-17,C0186,Robert Johnson,Corporate,UK,Europe,England,London,Furniture,Chairs,Ergonomic Executive Chair,624.06,12,124.81,154.47
ORD-2023-03777,2023-08-29,C0152,Jessica Anderson,Home Office,Canada,North America,Ontario,Toronto,Furniture,Tables,Dining Table,3093.23,13,0.0,482.54
ORD-2024-03778,2022-06-17,C0105,Barbara Hernandez,Corporate,Canada,North America,Ontario,Toronto,Technology,Phones,iPhone 13,121.14,1,12.11,41.03
ORD-2023-03779,2024-05-20,C0179,Jennifer Thomas,Consumer,Australia,Oceania,Victoria,Melbourne,Technology,Laptops,Lenovo ThinkPad,2346.2,14,469.24,381.01
ORD-2022-03780,2022-11-15,C0116,Joseph Rodriguez,Corporate,Germany,Europe,Bavaria,Munich,Technology,Accessories,Wireless Mouse,2344.83,7,0.0,723.1
ORD-2022-03781,2023-07-10,C0035,Jessica Johnson,Consumer,USA,North America,California,Los Angeles,Furniture,Chairs,Office Chair,1557.92,15,311.58,463.25
ORD-2023-03782,2023-09-27,C0148,Linda Jones,Consumer,India,Asia,Maharashtra,Mumbai,Furniture,Storage,Bookshelf,2555.04,7,127.75,447.0
ORD-2024-03783,2022-03-23,C0005,James Martinez,Corporate,Canada,North America,Ontario,Toronto,Technology,Phones,Samsung Galaxy S21,8166.25,17,816.62,1639.93
ORD-2024-03784,2022-03-12,C0178,Patricia Thomas,Consumer,France,Europe,Ile-de-France,Paris,Furniture,Tables,Study Desk,931.29,8,186.26,253.57
ORD-2024-03785,2024-08-26,C0051,Jennifer Johnson,Corporate,Australia,Oceania,Victoria,Melbourne,Technology,Accessories,Wireless Mouse,4258.81,7,0.0,865.89
ORD-2022-03786,2022-08-16,C0138,Mary Martinez,Consumer,Australia,Oceania,Victoria,Melbourne,Technology,Laptops,Lenovo ThinkPad,16360.52,12,1636.05,5156.31
ORD-2024-03787,2022-11-18,C0108,John Miller,Consumer,Australia,Oceania,Victoria,Melbourne,Technology,Accessories,Wireless Mouse,7867.45,8,0.0,2163.9
ORD-2023-03788,2022-12-16,C0045,Jessica Smith,Home Office,Germany,Europe,Bavaria,Munich,Technology,Laptops,HP Spectre x360,1266.55,1,63.33,292.54
ORD-2022-03789,2023-12-21,C0139,Joseph Garcia,Corporate,USA,North America,New York,New York City,Office Supplies,Binders,3-Ring Binder,413.59,9,41.36,62.25
ORD-2022-03790,2023-09-26,C0037,Barbara Gonzalez,Home Office,China,Asia,Beijing,Beijing,Furniture,Chairs,Stool,135.62,1,27.12,37.88
ORD-2022-03791,2022-12-15,C0074,Jessica Martinez,Home Office,Australia,Oceania,Victoria,Melbourne,Furniture,Storage,File Cabinet,3588.9,14,717.78,534.38
ORD-2022-03792,2023-06-23,C0094,Linda Garcia,Corporate,Canada,North America,Ontario,Toronto,Office Supplies,Paper,A4 Printer Paper,161.82,6,32.36,31.6
ORD-2022-03793,2024-09-19,C0076,Jennifer Miller,Home Office,Germany,Europe,Bavaria,Munich,Furniture,Chairs,Stool,2118.72,9,0.0,754.61
ORD-2024-03794,2024-09-08,C0040,Linda Garcia,Corporate,USA,North America,New York,New York City,Office Supplies,Binders,Report Cover,51.09,3,10.22,6.12
ORD-2024-03795,2024-07-25,C0130,Mary Johnson,Home Office,Australia,Oceania,New South Wales,Sydney,Technology,Phones,iPhone 13,1255.86,1,0.0,360.76
ORD-2024-03796,2022-09-10,C0033,Joseph Johnson,Consumer,Australia,Oceania,New South Wales,Sydney,Office Supplies,Binders,Expansion Folder,729.62,15,72.96,76.17
ORD-2023-03797,2022-07-05,C0191,Jessica Brown,Consumer,Canada,North America,Ontario,Toronto,Furniture,Tables,Conference Table,1862.58,4,93.13,459.02
ORD-2023-03798,2023-02-11,C0182,Mary Wilson,Home Office,UK,Europe,England,London,Technology,Accessories,Webcam,4698.84,7,469.88,1410.67
ORD-2022-03799,2022-01-13,C0108,John Miller,Corporate,Australia,Oceania,Victoria,Melbourne,Furniture,Storage,File Cabinet,521.03,1,0.0,124.9
ORD-2024-03800,2022-01-16,C0152,Jessica Anderson,Home Office,UK,Europe,England,London,Furniture,Chairs,Stool,7155.4,13,0.0,1236.86
ORD-2023-03801,2024-07-08,C0169,William Gonzalez,Corporate,UK,Europe,England,London,Technology,Accessories,Wireless Mouse,27135.46,20,5427.09,4046.12
ORD-2023-03802,2023-11-08,C0101,Patricia Williams,Home Office,China,Asia,Beijing,Beijing,Furniture,Tables,Conference Table,1661.39,3,0.0,658.05
ORD-2024-03803,2023-02-03,C0086,Jennifer Gonzalez,Home Office,India,Asia,Maharashtra,Mumbai,Furniture,Chairs,Office Chair,611.49,3,61.15,73.59
ORD-2024-03804,2023-01-06,C0098,Susan Gonzalez,Home Office,China,Asia,Beijing,Beijing,Technology,Laptops,Dell XPS 15,2361.03,8,0.0,316.6
ORD-2022-03805,2024-03-26,C0182,Mary Wilson,Corporate,France,Europe,Ile-de-France,Paris,Office Supplies,Binders,3-Ring Binder,459.83,13,91.97,64.49
ORD-2024-03806,2022-04-15,C0190,Jessica Wilson,Consumer,France,Europe,Ile-de-France,Paris,Furniture,Tables,Conference Table,539.02,2,53.9,166.51
ORD-2024-03807,2022-07-25,C0075,James Davis,Corporate,France,Europe,Ile-de-France,Paris,Office Supplies,Paper,Cardstock,248.09,9,24.81,25.52
ORD-2024-03808,2022-12-23,C0135,Linda Johnson,Corporate,India,Asia,Maharashtra,Mumbai,Office Supplies,Binders,Report Cover,392.51,13,78.5,110.32
ORD-2023-03809,2024-06-22,C0062,Robert Johnson,Corporate,China,Asia,Beijing,Beijing,Furniture,Tables,Study Desk,1806.87,8,361.37,444.09
ORD-2023-03810,2024-05-15,C0098,Susan Gonzalez,Consumer,China,Asia,Beijing,Beijing,Office Supplies,Binders,Expansion Folder,129.19,13,0.0,48.31
ORD-2024-03811,2022-08-30,C0025,Robert Brown,Corporate,Australia,Oceania,New South Wales,Sydney,Furniture,Chairs,Stool,4892.21,11,0.0,1433.86
ORD-2024-03812,2022-06-11,C0198,Joseph Martinez,Home Office,Germany,Europe,Bavaria,Munich,Technology,Laptops,MacBook Pro 14,4935.38,11,987.08,745.5
ORD-2024-03813,2022-03-06,C0138,Mary Martinez,Home Office,Canada,North America,Ontario,Toronto,Furniture,Storage,Bookshelf,4040.92,9,0.0,719.2
ORD-2022-03814,2024-01-22,C0004,Jessica Davis,Home Office,France,Europe,Ile-de-France,Paris,Technology,Laptops,HP Spectre x360,2925.21,8,146.26,899.99
ORD-2022-03815,2023-11-15,C0112,John Williams,Home Office,Australia,Oceania,Victoria,Melbourne,Furniture,Storage,Bookshelf,6118.06,12,0.0,1666.11
ORD-2023-03816,2023-06-07,C0191,Jessica Brown,Consumer,Germany,Europe,Bavaria,Munich,Technology,Laptops,MacBook Pro 14,113.65,1,0.0,40.62
ORD-2023-03817,2023-01-09,C0021,Elizabeth Thomas,Home Office,USA,North America,Texas,Houston,Technology,Accessories,USB-C Hub,14017.89,19,0.0,2556.39
ORD-2023-03818,2024-02-26,C0169,William Gonzalez,Corporate,Australia,Oceania,New South Wales,Sydney,Furniture,Tables,Study Desk,1847.79,9,184.78,424.26
ORD-2022-03819,2023-02-25,C0196,John Smith,Home Office,UK,Europe,England,London,Office Supplies,Binders,Report Cover,323.28,15,0.0,38.99
ORD-2023-03820,2024-08-07,C0019,Michael Lopez,Consumer,Australia,Oceania,New South Wales,Sydney,Technology,Laptops,HP Spectre x360,3787.98,4,0.0,404.09
ORD-2024-03821,2022-08-21,C0150,Elizabeth Gonzalez,Consumer,UK,Europe,England,London,Technology,Phones,Nokia G20,7197.92,18,719.79,1298.78
ORD-2022-03822,2024-05-02,C0161,Michael Jones,Consumer,Australia,Oceania,New South Wales,Sydney,Office Supplies,Paper,Sticky Notes,522.71,12,0.0,83.78
ORD-2022-03823,2024-05-15,C0101,Patricia Williams,Home Office,France,Europe,Ile-de-France,Paris,Furniture,Storage,Wardrobe,3325.7,14,665.14,841.98
ORD-2022-03824,2023-01-17,C0041,Patricia Wilson,Consumer,UK,Europe,England,London,Office Supplies,Binders,Expansion Folder,117.27,3,0.0,38.75
ORD-2022-03825,2024-08-20,C0027,Barbara Miller,Home Office,USA,North America,Texas,Houston,Technology,Phones,Samsung Galaxy S21,22041.58,16,2204.16,7344.67
ORD-2024-03826,2022-08-19,C0116,Joseph Rodriguez,Home Office,Japan,Asia,Tokyo,Tokyo,Office Supplies,Paper,Sticky Notes,405.27,9,0.0,81.81
ORD-2023-03827,2024-05-04,C0073,Elizabeth Smith,Home Office,Japan,Asia,Tokyo,Tokyo,Technology,Phones,Pixel 6,8747.45,6,437.37,2432.45
ORD-2023-03828,2023-08-08,C0105,Barbara Hernandez,Consumer,Canada,North America,Ontario,Toronto,Furniture,Storage,File Cabinet,1251.99,6,125.2,440.77
ORD-2022-03829,2024-01-31,C0141,Joseph Lopez,Home Office,Canada,North America,Ontario,Toronto,Office Supplies,Binders,3-Ring Binder,67.38,2,6.74,23.25
ORD-2022-03830,2024-01-09,C0124,Robert Thomas,Corporate,China,Asia,Beijing,Beijing,Furniture,Chairs,Stool,6188.52,15,618.85,1059.71
ORD-2022-03831,2022-08-31,C0076,Jennifer Miller,Consumer,UK,Europe,England,London,Office Supplies,Binders,Report Cover,197.37,13,9.87,57.8
ORD-2024-03832,2023-04-03,C0129,Elizabeth Johnson,Corporate,France,Europe,Ile-de-France,Paris,Technology,Accessories,Webcam,5425.27,8,0.0,2145.24
ORD-2023-03833,2023-12-15,C0167,William Anderson,Consumer,Australia,Oceania,New South Wales,Sydney,Technology,Accessories,Mechanical Keyboard,17281.94,13,3456.39,3296.99
ORD-2024-03834,2023-10-04,C0124,Robert Thomas,Consumer,Germany,Europe,Bavaria,Munich,Furniture,Storage,File Cabinet,6076.23,20,1215.25,1880.54
ORD-2022-03835,2022-05-27,C0022,David Smith,Home Office,Germany,Europe,Bavaria,Munich,Office Supplies,Binders,Expansion Folder,67.73,13,0.0,15.62
ORD-2022-03836,2024-02-14,C0139,Joseph Garcia,Corporate,Australia,Oceania,Victoria,Melbourne,Office Supplies,Paper,Cardstock,719.2,17,143.84,182.79
ORD-2024-03837,2023-05-12,C0159,Susan Smith,Corporate,Australia,Oceania,Victoria,Melbourne,Technology,Phones,Samsung Galaxy S21,4588.07,8,229.4,1216.43
ORD-2023-03838,2023-09-29,C0106,John Rodriguez,Consumer,India,Asia,Maharashtra,Mumbai,Technology,Laptops,MacBook Pro 14,701.92,2,70.19,202.19
ORD-2022-03839,2024-07-07,C0054,Patricia Johnson,Corporate,USA,North America,Texas,Houston,Furniture,Storage,Bookshelf,3424.45,14,0.0,1108.23
ORD-2023-03840,2022-01-20,C0041,Patricia Wilson,Home Office,Australia,Oceania,New South Wales,Sydney,Office Supplies,Paper,A4 Printer Paper,37.67,1,1.88,3.93
ORD-2024-03841,2023-06-30,C0141,Joseph Lopez,Consumer,India,Asia,Maharashtra,Mumbai,Furniture,Storage,Wardrobe,3746.77,11,374.68,362.62
ORD-2024-03842,2023-10-29,C0115,Mary Wilson,Corporate,India,Asia,Maharashtra,Mumbai,Technology,Laptops,Lenovo ThinkPad,5045.62,8,0.0,1643.51
ORD-2022-03843,2023-10-17,C0119,John Jones,Home Office,UK,Europe,England,London,Office Supplies,Art,Markers,204.78,5,10.24,53.92
ORD-2022-03844,2023-03-01,C0176,Joseph Hernandez,Corporate,France,Europe,Ile-de-France,Paris,Technology,Accessories,Webcam,14264.3,10,2852.86,4426.1
ORD-2023-03845,2022-06-27,C0078,Mary Wilson,Corporate,Australia,Oceania,New South Wales,Sydney,Furniture,Chairs,Office Chair,3884.87,19,194.24,1048.53
ORD-2024-03846,2023-12-26,C0104,Mary Jones,Corporate,China,Asia,Beijing,Beijing,Office Supplies,Art,Markers,45.48,1,2.27,6.16
ORD-2023-03847,2023-04-14,C0079,David Gonzalez,Home Office,Japan,Asia,Tokyo,Tokyo,Office Supplies,Binders,Expansion Folder,89.49,7,0.0,23.06
ORD-2022-03848,2024-05-27,C0165,Robert Williams,Corporate,Australia,Oceania,New South Wales,Sydney,Technology,Laptops,HP Spectre x360,10035.47,18,1003.55,920.17
ORD-2024-03849,2023-06-08,C0164,Robert Williams,Home Office,France,Europe,Ile-de-France,Paris,Office Supplies,Art,Sketchbook,196.0,10,0.0,35.76
ORD-2023-03850,2022-11-12,C0053,Jennifer Williams,Corporate,Germany,Europe,Bavaria,Munich,Office Supplies,Paper,A4 Printer Paper,758.91,17,0.0,191.74
ORD-2023-03851,2024-07-14,C0165,Robert Williams,Consumer,Australia,Oceania,New South Wales,Sydney,Technology,Phones,Samsung Galaxy S21,2651.52,9,530.3,679.59
ORD-2022-03852,2024-03-08,C0072,Richard Jones,Corporate,Australia,Oceania,New South Wales,Sydney,Furniture,Chairs,Gaming Chair,497.71,6,99.54,105.81
ORD-2023-03853,2022-01-31,C0113,Mary Johnson,Corporate,India,Asia,Maharashtra,Mumbai,Office Supplies,Binders,Expansion Folder,262.53,19,0.0,71.9
ORD-2024-03854,2024-05-10,C0167,William Anderson,Corporate,UK,Europe,England,London,Office Supplies,Binders,Expansion Folder,149.35,9,14.94,45.6
ORD-2022-03855,2023-01-23,C0080,David Rodriguez,Consumer,Canada,North America,Ontario,Toronto,Office Supplies,Binders,Expansion Folder,32.11,2,0.0,3.95
ORD-2022-03856,2023-03-15,C0067,Susan Thomas,Consumer,Japan,Asia,Tokyo,Tokyo,Furniture,Chairs,Office Chair,467.13,1,0.0,152.43
ORD-2022-03857,2023-03-28,C0071,Michael Thomas,Corporate,India,Asia,Maharashtra,Mumbai,Technology,Laptops,HP Spectre x360,20336.03,17,0.0,6417.28
ORD-2023-03858,2024-01-10,C0135,Linda Johnson,Corporate,Australia,Oceania,New South Wales,Sydney,Furniture,Tables,Study Desk,6314.51,16,0.0,2247.51
ORD-2022-03859,2023-03-27,C0178,Patricia Thomas,Corporate,India,Asia,Maharashtra,Mumbai,Office Supplies,Art,Sketchbook,369.41,16,36.94,91.57
ORD-2022-03860,2023-07-26,C0119,John Jones,Home Office,Australia,Oceania,New South Wales,Sydney,Technology,Accessories,Wireless Mouse,11981.89,8,1198.19,2976.52
ORD-2022-03861,2024-08-13,C0047,Mary Thomas,Corporate,Australia,Oceania,New South Wales,Sydney,Office Supplies,Paper,Cardstock,459.29,15,22.96,162.3
ORD-2024-03862,2023-09-21,C0047,Mary Thomas,Consumer,USA,North America,California,Los Angeles,Furniture,Tables,Study Desk,936.83,6,0.0,216.1
ORD-2022-03863,2022-01-15,C0121,Joseph Thomas,Corporate,Germany,Europe,Bavaria,Munich,Technology,Phones,Nokia G20,3299.64,10,0.0,1178.36
ORD-2023-03864,2022-07-23,C0138,Mary Martinez,Home Office,Canada,North America,Ontario,Toronto,Technology,Accessories,Mechanical Keyboard,3891.67,6,194.58,1404.18
ORD-2023-03865,2022-02-14,C0180,Joseph Wilson,Corporate,USA,North America,New York,New York City,Furniture,Tables,Coffee Table,1442.41,15,288.48,194.33
ORD-2022-03866,2024-03-18,C0084,Barbara Wilson,Consumer,Canada,North America,Ontario,Toronto,Technology,Laptops,HP Spectre x360,5188.19,12,0.0,1563.04
ORD-2023-03867,2022-11-20,C0101,Patricia Williams,Home Office,USA,North America,California,Los Angeles,Furniture,Storage,Bookshelf,7186.34,18,0.0,1825.87
ORD-2024-03868,2023-10-02,C0129,Elizabeth Johnson,Consumer,Australia,Oceania,Victoria,Melbourne,Office Supplies,Paper,Sticky Notes,300.96,17,60.19,29.62
ORD-2024-03869,2023-04-25,C0047,Mary Thomas,Corporate,China,Asia,Beijing,Beijing,Office Supplies,Art,Sketchbook,367.41,9,73.48,64.8
ORD-2024-03870,2024-06-03,C0079,David Gonzalez,Home Office,UK,Europe,England,London,Office Supplies,Paper,A4 Printer Paper,107.82,14,10.78,15.83
ORD-2022-03871,2023-07-31,C0085,Elizabeth Smith,Consumer,India,Asia,Maharashtra,Mumbai,Furniture,Storage,Bookshelf,7087.81,17,0.0,1422.77
ORD-2023-03872,2024-07-18,C0198,Joseph Martinez,Consumer,Japan,Asia,Tokyo,Tokyo,Office Supplies,Art,Markers,47.31,1,0.0,5.47
ORD-2024-03873,2023-02-03,C0001,Robert Gonzalez,Home Office,Australia,Oceania,Victoria,Melbourne,Technology,Laptops,Dell XPS 15,16380.01,15,1638.0,4798.03
ORD-2024-03874,2022-10-26,C0095,Patricia Williams,Consumer,USA,North America,Texas,Houston,Furniture,Storage,File Cabinet,152.21,2,0.0,40.9
ORD-2022-03875,2023-12-04,C0136,Barbara Smith,Consumer,China,Asia,Beijing,Beijing,Office Supplies,Binders,Expansion Folder,197.83,5,0.0,49.0
ORD-2023-03876,2022-10-10,C0077,James Davis,Home Office,India,Asia,Maharashtra,Mumbai,Furniture,Chairs,Ergonomic Executive Chair,7259.15,17,1451.83,1562.81
ORD-2023-03877,2023-01-27,C0139,Joseph Garcia,Home Office,USA,North America,New York,New York City,Office Supplies,Art,Watercolor Set,113.78,18,0.0,43.24
ORD-2023-03878,2023-07-08,C0173,John Thomas,Home Office,India,Asia,Maharashtra,Mumbai,Technology,Phones,Nokia G20,4858.88,5,485.89,968.99
ORD-2024-03879,2023-12-08,C0147,John Hernandez,Home Office,China,Asia,Beijing,Beijing,Technology,Phones,Pixel 6,16588.03,20,0.0,3237.13
ORD-2023-03880,2024-06-13,C0094,Linda Garcia,Corporate,Australia,Oceania,Victoria,Melbourne,Technology,Accessories,USB-C Hub,18644.99,13,1864.5,2965.94
ORD-2022-03881,2023-10-19,C0123,Susan Garcia,Consumer,USA,North America,Texas,Houston,Office Supplies,Paper,A4 Printer Paper,106.22,8,0.0,27.19
ORD-2023-03882,2022-07-31,C0146,Mary Gonzalez,Consumer,Canada,North America,Ontario,Toronto,Technology,Accessories,Webcam,6892.5,11,0.0,1484.72
ORD-2022-03883,2023-07-08,C0148,Linda Jones,Consumer,India,Asia,Maharashtra,Mumbai,Office Supplies,Paper,Legal Pad,378.24,18,75.65,94.31
ORD-2023-03884,2024-05-05,C0116,Joseph Rodriguez,Home Office,Japan,Asia,Tokyo,Tokyo,Office Supplies,Paper,Sticky Notes,14.09,1,2.82,4.18
ORD-2023-03885,2024-02-17,C0109,Jennifer Hernandez,Consumer,Australia,Oceania,New South Wales,Sydney,Office Supplies,Binders,Report Cover,91.45,15,9.15,27.2
ORD-2022-03886,2022-01-20,C0193,Linda Williams,Home Office,Australia,Oceania,Victoria,Melbourne,Furniture,Tables,Coffee Table,1587.82,3,158.78,196.4
ORD-2022-03887,2024-07-22,C0119,John Jones,Consumer,Germany,Europe,Bavaria,Munich,Furniture,Storage,Wardrobe,3598.87,6,359.89,684.18
ORD-2023-03888,2024-08-27,C0138,Mary Martinez,Home Office,USA,North America,New York,New York City,Furniture,Chairs,Stool,11604.1,20,0.0,2342.65
ORD-2022-03889,2023-03-29,C0180,Joseph Wilson,Corporate,Japan,Asia,Tokyo,Tokyo,Technology,Laptops,Dell XPS 15,24235.58,20,0.0,5182.97
ORD-2023-03890,2024-08-06,C0061,Elizabeth Martinez,Consumer,India,Asia,Maharashtra,Mumbai,Technology,Phones,Samsung Galaxy S21,679.27,1,33.96,149.27
ORD-2024-03891,2023-02-11,C0033,Joseph Johnson,Consumer,India,Asia,Maharashtra,Mumbai,Office Supplies,Paper,Legal Pad,353.37,19,70.67,42.8
ORD-2023-03892,2024-05-28,C0161,Michael Jones,Consumer,China,Asia,Beijing,Beijing,Technology,Phones,Nokia G20,1475.62,1,0.0,260.48
ORD-2023-03893,2024-02-29,C0147,John Hernandez,Home Office,USA,North America,New York,New York City,Technology,Accessories,Wireless Mouse,427.88,4,85.58,63.19
ORD-2022-03894,2022-04-26,C0179,Jennifer Thomas,Consumer,Germany,Europe,Bavaria,Munich,Technology,Accessories,Webcam,8232.19,15,1646.44,1672.8
ORD-2022-03895,2023-07-04,C0039,Barbara Brown,Home Office,France,Europe,Ile-de-France,Paris,Technology,Phones,Pixel 6,13664.33,12,2732.87,2473.87
ORD-2022-03896,2024-04-27,C0056,Mary Brown,Corporate,India,Asia,Maharashtra,Mumbai,Furniture,Storage,Bookshelf,2183.86,5,109.19,243.63
ORD-2022-03897,2024-09-25,C0124,Robert Thomas,Corporate,USA,North America,New York,New York City,Office Supplies,Art,Watercolor Set,56.32,5,11.26,15.31
ORD-2023-03898,2024-07-13,C0141,Joseph Lopez,Home Office,UK,Europe,England,London,Furniture,Storage,Wardrobe,7938.39,16,1587.68,2361.92
ORD-2024-03899,2023-03-31,C0062,Robert Johnson,Home Office,UK,Europe,England,London,Technology,Accessories,Mechanical Keyboard,2125.76,10,425.15,421.83
ORD-2024-03900,2022-10-25,C0143,Joseph Gonzalez,Home Office,India,Asia,Maharashtra,Mumbai,Office Supplies,Binders,Expansion Folder,310.96,18,15.55,58.21
ORD-2022-03901,2024-05-20,C0185,Richard Anderson,Home Office,UK,Europe,England,London,Technology,Accessories,Wireless Mouse,9873.14,15,0.0,1591.21
ORD-2024-03902,2023-05-13,C0181,William Thomas,Consumer,India,Asia,Maharashtra,Mumbai,Technology,Accessories,Webcam,12114.23,9,0.0,2819.83
ORD-2023-03903,2022-07-18,C0035,Jessica Johnson,Home Office,USA,North America,California,Los Angeles,Office Supplies,Paper,Cardstock,676.96,20,135.39,202.16
ORD-2023-03904,2024-03-31,C0061,Elizabeth Martinez,Consumer,USA,North America,California,Los Angeles,Office Supplies,Binders,Report Cover,272.6,20,27.26,26.55
ORD-2022-03905,2024-05-25,C0191,Jessica Brown,Corporate,Canada,North America,Ontario,Toronto,Office Supplies,Binders,Expansion Folder,55.1,5,2.76,9.82
ORD-2022-03906,2023-04-28,C0142,Barbara Rodriguez,Home Office,France,Europe,Ile-de-France,Paris,Technology,Phones,Samsung Galaxy S21,2989.22,18,597.84,391.5
ORD-2022-03907,2023-02-09,C0088,Elizabeth Brown,Home Office,Germany,Europe,Bavaria,Munich,Office Supplies,Binders,Report Cover,135.35,9,13.54,23.6
ORD-2023-03908,2024-04-20,C0118,Mary Hernandez,Corporate,USA,North America,New York,New York City,Office Supplies,Art,Sketchbook,230.65,12,23.07,54.57
ORD-2024-03909,2024-04-08,C0049,Mary Martinez,Corporate,Australia,Oceania,Victoria,Melbourne,Technology,Laptops,Lenovo ThinkPad,2484.99,14,248.5,571.11
ORD-2024-03910,2023-02-22,C0132,John Smith,Corporate,Japan,Asia,Tokyo,Tokyo,Technology,Accessories,USB-C Hub,11138.45,11,0.0,3947.43
ORD-2022-03911,2022-07-23,C0010,William Brown,Corporate,USA,North America,New York,New York City,Office Supplies,Binders,Expansion Folder,63.26,6,0.0,6.92
ORD-2023-03912,2023-06-28,C0076,Jennifer Miller,Home Office,India,Asia,Maharashtra,Mumbai,Technology,Laptops,Lenovo ThinkPad,13310.36,9,665.52,2508.41
ORD-2022-03913,2024-03-27,C0047,Mary Thomas,Consumer,Australia,Oceania,New South Wales,Sydney,Office Supplies,Art,Markers,72.22,2,0.0,20.39
ORD-2024-03914,2023-10-12,C0090,Patricia Davis,Consumer,France,Europe,Ile-de-France,Paris,Office Supplies,Binders,Expansion Folder,30.13,3,0.0,6.43
ORD-2024-03915,2022-10-16,C0080,David Rodriguez,Corporate,UK,Europe,England,London,Furniture,Storage,Wardrobe,4198.14,7,0.0,1594.49
ORD-2023-03916,2023-07-02,C0127,Jessica Jones,Home Office,France,Europe,Ile-de-France,Paris,Technology,Laptops,Dell XPS 15,1321.32,5,132.13,354.6
ORD-2023-03917,2024-03-30,C0124,Robert Thomas,Corporate,USA,North America,Texas,Houston,Technology,Laptops,Dell XPS 15,17232.68,15,0.0,3723.37
ORD-2023-03918,2023-05-25,C0171,Joseph Brown,Consumer,Australia,Oceania,New South Wales,Sydney,Technology,Phones,iPhone 13,1792.9,3,179.29,399.21
ORD-2023-03919,2023-09-19,C0084,Barbara Wilson,Consumer,China,Asia,Beijing,Beijing,Technology,Laptops,HP Spectre x360,5994.27,8,299.71,753.23
ORD-2022-03920,2024-09-12,C0144,Michael Jones,Home Office,France,Europe,Ile-de-France,Paris,Furniture,Storage,File Cabinet,2124.95,14,106.25,698.19
ORD-2023-03921,2022-04-02,C0173,John Thomas,Corporate,USA,North America,Texas,Houston,Technology,Accessories,Mechanical Keyboard,10543.36,20,1054.34,3140.9
ORD-2024-03922,2022-03-06,C0140,David Miller,Consumer,China,Asia,Beijing,Beijing,Furniture,Storage,Bookshelf,402.99,6,40.3,66.7
ORD-2022-03923,2023-10-29,C0091,Patricia Miller,Corporate,Australia,Oceania,New South Wales,Sydney,Office Supplies,Paper,Cardstock,57.4,5,5.74,19.46
ORD-2023-03924,2023-12-17,C0039,Barbara Brown,Consumer,France,Europe,Ile-de-France,Paris,Furniture,Tables,Dining Table,1213.13,13,60.66,274.71
ORD-2024-03925,2023-03-11,C0081,Susan Brown,Corporate,Australia,Oceania,Victoria,Melbourne,Office Supplies,Paper,Sticky Notes,132.97,12,26.59,30.06
ORD-2024-03926,2023-10-31,C0178,Patricia Thomas,Home Office,Germany,Europe,Bavaria,Munich,Furniture,Chairs,Gaming Chair,1941.74,6,0.0,727.94
ORD-2024-03927,2022-01-24,C0158,Richard Williams,Corporate,USA,North America,California,Los Angeles,Office Supplies,Art,Sketchbook,452.6,12,0.0,134.47
ORD-2024-03928,2023-06-09,C0010,William Brown,Corporate,China,Asia,Beijing,Beijing,Technology,Accessories,Wireless Mouse,15483.22,15,774.16,5536.97
ORD-2023-03929,2022-01-06,C0120,Jessica Martinez,Home Office,China,Asia,Beijing,Beijing,Office Supplies,Paper,Legal Pad,272.43,11,0.0,45.28
ORD-2024-03930,2022-10-16,C0101,Patricia Williams,Home Office,UK,Europe,England,London,Technology,Laptops,Lenovo ThinkPad,9196.07,10,919.61,982.36
ORD-2024-03931,2023-08-18,C0160,David Williams,Corporate,Australia,Oceania,Victoria,Melbourne,Technology,Accessories,Wireless Mouse,884.99,4,88.5,144.51
ORD-2023-03932,2022-01-29,C0143,Joseph Gonzalez,Home Office,Australia,Oceania,New South Wales,Sydney,Technology,Phones,iPhone 13,1912.13,2,0.0,745.89
ORD-2022-03933,2024-08-28,C0044,Richard Miller,Consumer,Germany,Europe,Bavaria,Munich,Office Supplies,Art,Sketchbook,97.48,2,9.75,19.52
ORD-2023-03934,2023-11-02,C0098,Susan Gonzalez,Corporate,Japan,Asia,Tokyo,Tokyo,Furniture,Tables,Coffee Table,1777.84,8,355.57,450.05
ORD-2022-03935,2022-05-31,C0082,Jessica Martinez,Corporate,UK,Europe,England,London,Office Supplies,Binders,Expansion Folder,121.72,4,6.09,25.63
ORD-2022-03936,2023-04-11,C0174,Mary Brown,Consumer,Japan,Asia,Tokyo,Tokyo,Furniture,Storage,Bookshelf,3435.14,6,687.03,770.38
ORD-2023-03937,2022-02-15,C0163,Joseph Hernandez,Home Office,UK,Europe,England,London,Furniture,Storage,Bookshelf,411.3,1,41.13,120.39
ORD-2022-03938,2022-12-12,C0001,Robert Gonzalez,Consumer,France,Europe,Ile-de-France,Paris,Technology,Accessories,Wireless Mouse,5737.1,5,573.71,808.77
ORD-2024-03939,2023-09-13,C0002,Susan Martinez,Consumer,Australia,Oceania,Victoria,Melbourne,Technology,Accessories,Wireless Mouse,18722.79,19,3744.56,2145.15
ORD-2023-03940,2024-04-21,C0200,Elizabeth Martinez,Consumer,Australia,Oceania,New South Wales,Sydney,Technology,Phones,Nokia G20,3297.05,18,659.41,581.01
ORD-2022-03941,2023-05-08,C0038,John Brown,Home Office,Japan,Asia,Tokyo,Tokyo,Furniture,Storage,File Cabinet,285.85,1,0.0,41.05
ORD-2022-03942,2022-02-01,C0094,Linda Garcia,Corporate,Australia,Oceania,New South Wales,Sydney,Furniture,Tables,Study Desk,303.74,2,15.19,66.89
ORD-2022-03943,2023-02-05,C0057,Michael Gonzalez,Consumer,Australia,Oceania,Victoria,Melbourne,Furniture,Storage,File Cabinet,3114.76,12,0.0,319.51
ORD-2022-03944,2022-10-28,C0152,Jessica Anderson,Home Office,Germany,Europe,Bavaria,Munich,Office Supplies,Binders,Report Cover,451.84,15,0.0,93.69
ORD-2024-03945,2024-01-06,C0157,Linda Smith,Corporate,USA,North America,California,Los Angeles,Office Supplies,Paper,Sticky Notes,189.25,10,18.93,53.76
ORD-2022-03946,2022-08-09,C0084,Barbara Wilson,Consumer,India,Asia,Maharashtra,Mumbai,Technology,Phones,Pixel 6,1226.89,1,122.69,408.54
ORD-2024-03947,2024-08-14,C0021,Elizabeth Thomas,Home Office,Australia,Oceania,New South Wales,Sydney,Office Supplies,Binders,Expansion Folder,65.83,4,0.0,10.73
ORD-2023-03948,2022-09-25,C0088,Elizabeth Brown,Home Office,Australia,Oceania,Victoria,Melbourne,Furniture,Storage,Bookshelf,1118.49,3,223.7,190.11
ORD-2022-03949,2022-05-20,C0083,James Jones,Consumer,Japan,Asia,Tokyo,Tokyo,Technology,Accessories,Webcam,7857.42,17,0.0,2075.89
ORD-2022-03950,2023-12-17,C0073,Elizabeth Smith,Consumer,UK,Europe,England,London,Technology,Accessories,Wireless Mouse,26723.9,19,2672.39,6113.05
ORD-2023-03951,2023-03-30,C0045,Jessica Smith,Home Office,USA,North America,New York,New York City,Office Supplies,Paper,A4 Printer Paper,511.33,12,51.13,162.17
ORD-2022-03952,2023-11-21,C0184,Susan Martinez,Consumer,USA,North America,Texas,Houston,Furniture,Storage,File Cabinet,199.23,3,0.0,23.77
ORD-2022-03953,2023-11-28,C0148,Linda Jones,Consumer,Australia,Oceania,Victoria,Melbourne,Office Supplies,Paper,A4 Printer Paper,124.67,5,0.0,14.62
ORD-2022-03954,2024-08-21,C0044,Richard Miller,Home Office,France,Europe,Ile-de-France,Paris,Technology,Phones,Nokia G20,10658.04,10,532.9,3297.56
ORD-2024-03955,2024-06-02,C0026,Barbara Jones,Consumer,France,Europe,Ile-de-France,Paris,Technology,Accessories,Wireless Mouse,12095.02,9,0.0,2762.47
ORD-2024-03956,2022-05-05,C0012,Patricia Johnson,Home Office,France,Europe,Ile-de-France,Paris,Office Supplies,Art,Watercolor Set,47.53,7,2.38,5.16
ORD-2024-03957,2023-10-20,C0086,Jennifer Gonzalez,Consumer,Australia,Oceania,New South Wales,Sydney,Office Supplies,Art,Watercolor Set,94.39,4,18.88,25.3
ORD-2023-03958,2023-04-06,C0079,David Gonzalez,Consumer,Australia,Oceania,Victoria,Melbourne,Office Supplies,Binders,Expansion Folder,345.85,13,69.17,60.89
ORD-2024-03959,2022-11-14,C0121,Joseph Thomas,Home Office,India,Asia,Maharashtra,Mumbai,Furniture,Chairs,Gaming Chair,447.25,1,0.0,140.97
ORD-2023-03960,2023-01-17,C0101,Patricia Williams,Home Office,Japan,Asia,Tokyo,Tokyo,Office Supplies,Art,Watercolor Set,227.39,13,11.37,52.39
ORD-2024-03961,2023-06-30,C0104,Mary Jones,Home Office,France,Europe,Ile-de-France,Paris,Furniture,Tables,Study Desk,9141.68,16,0.0,1186.57
ORD-2023-03962,2024-03-05,C0070,Jessica Anderson,Home Office,Australia,Oceania,New South Wales,Sydney,Technology,Phones,Pixel 6,7119.13,15,1423.83,1219.5
ORD-2022-03963,2024-05-24,C0068,Elizabeth Lopez,Consumer,France,Europe,Ile-de-France,Paris,Furniture,Storage,Wardrobe,547.04,1,109.41,158.8
ORD-2022-03964,2023-02-14,C0070,Jessica Anderson,Home Office,India,Asia,Maharashtra,Mumbai,Furniture,Storage,Bookshelf,723.61,2,0.0,155.45
ORD-2024-03965,2022-02-24,C0171,Joseph Brown,Consumer,Australia,Oceania,Victoria,Melbourne,Technology,Phones,Samsung Galaxy S21,16486.59,17,3297.32,2041.73
ORD-2023-03966,2022-03-25,C0066,Richard Williams,Consumer,Canada,North America,Ontario,Toronto,Furniture,Storage,Bookshelf,1358.84,8,67.94,215.18
ORD-2023-03967,2023-05-30,C0089,Richard Williams,Consumer,Germany,Europe,Bavaria,Munich,Furniture,Storage,Bookshelf,2433.09,12,243.31,801.12
ORD-2022-03968,2022-06-18,C0179,Jennifer Thomas,Consumer,Japan,Asia,Tokyo,Tokyo,Furniture,Storage,File Cabinet,411.41,8,0.0,142.84
ORD-2023-03969,2022-10-27,C0102,James Martinez,Corporate,USA,North America,California,Los Angeles,Office Supplies,Art,Watercolor Set,57.58,2,0.0,9.3
ORD-2022-03970,2023-11-14,C0170,Mary Smith,Home Office,India,Asia,Maharashtra,Mumbai,Furniture,Tables,Dining Table,178.94,1,17.89,57.03
ORD-2023-03971,2022-05-11,C0068,Elizabeth Lopez,Home Office,India,Asia,Maharashtra,Mumbai,Technology,Accessories,Webcam,2153.88,10,107.69,422.29
ORD-2024-03972,2022-03-31,C0020,Michael Williams,Consumer,USA,North America,Texas,Houston,Furniture,Storage,Wardrobe,3888.75,14,388.88,642.44
ORD-2024-03973,2022-01-12,C0068,Elizabeth Lopez,Home Office,Canada,North America,Ontario,Toronto,Technology,Accessories,Mechanical Keyboard,14847.92,19,2969.58,4078.86
ORD-2024-03974,2023-02-05,C0006,John Martinez,Corporate,USA,North America,Texas,Houston,Office Supplies,Paper,Cardstock,317.98,9,0.0,75.13
ORD-2024-03975,2022-11-01,C0197,Richard Wilson,Home Office,Australia,Oceania,New South Wales,Sydney,Technology,Phones,Pixel 6,15940.1,12,797.01,2952.29
ORD-2024-03976,2022-09-07,C0136,Barbara Smith,Corporate,Japan,Asia,Tokyo,Tokyo,Office Supplies,Binders,Report Cover,166.97,12,8.35,33.19
ORD-2022-03977,2022-08-06,C0074,Jessica Martinez,Corporate,Germany,Europe,Bavaria,Munich,Office Supplies,Paper,Legal Pad,377.53,9,75.51,58.48
ORD-2022-03978,2023-04-25,C0168,Patricia Hernandez,Consumer,Australia,Oceania,Victoria,Melbourne,Technology,Phones,Samsung Galaxy S21,5871.27,6,0.0,1848.25
ORD-2024-03979,2023-11-15,C0026,Barbara Jones,Home Office,Australia,Oceania,New South Wales,Sydney,Furniture,Storage,Wardrobe,799.48,7,79.95,185.78
ORD-2023-03980,2022-03-14,C0021,Elizabeth Thomas,Corporate,China,Asia,Beijing,Beijing,Office Supplies,Paper,Cardstock,386.57,10,0.0,40.67
ORD-2022-03981,2023-12-02,C0141,Joseph Lopez,Corporate,Australia,Oceania,Victoria,Melbourne,Technology,Accessories,USB-C Hub,5911.8,7,0.0,1294.39
ORD-2022-03982,2024-04-30,C0181,William Thomas,Home Office,France,Europe,Ile-de-France,Paris,Technology,Phones,Pixel 6,15629.51,14,1562.95,3713.28
ORD-2023-03983,2024-01-17,C0183,Barbara Johnson,Consumer,Japan,Asia,Tokyo,Tokyo,Furniture,Chairs,Stool,5691.93,20,1138.39,1546.81
ORD-2022-03984,2022-10-27,C0130,Mary Johnson,Home Office,India,Asia,Maharashtra,Mumbai,Office Supplies,Paper,Legal Pad,191.33,15,19.13,58.84
ORD-2024-03985,2023-02-23,C0081,Susan Brown,Corporate,Japan,Asia,Tokyo,Tokyo,Office Supplies,Paper,A4 Printer Paper,118.12,8,11.81,37.43
ORD-2024-03986,2022-06-02,C0054,Patricia Johnson,Home Office,USA,North America,New York,New York City,Furniture,Storage,Wardrobe,2731.25,6,0.0,761.67
ORD-2023-03987,2022-07-05,C0060,Joseph Miller,Corporate,Germany,Europe,Bavaria,Munich,Office Supplies,Art,Watercolor Set,524.6,12,26.23,186.01
ORD-2024-03988,2022-10-19,C0072,Richard Jones,Home Office,Japan,Asia,Tokyo,Tokyo,Furniture,Storage,File Cabinet,2289.96,7,0.0,477.31
ORD-2024-03989,2022-10-01,C0157,Linda Smith,Corporate,China,Asia,Beijing,Beijing,Furniture,Storage,Wardrobe,792.51,4,0.0,139.11
ORD-2023-03990,2023-09-26,C0172,Richard Garcia,Consumer,USA,North America,Texas,Houston,Furniture,Chairs,Ergonomic Executive Chair,3961.27,12,396.13,951.11
ORD-2024-03991,2022-09-10,C0036,Joseph Johnson,Consumer,Canada,North America,Ontario,Toronto,Office Supplies,Art,Watercolor Set,513.27,17,0.0,167.32
ORD-2022-03992,2023-08-09,C0173,John Thomas,Home Office,China,Asia,Beijing,Beijing,Technology,Phones,Pixel 6,2991.09,19,0.0,828.47
ORD-2024-03993,2023-09-28,C0183,Barbara Johnson,Consumer,Germany,Europe,Bavaria,Munich,Furniture,Chairs,Ergonomic Executive Chair,7782.15,15,389.11,2907.41
ORD-2022-03994,2023-11-18,C0129,Elizabeth Johnson,Corporate,Germany,Europe,Bavaria,Munich,Technology,Laptops,Dell XPS 15,2669.54,16,0.0,1060.31
ORD-2022-03995,2024-01-15,C0154,Richard Garcia,Corporate,Japan,Asia,Tokyo,Tokyo,Furniture,Chairs,Office Chair,2202.0,7,220.2,614.18
ORD-2022-03996,2024-07-25,C0104,Mary Jones,Corporate,Germany,Europe,Bavaria,Munich,Furniture,Tables,Study Desk,1948.46,16,0.0,766.8
ORD-2023-03997,2024-05-14,C0124,Robert Thomas,Consumer,Australia,Oceania,Victoria,Melbourne,Office Supplies,Binders,Expansion Folder,586.73,19,58.67,147.72
ORD-2022-03998,2024-01-25,C0187,Joseph Rodriguez,Consumer,USA,North America,California,Los Angeles,Office Supplies,Binders,Report Cover,495.63,12,24.78,116.82
ORD-2024-03999,2022-11-01,C0100,James Jones,Corporate,Australia,Oceania,Victoria,Melbourne,Office Supplies,Paper,A4 Printer Paper,555.93,19,0.0,217.14
ORD-2023-04000,2022-03-10,C0050,Mary Davis,Consumer,Australia,Oceania,New South Wales,Sydney,Office Supplies,Paper,Sticky Notes,209.76,5,10.49,49.11
ORD-2022-04001,2022-06-19,C0095,Patricia Williams,Home Office,France,Europe,Ile-de-France,Paris,Furniture,Tables,Coffee Table,4292.59,12,214.63,466.18
ORD-2022-04002,2023-01-02,C0151,Robert Brown,Corporate,Canada,North America,Ontario,Toronto,Office Supplies,Binders,3-Ring Binder,265.38,7,26.54,58.74
ORD-2023-04003,2022-06-30,C0183,Barbara Johnson,Consumer,Australia,Oceania,Victoria,Melbourne,Technology,Laptops,HP Spectre x360,4526.8,7,226.34,988.44
ORD-2023-04004,2022-05-06,C0044,Richard Miller,Corporate,China,Asia,Beijing,Beijing,Technology,Laptops,MacBook Pro 14,23500.86,17,0.0,5436.97
ORD-2023-04005,2023-01-17,C0169,William Gonzalez,Corporate,Australia,Oceania,Victoria,Melbourne,Technology,Accessories,Webcam,16455.28,15,0.0,2295.32
ORD-2024-04006,2023-09-08,C0128,Jennifer Wilson,Home Office,USA,North America,California,Los Angeles,Furniture,Storage,Bookshelf,7835.84,18,1567.17,959.09
ORD-2022-04007,2023-03-20,C0173,John Thomas,Consumer,USA,North America,Texas,Houston,Office Supplies,Binders,Report Cover,593.17,13,59.32,110.78
ORD-2024-04008,2022-11-29,C0153,John Thomas,Consumer,Japan,Asia,Tokyo,Tokyo,Furniture,Tables,Conference Table,4541.96,12,0.0,1400.96
ORD-2022-04009,2024-01-11,C0108,John Miller,Corporate,Japan,Asia,Tokyo,Tokyo,Office Supplies,Binders,3-Ring Binder,810.43,18,40.52,201.42
ORD-2023-04010,2024-03-30,C0177,Joseph Miller,Corporate,Germany,Europe,Bavaria,Munich,Furniture,Chairs,Office Chair,771.71,9,0.0,289.55
ORD-2024-04011,2024-02-15,C0155,Barbara Anderson,Corporate,UK,Europe,England,London,Furniture,Storage,File Cabinet,2940.45,8,0.0,854.58
ORD-2023-04012,2023-06-01,C0011,Patricia Hernandez,Consumer,USA,North America,New York,New York City,Furniture,Tables,Coffee Table,1662.33,4,83.12,409.7
ORD-2024-04013,2022-10-19,C0074,Jessica Martinez,Consumer,Germany,Europe,Bavaria,Munich,Furniture,Chairs,Office Chair,518.73,1,0.0,158.07
ORD-2022-04014,2023-11-04,C0144,Michael Jones,Corporate,India,Asia,Maharashtra,Mumbai,Office Supplies,Binders,3-Ring Binder,179.95,4,9.0,62.02
ORD-2024-04015,2024-06-01,C0124,Robert Thomas,Corporate,Australia,Oceania,New South Wales,Sydney,Technology,Laptops,Dell XPS 15,5307.2,9,1061.44,1232.49
ORD-2024-04016,2022-05-17,C0078,Mary Wilson,Home Office,India,Asia,Maharashtra,Mumbai,Furniture,Tables,Dining Table,6426.23,12,0.0,1580.16
ORD-2023-04017,2023-06-05,C0170,Mary Smith,Home Office,Australia,Oceania,New South Wales,Sydney,Furniture,Storage,Bookshelf,3285.6,6,328.56,651.7
ORD-2022-04018,2022-09-30,C0153,John Thomas,Corporate,Australia,Oceania,Victoria,Melbourne,Office Supplies,Binders,Report Cover,112.14,7,0.0,26.79
ORD-2022-04019,2022-10-17,C0072,Richard Jones,Home Office,China,Asia,Beijing,Beijing,Office Supplies,Paper,Legal Pad,324.57,7,0.0,76.75
ORD-2022-04020,2023-07-03,C0005,James Martinez,Corporate,USA,North America,California,Los Angeles,Office Supplies,Paper,Sticky Notes,565.63,16,28.28,134.77
ORD-2023-04021,2024-09-12,C0001,Robert Gonzalez,Consumer,Australia,Oceania,Victoria,Melbourne,Furniture,Storage,Wardrobe,1071.19,20,0.0,402.12
ORD-2024-04022,2022-09-06,C0012,Patricia Johnson,Corporate,Australia,Oceania,New South Wales,Sydney,Technology,Accessories,Wireless Mouse,22761.24,16,2276.12,5007.62
ORD-2022-04023,2023-01-22,C0027,Barbara Miller,Home Office,Australia,Oceania,Victoria,Melbourne,Furniture,Tables,Coffee Table,3168.05,13,0.0,538.85
ORD-2022-04024,2022-01-01,C0113,Mary Johnson,Corporate,China,Asia,Beijing,Beijing,Furniture,Chairs,Ergonomic Executive Chair,9879.1,20,0.0,1422.09
ORD-2024-04025,2023-02-27,C0149,Richard Garcia,Consumer,China,Asia,Beijing,Beijing,Technology,Accessories,Mechanical Keyboard,2483.97,4,496.79,339.71
ORD-2023-04026,2022-11-30,C0071,Michael Thomas,Corporate,Australia,Oceania,Victoria,Melbourne,Furniture,Storage,Wardrobe,2981.29,6,0.0,918.85
ORD-2024-04027,2023-06-27,C0092,Barbara Jones,Corporate,USA,North America,California,Los Angeles,Furniture,Tables,Conference Table,3188.83,13,0.0,1087.92
ORD-2023-04028,2022-12-05,C0162,James Rodriguez,Consumer,UK,Europe,England,London,Technology,Accessories,Webcam,2580.88,3,0.0,453.16
ORD-2022-04029,2023-09-03,C0063,Michael Anderson,Consumer,China,Asia,Beijing,Beijing,Furniture,Tables,Coffee Table,1221.23,9,244.25,325.92
ORD-2023-04030,2022-07-10,C0024,Patricia Gonzalez,Corporate,Japan,Asia,Tokyo,Tokyo,Office Supplies,Binders,Expansion Folder,20.89,2,4.18,3.67
ORD-2024-04031,2022-07-19,C0187,Joseph Rodriguez,Corporate,Australia,Oceania,New South Wales,Sydney,Technology,Phones,Samsung Galaxy S21,1030.29,2,0.0,242.76
ORD-2022-04032,2023-09-19,C0103,Richard Miller,Consumer,India,Asia,Maharashtra,Mumbai,Office Supplies,Paper,Sticky Notes,76.54,14,0.0,21.95
ORD-2023-04033,2023-08-14,C0003,John Brown,Corporate,France,Europe,Ile-de-France,Paris,Office Supplies,Binders,3-Ring Binder,218.88,14,10.94,34.39
ORD-2024-04034,2024-07-19,C0106,John Rodriguez,Home Office,USA,North America,California,Los Angeles,Technology,Laptops,MacBook Pro 14,3498.06,14,349.81,391.3
ORD-2024-04035,2023-10-23,C0192,Patricia Hernandez,Consumer,Germany,Europe,Bavaria,Munich,Furniture,Chairs,Ergonomic Executive Chair,1513.15,9,151.32,159.21
ORD-2024-04036,2022-03-31,C0181,William Thomas,Home Office,Germany,Europe,Bavaria,Munich,Furniture,Storage,Bookshelf,2454.37,9,490.87,231.31
ORD-2024-04037,2022-07-24,C0081,Susan Brown,Home Office,India,Asia,Maharashtra,Mumbai,Furniture,Tables,Conference Table,1095.74,12,219.15,258.34
ORD-2024-04038,2023-08-12,C0038,John Brown,Corporate,USA,North America,California,Los Angeles,Furniture,Chairs,Office Chair,6235.76,11,623.58,2144.19
ORD-2022-04039,2023-07-17,C0037,Barbara Gonzalez,Corporate,Australia,Oceania,Victoria,Melbourne,Furniture,Storage,Bookshelf,625.18,2,62.52,126.82
ORD-2023-04040,2024-08-19,C0166,William Thomas,Consumer,Germany,Europe,Bavaria,Munich,Furniture,Storage,File Cabinet,2515.67,13,0.0,636.49
ORD-2022-04041,2023-04-29,C0144,Michael Jones,Consumer,USA,North America,California,Los Angeles,Furniture,Chairs,Ergonomic Executive Chair,10073.48,18,503.67,3665.48
ORD-2024-04042,2023-12-23,C0189,Robert Thomas,Consumer,France,Europe,Ile-de-France,Paris,Furniture,Tables,Study Desk,467.84,6,0.0,121.07
ORD-2022-04043,2022-02-24,C0019,Michael Lopez,Consumer,Australia,Oceania,Victoria,Melbourne,Furniture,Tables,Coffee Table,1729.84,9,345.97,434.7
ORD-2023-04044,2023-10-18,C0193,Linda Williams,Home Office,France,Europe,Ile-de-France,Paris,Technology,Accessories,Wireless Mouse,1439.59,14,287.92,425.73
ORD-2024-04045,2022-06-20,C0187,Joseph Rodriguez,Consumer,UK,Europe,England,London,Furniture,Tables,Conference Table,8895.35,19,1779.07,1297.5
ORD-2023-04046,2022-07-29,C0103,Richard Miller,Consumer,Japan,Asia,Tokyo,Tokyo,Furniture,Storage,Bookshelf,2385.85,6,119.29,522.37
ORD-2023-04047,2024-08-24,C0001,Robert Gonzalez,Corporate,UK,Europe,England,London,Technology,Phones,Pixel 6,6339.38,7,1267.88,1109.67
ORD-2022-04048,2023-08-04,C0183,Barbara Johnson,Home Office,France,Europe,Ile-de-France,Paris,Technology,Phones,Nokia G20,1815.2,11,90.76,193.45
ORD-2022-04049,2022-08-31,C0197,Richard Wilson,Home Office,Australia,Oceania,Victoria,Melbourne,Office Supplies,Binders,Report Cover,539.14,16,53.91,158.51
ORD-2024-04050,2022-01-25,C0168,Patricia Hernandez,Corporate,China,Asia,Beijing,Beijing,Technology,Phones,iPhone 13,18489.4,15,1848.94,5599.53
ORD-2022-04051,2022-12-18,C0067,Susan Thomas,Home Office,USA,North America,Texas,Houston,Technology,Phones,Nokia G20,11907.48,13,0.0,3307.95
ORD-2022-04052,2022-03-19,C0046,Barbara Davis,Corporate,UK,Europe,England,London,Technology,Laptops,HP Spectre x360,2196.25,4,0.0,833.37
ORD-2023-04053,2022-09-15,C0008,Jennifer Anderson,Consumer,Australia,Oceania,New South Wales,Sydney,Furniture,Storage,Wardrobe,2865.0,6,573.0,682.99
ORD-2023-04054,2023-09-25,C0021,Elizabeth Thomas,Consumer,France,Europe,Ile-de-France,Paris,Furniture,Chairs,Gaming Chair,6490.0,15,0.0,2408.06
ORD-2023-04055,2022-03-08,C0158,Richard Williams,Home Office,China,Asia,Beijing,Beijing,Technology,Accessories,Wireless Mouse,2269.14,19,453.83,491.71
ORD-2022-04056,2022-07-29,C0003,John Brown,Corporate,USA,North America,California,Los Angeles,Furniture,Chairs,Office Chair,6685.32,12,1337.06,1760.75
ORD-2024-04057,2023-03-07,C0119,John Jones,Consumer,Japan,Asia,Tokyo,Tokyo,Office Supplies,Binders,3-Ring Binder,206.4,17,0.0,60.52
ORD-2022-04058,2022-01-28,C0067,Susan Thomas,Consumer,China,Asia,Beijing,Beijing,Furniture,Tables,Conference Table,6644.71,19,0.0,762.53
ORD-2022-04059,2023-09-14,C0090,Patricia Davis,Home Office,Canada,North America,Ontario,Toronto,Office Supplies,Binders,3-Ring Binder,413.46,17,20.67,78.42
ORD-2022-04060,2023-06-04,C0133,Richard Miller,Corporate,Australia,Oceania,Victoria,Melbourne,Office Supplies,Paper,Cardstock,479.17,13,23.96,84.48
ORD-2023-04061,2023-02-11,C0036,Joseph Johnson,Home Office,France,Europe,Ile-de-France,Paris,Technology,Phones,Samsung Galaxy S21,5197.97,13,1039.59,722.84
ORD-2024-04062,2023-03-03,C0069,Mary Jones,Consumer,Australia,Oceania,New South Wales,Sydney,Technology,Accessories,Webcam,1262.18,2,0.0,168.91
ORD-2023-04063,2024-07-31,C0040,Linda Garcia,Consumer,China,Asia,Beijing,Beijing,Furniture,Tables,Conference Table,1306.12,13,130.61,211.77
ORD-2022-04064,2024-04-29,C0166,William Thomas,Home Office,Australia,Oceania,New South Wales,Sydney,Technology,Accessories,USB-C Hub,19027.88,18,0.0,2640.75
ORD-2023-04065,2024-07-23,C0080,David Rodriguez,Corporate,Australia,Oceania,Victoria,Melbourne,Technology,Laptops,Dell XPS 15,10086.03,7,504.3,1022.01
ORD-2023-04066,2024-02-23,C0059,Jessica Thomas,Consumer,Germany,Europe,Bavaria,Munich,Technology,Accessories,USB-C Hub,15662.76,11,0.0,2105.39
ORD-2023-04067,2022-12-03,C0106,John Rodriguez,Corporate,France,Europe,Ile-de-France,Paris,Office Supplies,Art,Markers,8.58,1,0.0,2.92
ORD-2023-04068,2022-05-28,C0068,Elizabeth Lopez,Corporate,Australia,Oceania,New South Wales,Sydney,Furniture,Tables,Coffee Table,374.57,3,0.0,60.07
ORD-2023-04069,2024-09-14,C0060,Joseph Miller,Home Office,Germany,Europe,Bavaria,Munich,Technology,Laptops,HP Spectre x360,16663.07,16,0.0,5170.48
ORD-2023-04070,2023-09-11,C0042,James Davis,Consumer,Australia,Oceania,Victoria,Melbourne,Office Supplies,Binders,Report Cover,432.83,15,21.64,159.53
ORD-2023-04071,2024-03-26,C0122,Patricia Garcia,Corporate,China,Asia,Beijing,Beijing,Office Supplies,Binders,3-Ring Binder,474.27,10,47.43,111.21
ORD-2024-04072,2024-06-02,C0172,Richard Garcia,Home Office,USA,North America,Texas,Houston,Furniture,Storage,Wardrobe,2475.25,5,123.76,357.23
ORD-2024-04073,2024-06-19,C0079,David Gonzalez,Home Office,UK,Europe,England,London,Furniture,Storage,Bookshelf,1269.34,4,0.0,385.89
ORD-2023-04074,2023-10-13,C0168,Patricia Hernandez,Corporate,UK,Europe,England,London,Furniture,Tables,Study Desk,459.57,2,45.96,46.86
ORD-2024-04075,2022-04-16,C0049,Mary Martinez,Corporate,France,Europe,Ile-de-France,Paris,Furniture,Chairs,Ergonomic Executive Chair,722.91,2,72.29,251.98
ORD-2023-04076,2022-05-20,C0070,Jessica Anderson,Home Office,Germany,Europe,Bavaria,Munich,Furniture,Storage,Wardrobe,396.08,1,0.0,67.92
ORD-2022-04077,2023-09-14,C0189,Robert Thomas,Corporate,China,Asia,Beijing,Beijing,Furniture,Chairs,Stool,1443.72,13,0.0,239.72
ORD-2023-04078,2023-08-29,C0066,Richard Williams,Home Office,Canada,North America,Ontario,Toronto,Furniture,Chairs,Ergonomic Executive Chair,3222.63,10,0.0,541.34
ORD-2023-04079,2022-12-04,C0138,Mary Martinez,Home Office,Japan,Asia,Tokyo,Tokyo,Furniture,Storage,Wardrobe,293.19,2,58.64,66.14
ORD-2024-04080,2023-06-19,C0093,Elizabeth Davis,Home Office,France,Europe,Ile-de-France,Paris,Technology,Accessories,Mechanical Keyboard,8989.32,17,1797.86,1188.76
ORD-2024-04081,2023-12-15,C0015,David Williams,Home Office,Japan,Asia,Tokyo,Tokyo,Technology,Phones,Nokia G20,3926.68,16,392.67,835.26
ORD-2024-04082,2022-06-10,C0083,James Jones,Corporate,Japan,Asia,Tokyo,Tokyo,Furniture,Chairs,Stool,3812.65,7,0.0,841.45
ORD-2022-04083,2024-06-07,C0182,Mary Wilson,Corporate,France,Europe,Ile-de-France,Paris,Office Supplies,Paper,Cardstock,720.66,17,144.13,111.31
ORD-2022-04084,2022-03-30,C0063,Michael Anderson,Consumer,Germany,Europe,Bavaria,Munich,Office Supplies,Art,Sketchbook,151.2,5,0.0,17.26
ORD-2024-04085,2023-03-11,C0092,Barbara Jones,Consumer,UK,Europe,England,London,Technology,Accessories,USB-C Hub,5812.06,9,0.0,1160.18
ORD-2024-04086,2022-11-20,C0029,William Miller,Corporate,Australia,Oceania,Victoria,Melbourne,Office Supplies,Paper,Legal Pad,478.06,15,95.61,77.0
ORD-2022-04087,2022-10-21,C0076,Jennifer Miller,Home Office,Australia,Oceania,Victoria,Melbourne,Furniture,Chairs,Ergonomic Executive Chair,1961.63,8,0.0,382.66
ORD-2024-04088,2022-11-01,C0022,David Smith,Home Office,Australia,Oceania,Victoria,Melbourne,Furniture,Storage,File Cabinet,4731.97,9,0.0,561.04
ORD-2022-04089,2023-06-20,C0187,Joseph Rodriguez,Consumer,Australia,Oceania,Victoria,Melbourne,Technology,Laptops,Dell XPS 15,8508.29,17,850.83,1957.32
ORD-2023-04090,2022-05-10,C0084,Barbara Wilson,Consumer,Canada,North America,Ontario,Toronto,Office Supplies,Art,Markers,88.35,2,4.42,28.13
ORD-2022-04091,2023-02-11,C0043,Elizabeth Williams,Corporate,Australia,Oceania,New South Wales,Sydney,Office Supplies,Art,Watercolor Set,157.29,11,7.86,49.06
ORD-2022-04092,2022-06-28,C0164,Robert Williams,Consumer,Australia,Oceania,New South Wales,Sydney,Furniture,Tables,Conference Table,798.73,5,79.87,189.81
ORD-2022-04093,2023-07-02,C0062,Robert Johnson,Home Office,Australia,Oceania,New South Wales,Sydney,Furniture,Storage,Bookshelf,2952.25,9,147.61,441.16
ORD-2024-04094,2022-03-03,C0168,Patricia Hernandez,Corporate,Japan,Asia,Tokyo,Tokyo,Technology,Laptops,HP Spectre x360,19768.87,16,0.0,7255.01
ORD-2022-04095,2022-10-09,C0192,Patricia Hernandez,Home Office,Australia,Oceania,Victoria,Melbourne,Furniture,Chairs,Office Chair,4088.22,7,408.82,1323.13
ORD-2022-04096,2022-12-28,C0166,William Thomas,Consumer,Japan,Asia,Tokyo,Tokyo,Technology,Accessories,Webcam,14152.91,17,2830.58,3853.53
ORD-2022-04097,2022-07-29,C0119,John Jones,Home Office,Australia,Oceania,Victoria,Melbourne,Furniture,Chairs,Stool,4500.01,13,0.0,942.37
ORD-2022-04098,2022-03-22,C0092,Barbara Jones,Consumer,USA,North America,New York,New York City,Office Supplies,Paper,Cardstock,300.71,10,30.07,35.82
ORD-2024-04099,2022-09-18,C0037,Barbara Gonzalez,Consumer,USA,North America,Texas,Houston,Office Supplies,Paper,Sticky Notes,215.59,15,10.78,47.24
ORD-2023-04100,2023-04-20,C0033,Joseph Johnson,Consumer,Germany,Europe,Bavaria,Munich,Office Supplies,Paper,A4 Printer Paper,244.01,17,12.2,56.0
ORD-2022-04101,2022-07-27,C0182,Mary Wilson,Consumer,France,Europe,Ile-de-France,Paris,Furniture,Tables,Conference Table,1451.71,7,145.17,433.31
ORD-2022-04102,2024-05-31,C0049,Mary Martinez,Home Office,India,Asia,Maharashtra,Mumbai,Furniture,Chairs,Office Chair,2159.05,6,431.81,534.49
ORD-2023-04103,2022-08-15,C0096,Richard Garcia,Consumer,China,Asia,Beijing,Beijing,Office Supplies,Paper,Legal Pad,475.14,11,95.03,101.1
ORD-2022-04104,2023-12-06,C0170,Mary Smith,Consumer,France,Europe,Ile-de-France,Paris,Furniture,Tables,Conference Table,261.08,3,0.0,52.08
ORD-2024-04105,2023-03-21,C0141,Joseph Lopez,Corporate,India,Asia,Maharashtra,Mumbai,Furniture,Tables,Conference Table,11063.37,19,2212.67,3330.66
ORD-2024-04106,2022-09-30,C0129,Elizabeth Johnson,Consumer,India,Asia,Maharashtra,Mumbai,Furniture,Tables,Dining Table,5661.87,20,0.0,1139.46
ORD-2022-04107,2022-11-03,C0135,Linda Johnson,Home Office,USA,North America,California,Los Angeles,Office Supplies,Binders,Expansion Folder,345.1,9,69.02,53.12
ORD-2022-04108,2022-06-27,C0042,James Davis,Home Office,Australia,Oceania,Victoria,Melbourne,Furniture,Storage,Bookshelf,114.07,1,22.81,12.39
ORD-2022-04109,2022-05-29,C0035,Jessica Johnson,Consumer,Germany,Europe,Bavaria,Munich,Furniture,Storage,File Cabinet,11084.83,20,0.0,1197.87
ORD-2022-04110,2022-05-07,C0059,Jessica Thomas,Consumer,USA,North America,California,Los Angeles,Office Supplies,Binders,Report Cover,178.21,7,17.82,22.23
ORD-2023-04111,2023-10-11,C0109,Jennifer Hernandez,Home Office,India,Asia,Maharashtra,Mumbai,Office Supplies,Paper,Legal Pad,96.6,5,19.32,27.8
ORD-2024-04112,2024-08-28,C0170,Mary Smith,Consumer,Australia,Oceania,Victoria,Melbourne,Technology,Laptops,Lenovo ThinkPad,13062.11,12,653.11,4079.22
ORD-2023-04113,2023-01-30,C0106,John Rodriguez,Home Office,Germany,Europe,Bavaria,Munich,Office Supplies,Art,Watercolor Set,510.25,18,51.03,57.44
ORD-2022-04114,2024-09-02,C0018,Barbara Rodriguez,Corporate,France,Europe,Ile-de-France,Paris,Furniture,Tables,Dining Table,2247.49,16,112.37,618.35
ORD-2023-04115,2024-07-20,C0029,William Miller,Consumer,China,Asia,Beijing,Beijing,Technology,Laptops,Dell XPS 15,10404.8,20,0.0,2887.51
ORD-2022-04116,2024-08-05,C0028,William Thomas,Consumer,Japan,Asia,Tokyo,Tokyo,Technology,Phones,Pixel 6,22521.18,17,1126.06,7647.66
ORD-2022-04117,2023-04-24,C0032,Linda Rodriguez,Consumer,Germany,Europe,Bavaria,Munich,Office Supplies,Art,Markers,43.02,1,0.0,5.71
ORD-2024-04118,2023-07-12,C0170,Mary Smith,Corporate,France,Europe,Ile-de-France,Paris,Technology,Laptops,Dell XPS 15,1443.23,1,0.0,370.68
ORD-2023-04119,2024-06-16,C0148,Linda Jones,Home Office,Australia,Oceania,New South Wales,Sydney,Technology,Accessories,Mechanical Keyboard,13799.78,18,1379.98,2673.46
ORD-2022-04120,2023-12-23,C0134,William Wilson,Consumer,USA,North America,Texas,Houston,Furniture,Storage,Wardrobe,403.42,4,80.68,63.42
ORD-2023-04121,2022-11-18,C0076,Jennifer Miller,Home Office,USA,North America,New York,New York City,Furniture,Tables,Study Desk,1849.05,6,184.91,647.94
ORD-2024-04122,2022-02-14,C0173,John Thomas,Home Office,Japan,Asia,Tokyo,Tokyo,Office Supplies,Binders,Report Cover,77.62,2,3.88,7.54
ORD-2024-04123,2022-06-24,C0146,Mary Gonzalez,Corporate,Australia,Oceania,New South Wales,Sydney,Technology,Accessories,Wireless Mouse,10317.79,7,0.0,1302.78
ORD-2024-04124,2024-03-26,C0004,Jessica Davis,Home Office,China,Asia,Beijing,Beijing,Technology,Accessories,Webcam,9568.05,7,478.4,1655.65
ORD-2023-04125,2024-05-25,C0026,Barbara Jones,Corporate,France,Europe,Ile-de-France,Paris,Technology,Accessories,USB-C Hub,1959.79,3,97.99,242.93
ORD-2024-04126,2023-12-09,C0085,Elizabeth Smith,Home Office,Japan,Asia,Tokyo,Tokyo,Technology,Phones,Nokia G20,7805.82,6,390.29,828.46
ORD-2024-04127,2024-02-28,C0068,Elizabeth Lopez,Home Office,Canada,North America,Ontario,Toronto,Technology,Accessories,Webcam,956.41,2,0.0,315.99
ORD-2024-04128,2023-01-17,C0010,William Brown,Corporate,Australia,Oceania,Victoria,Melbourne,Office Supplies,Binders,Report Cover,136.95,4,0.0,44.11
ORD-2024-04129,2022-09-26,C0022,David Smith,Consumer,Germany,Europe,Bavaria,Munich,Technology,Laptops,MacBook Pro 14,13477.75,11,673.89,3985.82
ORD-2022-04130,2022-04-27,C0073,Elizabeth Smith,Consumer,Australia,Oceania,New South Wales,Sydney,Office Supplies,Binders,Report Cover,72.69,5,0.0,10.72
ORD-2023-04131,2022-05-14,C0129,Elizabeth Johnson,Corporate,Germany,Europe,Bavaria,Munich,Furniture,Storage,Wardrobe,595.73,6,0.0,120.64
ORD-2023-04132,2022-03-07,C0196,John Smith,Home Office,Australia,Oceania,New South Wales,Sydney,Furniture,Storage,Bookshelf,1640.94,10,0.0,398.49
ORD-2022-04133,2024-03-19,C0023,Jennifer Gonzalez,Home Office,Australia,Oceania,Victoria,Melbourne,Technology,Accessories,Webcam,957.83,9,0.0,172.11
ORD-2023-04134,2022-02-16,C0160,David Williams,Consumer,Australia,Oceania,New South Wales,Sydney,Technology,Accessories,Wireless Mouse,12162.76,12,2432.55,3714.1
ORD-2022-04135,2023-02-05,C0177,Joseph Miller,Home Office,Canada,North America,Ontario,Toronto,Furniture,Storage,File Cabinet,5462.65,19,0.0,1701.58
ORD-2022-04136,2022-08-04,C0130,Mary Johnson,Home Office,France,Europe,Ile-de-France,Paris,Technology,Laptops,HP Spectre x360,9134.79,9,0.0,2053.21
ORD-2024-04137,2022-08-25,C0179,Jennifer Thomas,Consumer,Australia,Oceania,New South Wales,Sydney,Office Supplies,Binders,Report Cover,73.86,4,0.0,10.77
ORD-2022-04138,2024-06-09,C0124,Robert Thomas,Corporate,UK,Europe,England,London,Technology,Laptops,MacBook Pro 14,11681.78,9,584.09,2309.06
ORD-2023-04139,2023-12-23,C0025,Robert Brown,Consumer,USA,North America,New York,New York City,Office Supplies,Art,Markers,472.8,12,94.56,120.76
ORD-2022-04140,2022-07-21,C0088,Elizabeth Brown,Corporate,China,Asia,Beijing,Beijing,Furniture,Tables,Dining Table,5710.55,15,0.0,1266.19
ORD-2022-04141,2022-03-12,C0016,James Lopez,Home Office,Germany,Europe,Bavaria,Munich,Office Supplies,Binders,Report Cover,140.04,4,0.0,20.83
ORD-2024-04142,2024-01-07,C0117,Michael Thomas,Consumer,Australia,Oceania,New South Wales,Sydney,Technology,Phones,iPhone 13,7687.6,16,1537.52,1494.63
ORD-2023-04143,2024-08-28,C0079,David Gonzalez,Corporate,USA,North America,New York,New York City,Furniture,Tables,Dining Table,2062.78,5,103.14,545.73
ORD-2022-04144,2023-06-03,C0020,Michael Williams,Consumer,Australia,Oceania,Victoria,Melbourne,Office Supplies,Art,Sketchbook,418.47,14,41.85,147.54
ORD-2022-04145,2023-01-17,C0012,Patricia Johnson,Home Office,Australia,Oceania,New South Wales,Sydney,Office Supplies,Art,Markers,557.3,16,0.0,155.7
ORD-2024-04146,2023-04-30,C0187,Joseph Rodriguez,Home Office,USA,North America,Texas,Houston,Furniture,Storage,File Cabinet,7433.43,17,371.67,1469.91
ORD-2023-04147,2023-07-20,C0200,Elizabeth Martinez,Consumer,Canada,North America,Ontario,Toronto,Furniture,Tables,Study Desk,661.94,5,0.0,125.04
ORD-2024-04148,2022-05-21,C0093,Elizabeth Davis,Consumer,Japan,Asia,Tokyo,Tokyo,Furniture,Tables,Dining Table,8423.54,17,1684.71,1338.26
ORD-2023-04149,2022-11-01,C0176,Joseph Hernandez,Home Office,China,Asia,Beijing,Beijing,Furniture,Tables,Dining Table,683.22,6,0.0,162.81
ORD-2022-04150,2024-01-19,C0169,William Gonzalez,Home Office,Australia,Oceania,Victoria,Melbourne,Technology,Phones,Nokia G20,2653.58,3,0.0,438.82
ORD-2022-04151,2023-07-06,C0057,Michael Gonzalez,Corporate,Australia,Oceania,New South Wales,Sydney,Furniture,Chairs,Ergonomic Executive Chair,4012.42,10,802.48,928.59
ORD-2024-04152,2022-01-24,C0158,Richard Williams,Corporate,USA,North America,Texas,Houston,Furniture,Chairs,Gaming Chair,2058.65,5,102.93,352.98
ORD-2022-04153,2022-10-22,C0001,Robert Gonzalez,Corporate,China,Asia,Beijing,Beijing,Office Supplies,Binders,Report Cover,51.4,8,2.57,5.32
ORD-2022-04154,2023-11-28,C0065,Barbara Williams,Corporate,Germany,Europe,Bavaria,Munich,Technology,Laptops,Dell XPS 15,22458.37,15,4491.67,2658.28
ORD-2022-04155,2022-04-14,C0074,Jessica Martinez,Corporate,Australia,Oceania,Victoria,Melbourne,Office Supplies,Art,Markers,148.66,3,0.0,58.75
ORD-2024-04156,2022-03-03,C0008,Jennifer Anderson,Consumer,Canada,North America,Ontario,Toronto,Office Supplies,Binders,Report Cover,354.52,18,17.73,59.6
ORD-2022-04157,2022-10-02,C0032,Linda Rodriguez,Corporate,China,Asia,Beijing,Beijing,Technology,Laptops,HP Spectre x360,11401.42,19,570.07,2045.59
ORD-2022-04158,2023-06-21,C0175,David Lopez,Home Office,Japan,Asia,Tokyo,Tokyo,Technology,Accessories,Webcam,2204.95,8,220.5,422.96
ORD-2023-04159,2024-07-24,C0003,John Brown,Corporate,USA,North America,Texas,Houston,Office Supplies,Paper,A4 Printer Paper,126.4,12,25.28,27.33
ORD-2023-04160,2022-11-18,C0162,James Rodriguez,Consumer,Australia,Oceania,Victoria,Melbourne,Furniture,Chairs,Ergonomic Executive Chair,992.71,4,198.54,274.73
ORD-2022-04161,2024-05-31,C0060,Joseph Miller,Home Office,USA,North America,California,Los Angeles,Furniture,Chairs,Office Chair,372.82,4,74.56,106.95
ORD-2024-04162,2023-02-07,C0018,Barbara Rodriguez,Home Office,Australia,Oceania,New South Wales,Sydney,Technology,Laptops,Dell XPS 15,19494.97,14,974.75,4311.43
ORD-2024-04163,2023-02-13,C0099,Susan Anderson,Corporate,Germany,Europe,Bavaria,Munich,Furniture,Tables,Dining Table,1069.19,2,106.92,219.18
ORD-2023-04164,2024-09-06,C0175,David Lopez,Consumer,France,Europe,Ile-de-France,Paris,Furniture,Tables,Dining Table,1176.85,4,0.0,244.17
ORD-2022-04165,2022-10-20,C0070,Jessica Anderson,Home Office,China,Asia,Beijing,Beijing,Office Supplies,Binders,Expansion Folder,106.58,13,21.32,22.34
ORD-2023-04166,2022-05-09,C0135,Linda Johnson,Consumer,Australia,Oceania,New South Wales,Sydney,Technology,Laptops,HP Spectre x360,21318.13,20,0.0,8472.6
ORD-2023-04167,2024-02-16,C0081,Susan Brown,Home Office,Australia,Oceania,New South Wales,Sydney,Technology,Accessories,USB-C Hub,10782.6,20,1078.26,2597.57
ORD-2023-04168,2022-03-30,C0138,Mary Martinez,Home Office,India,Asia,Maharashtra,Mumbai,Technology,Phones,Nokia G20,2419.62,2,0.0,903.89
ORD-2024-04169,2023-10-01,C0147,John Hernandez,Consumer,UK,Europe,England,London,Furniture,Tables,Study Desk,570.27,2,0.0,129.69
ORD-2024-04170,2023-09-15,C0111,Mary Miller,Consumer,USA,North America,New York,New York City,Furniture,Storage,Bookshelf,2770.71,6,0.0,477.64
ORD-2022-04171,2024-05-10,C0197,Richard Wilson,Home Office,Australia,Oceania,Victoria,Melbourne,Office Supplies,Art,Markers,115.76,4,0.0,43.5
ORD-2023-04172,2022-11-28,C0118,Mary Hernandez,Home Office,China,Asia,Beijing,Beijing,Furniture,Chairs,Office Chair,3065.67,15,153.28,844.59
ORD-2024-04173,2023-12-07,C0178,Patricia Thomas,Corporate,Australia,Oceania,Victoria,Melbourne,Furniture,Chairs,Office Chair,1136.24,3,56.81,260.76
ORD-2023-04174,2023-01-21,C0167,William Anderson,Corporate,UK,Europe,England,London,Technology,Laptops,MacBook Pro 14,10926.68,20,2185.34,1081.48
ORD-2024-04175,2024-04-25,C0196,John Smith,Consumer,China,Asia,Beijing,Beijing,Technology,Laptops,Lenovo ThinkPad,10679.9,14,2135.98,1395.76
ORD-2022-04176,2022-09-01,C0124,Robert Thomas,Home Office,USA,North America,California,Los Angeles,Technology,Laptops,Lenovo ThinkPad,18079.09,13,903.95,6540.69
ORD-2023-04177,2023-06-07,C0065,Barbara Williams,Corporate,USA,North America,New York,New York City,Office Supplies,Binders,3-Ring Binder,749.52,18,0.0,107.73
ORD-2023-04178,2022-03-11,C0167,William Anderson,Home Office,China,Asia,Beijing,Beijing,Office Supplies,Binders,Report Cover,746.09,15,0.0,159.97
ORD-2023-04179,2024-01-30,C0114,Mary Lopez,Home Office,UK,Europe,England,London,Technology,Phones,iPhone 13,17927.32,18,0.0,6511.98
ORD-2024-04180,2024-06-21,C0117,Michael Thomas,Corporate,Japan,Asia,Tokyo,Tokyo,Technology,Phones,Samsung Galaxy S21,24863.58,19,0.0,7297.24
ORD-2023-04181,2022-07-10,C0050,Mary Davis,Home Office,Canada,North America,Ontario,Toronto,Office Supplies,Binders,3-Ring Binder,844.87,18,0.0,113.54
ORD-2022-04182,2023-03-04,C0016,James Lopez,Consumer,China,Asia,Beijing,Beijing,Office Supplies,Paper,A4 Printer Paper,203.19,5,10.16,68.29
ORD-2023-04183,2022-11-28,C0002,Susan Martinez,Corporate,Australia,Oceania,Victoria,Melbourne,Technology,Laptops,Dell XPS 15,14129.91,11,0.0,3518.34
ORD-2024-04184,2023-10-22,C0053,Jennifer Williams,Corporate,Canada,North America,Ontario,Toronto,Furniture,Storage,Wardrobe,2349.44,12,117.47,615.29
ORD-2023-04185,2023-09-10,C0136,Barbara Smith,Corporate,France,Europe,Ile-de-France,Paris,Furniture,Storage,File Cabinet,5577.67,10,278.88,1167.57
ORD-2024-04186,2022-01-28,C0045,Jessica Smith,Consumer,USA,North America,Texas,Houston,Office Supplies,Binders,Expansion Folder,382.47,9,38.25,88.28
ORD-2024-04187,2024-02-26,C0091,Patricia Miller,Corporate,Australia,Oceania,Victoria,Melbourne,Office Supplies,Art,Sketchbook,563.35,14,0.0,146.96
ORD-2023-04188,2022-07-28,C0148,Linda Jones,Home Office,Australia,Oceania,New South Wales,Sydney,Office Supplies,Paper,Cardstock,135.86,12,13.59,19.17
ORD-2022-04189,2023-10-29,C0152,Jessica Anderson,Home Office,Germany,Europe,Bavaria,Munich,Furniture,Storage,Bookshelf,1293.62,3,258.72,302.54
ORD-2022-04190,2023-09-24,C0169,William Gonzalez,Consumer,France,Europe,Ile-de-France,Paris,Furniture,Storage,File Cabinet,556.32,3,27.82,208.26
ORD-2024-04191,2022-10-29,C0013,Richard Davis,Home Office,Germany,Europe,Bavaria,Munich,Office Supplies,Art,Markers,506.86,11,0.0,133.02
ORD-2023-04192,2024-02-17,C0131,John Brown,Home Office,Germany,Europe,Bavaria,Munich,Office Supplies,Paper,A4 Printer Paper,533.18,15,26.66,121.29
ORD-2024-04193,2022-10-26,C0199,Jessica Smith,Home Office,India,Asia,Maharashtra,Mumbai,Office Supplies,Art,Sketchbook,633.36,15,31.67,81.92
ORD-2024-04194,2022-11-09,C0139,Joseph Garcia,Home Office,Australia,Oceania,Victoria,Melbourne,Furniture,Tables,Coffee Table,7403.63,19,740.36,1186.32
ORD-2022-04195,2024-08-24,C0077,James Davis,Corporate,Australia,Oceania,Victoria,Melbourne,Office Supplies,Art,Sketchbook,818.49,17,81.85,201.0
ORD-2022-04196,2022-10-27,C0087,Mary Wilson,Home Office,USA,North America,California,Los Angeles,Office Supplies,Binders,Report Cover,548.45,19,0.0,183.26
ORD-2024-04197,2022-08-15,C0082,Jessica Martinez,Consumer,Germany,Europe,Bavaria,Munich,Office Supplies,Paper,Legal Pad,239.53,6,47.91,28.09
ORD-2022-04198,2022-12-11,C0140,David Miller,Home Office,Canada,North America,Ontario,Toronto,Office Supplies,Art,Watercolor Set,86.1,3,8.61,18.32
ORD-2024-04199,2022-11-04,C0173,John Thomas,Corporate,Australia,Oceania,New South Wales,Sydney,Furniture,Storage,File Cabinet,1448.3,20,289.66,191.61
ORD-2023-04200,2023-11-14,C0057,Michael Gonzalez,Corporate,Australia,Oceania,Victoria,Melbourne,Furniture,Chairs,Gaming Chair,7766.22,13,388.31,2357.51
ORD-2024-04201,2023-01-31,C0127,Jessica Jones,Home Office,Germany,Europe,Bavaria,Munich,Technology,Accessories,USB-C Hub,12707.4,9,635.37,3790.13
ORD-2022-04202,2022-10-08,C0125,Jennifer Davis,Consumer,India,Asia,Maharashtra,Mumbai,Office Supplies,Paper,A4 Printer Paper,54.21,6,0.0,11.47
ORD-2022-04203,2024-07-16,C0130,Mary Johnson,Corporate,UK,Europe,England,London,Office Supplies,Binders,3-Ring Binder,220.51,8,0.0,45.23
ORD-2023-04204,2024-08-09,C0158,Richard Williams,Consumer,Australia,Oceania,Victoria,Melbourne,Technology,Phones,Samsung Galaxy S21,4349.83,12,0.0,1196.79
ORD-2022-04205,2022-03-16,C0012,Patricia Johnson,Consumer,USA,North America,California,Los Angeles,Furniture,Tables,Dining Table,2206.21,7,110.31,588.07
ORD-2024-04206,2023-09-20,C0066,Richard Williams,Consumer,USA,North America,Texas,Houston,Furniture,Tables,Conference Table,284.57,3,28.46,90.82
ORD-2022-04207,2023-05-25,C0091,Patricia Miller,Consumer,Germany,Europe,Bavaria,Munich,Technology,Laptops,MacBook Pro 14,1508.99,3,0.0,423.45
ORD-2023-04208,2022-07-02,C0054,Patricia Johnson,Home Office,USA,North America,New York,New York City,Furniture,Storage,Bookshelf,3228.59,11,322.86,763.56
ORD-2023-04209,2024-03-22,C0158,Richard Williams,Corporate,France,Europe,Ile-de-France,Paris,Furniture,Chairs,Ergonomic Executive Chair,1695.73,8,169.57,384.37
ORD-2022-04210,2022-01-03,C0135,Linda Johnson,Home Office,Japan,Asia,Tokyo,Tokyo,Office Supplies,Paper,Cardstock,627.52,13,125.5,150.17
ORD-2022-04211,2023-03-18,C0199,Jessica Smith,Consumer,Australia,Oceania,Victoria,Melbourne,Technology,Laptops,Dell XPS 15,960.5,5,0.0,274.71
ORD-2023-04212,2022-09-02,C0046,Barbara Davis,Consumer,Australia,Oceania,New South Wales,Sydney,Technology,Phones,Pixel 6,1528.57,14,152.86,428.6
ORD-2022-04213,2023-05-12,C0137,Susan Johnson,Consumer,Germany,Europe,Bavaria,Munich,Office Supplies,Art,Sketchbook,401.27,9,0.0,62.13
ORD-2024-04214,2022-01-10,C0165,Robert Williams,Corporate,USA,North America,New York,New York City,Technology,Accessories,Mechanical Keyboard,2410.22,5,120.51,667.82
ORD-2022-04215,2022-09-07,C0146,Mary Gonzalez,Home Office,India,Asia,Maharashtra,Mumbai,Technology,Accessories,USB-C Hub,5636.91,7,1127.38,924.24
ORD-2024-04216,2023-03-29,C0163,Joseph Hernandez,Home Office,Canada,North America,Ontario,Toronto,Technology,Phones,Pixel 6,20016.24,20,0.0,6646.14
ORD-2023-04217,2024-08-24,C0193,Linda Williams,Consumer,USA,North America,California,Los Angeles,Technology,Accessories,USB-C Hub,14948.17,15,747.41,3025.82
ORD-2023-04218,2023-11-03,C0020,Michael Williams,Consumer,USA,North America,California,Los Angeles,Technology,Accessories,USB-C Hub,9739.71,16,486.99,2807.68
ORD-2024-04219,2023-08-02,C0115,Mary Wilson,Home Office,Germany,Europe,Bavaria,Munich,Office Supplies,Paper,Sticky Notes,166.38,8,8.32,53.86
ORD-2023-04220,2024-04-04,C0073,Elizabeth Smith,Corporate,UK,Europe,England,London,Furniture,Storage,Wardrobe,8934.12,16,1786.82,1544.63
ORD-2024-04221,2023-10-07,C0082,Jessica Martinez,Home Office,Canada,North America,Ontario,Toronto,Furniture,Storage,Wardrobe,1589.13,9,0.0,247.89
ORD-2023-04222,2024-02-24,C0070,Jessica Anderson,Corporate,Canada,North America,Ontario,Toronto,Office Supplies,Paper,Legal Pad,652.09,15,65.21,205.63
ORD-2022-04223,2022-02-04,C0025,Robert Brown,Consumer,UK,Europe,England,London,Office Supplies,Art,Watercolor Set,50.36,4,2.52,17.32
ORD-2022-04224,2022-07-31,C0072,Richard Jones,Corporate,USA,North America,New York,New York City,Technology,Phones,Nokia G20,9300.79,18,930.08,2401.86
ORD-2023-04225,2024-07-05,C0003,John Brown,Home Office,France,Europe,Ile-de-France,Paris,Office Supplies,Art,Markers,236.38,5,47.28,70.24
ORD-2023-04226,2023-09-08,C0130,Mary Johnson,Home Office,Canada,North America,Ontario,Toronto,Technology,Laptops,MacBook Pro 14,16020.03,13,0.0,2910.32
ORD-2023-04227,2023-09-25,C0153,John Thomas,Home Office,Japan,Asia,Tokyo,Tokyo,Technology,Laptops,Dell XPS 15,3286.11,8,657.22,879.83
ORD-2023-04228,2023-04-25,C0020,Michael Williams,Consumer,Germany,Europe,Bavaria,Munich,Office Supplies,Art,Markers,68.92,2,0.0,24.1
ORD-2022-04229,2024-04-04,C0174,Mary Brown,Consumer,Australia,Oceania,New South Wales,Sydney,Technology,Accessories,USB-C Hub,13563.33,16,0.0,4512.83
ORD-2024-04230,2022-12-24,C0056,Mary Brown,Home Office,India,Asia,Maharashtra,Mumbai,Technology,Laptops,Lenovo ThinkPad,10422.71,18,521.14,2262.71
ORD-2022-04231,2022-03-31,C0192,Patricia Hernandez,Home Office,USA,North America,California,Los Angeles,Furniture,Chairs,Ergonomic Executive Chair,507.69,6,0.0,154.72
ORD-2023-04232,2023-06-08,C0194,Robert Wilson,Corporate,Australia,Oceania,New South Wales,Sydney,Furniture,Storage,Wardrobe,3076.26,12,615.25,636.19
ORD-2023-04233,2024-07-25,C0158,Richard Williams,Consumer,Germany,Europe,Bavaria,Munich,Office Supplies,Art,Sketchbook,270.3,19,54.06,57.91
ORD-2023-04234,2022-07-22,C0119,John Jones,Consumer,USA,North America,New York,New York City,Furniture,Storage,Bookshelf,9264.93,20,926.49,1918.4
ORD-2022-04235,2022-01-23,C0168,Patricia Hernandez,Consumer,China,Asia,Beijing,Beijing,Office Supplies,Binders,3-Ring Binder,35.96,2,1.8,8.23
ORD-2024-04236,2022-05-26,C0068,Elizabeth Lopez,Consumer,UK,Europe,England,London,Office Supplies,Art,Sketchbook,131.55,3,26.31,35.19
ORD-2023-04237,2024-02-24,C0117,Michael Thomas,Home Office,USA,North America,California,Los Angeles,Technology,Laptops,Dell XPS 15,5999.93,5,0.0,2121.19
ORD-2023-04238,2022-10-24,C0013,Richard Davis,Consumer,Japan,Asia,Tokyo,Tokyo,Office Supplies,Paper,Legal Pad,58.22,4,0.0,18.65
ORD-2023-04239,2022-05-27,C0008,Jennifer Anderson,Consumer,India,Asia,Maharashtra,Mumbai,Technology,Accessories,Webcam,1966.08,9,0.0,347.07
ORD-2022-04240,2022-01-11,C0014,Mary Martinez,Consumer,Germany,Europe,Bavaria,Munich,Office Supplies,Binders,Report Cover,203.45,14,10.17,77.21
ORD-2024-04241,2023-03-04,C0096,Richard Garcia,Consumer,Canada,North America,Ontario,Toronto,Office Supplies,Art,Markers,5.37,1,0.54,1.78
ORD-2022-04242,2022-12-23,C0165,Robert Williams,Corporate,USA,North America,New York,New York City,Furniture,Chairs,Stool,9486.13,16,0.0,1300.94
ORD-2022-04243,2024-05-08,C0114,Mary Lopez,Corporate,India,Asia,Maharashtra,Mumbai,Office Supplies,Paper,Sticky Notes,721.74,19,0.0,87.23
ORD-2024-04244,2022-05-12,C0109,Jennifer Hernandez,Home Office,USA,North America,Texas,Houston,Office Supplies,Art,Markers,361.1,8,36.11,37.05
ORD-2023-04245,2024-05-11,C0178,Patricia Thomas,Consumer,Germany,Europe,Bavaria,Munich,Furniture,Tables,Study Desk,1949.45,4,194.95,457.12
ORD-2024-04246,2023-12-04,C0003,John Brown,Corporate,India,Asia,Maharashtra,Mumbai,Office Supplies,Binders,3-Ring Binder,115.0,19,5.75,12.15
ORD-2023-04247,2024-01-10,C0125,Jennifer Davis,Corporate,USA,North America,New York,New York City,Technology,Laptops,MacBook Pro 14,13988.48,14,1398.85,2659.71
ORD-2023-04248,2022-05-08,C0025,Robert Brown,Corporate,India,Asia,Maharashtra,Mumbai,Furniture,Storage,Wardrobe,3393.52,14,339.35,670.24
ORD-2024-04249,2022-06-13,C0180,Joseph Wilson,Corporate,USA,North America,California,Los Angeles,Furniture,Chairs,Gaming Chair,3983.76,11,199.19,946.88
ORD-2022-04250,2023-04-24,C0021,Elizabeth Thomas,Consumer,Australia,Oceania,New South Wales,Sydney,Technology,Accessories,USB-C Hub,1076.15,8,53.81,386.97
ORD-2024-04251,2023-05-30,C0136,Barbara Smith,Corporate,Japan,Asia,Tokyo,Tokyo,Furniture,Tables,Dining Table,5442.28,15,0.0,1035.45
ORD-2024-04252,2022-06-07,C0143,Joseph Gonzalez,Corporate,USA,North America,New York,New York City,Office Supplies,Binders,3-Ring Binder,167.68,17,0.0,43.1
ORD-2024-04253,2023-05-28,C0199,Jessica Smith,Consumer,Australia,Oceania,Victoria,Melbourne,Furniture,Tables,Conference Table,367.16,1,18.36,134.15
ORD-2023-04254,2024-09-05,C0009,John Martinez,Home Office,India,Asia,Maharashtra,Mumbai,Office Supplies,Paper,A4 Printer Paper,465.92,12,0.0,116.52
ORD-2023-04255,2022-10-19,C0160,David Williams,Corporate,UK,Europe,England,London,Office Supplies,Art,Watercolor Set,161.73,8,32.35,47.86
ORD-2024-04256,2022-07-30,C0096,Richard Garcia,Consumer,USA,North America,New York,New York City,Technology,Accessories,Webcam,13306.65,10,0.0,1738.67
ORD-2024-04257,2023-09-03,C0067,Susan Thomas,Consumer,Germany,Europe,Bavaria,Munich,Furniture,Storage,File Cabinet,1962.74,5,98.14,317.48
ORD-2023-04258,2023-10-18,C0040,Linda Garcia,Consumer,USA,North America,Texas,Houston,Furniture,Storage,Bookshelf,7915.37,17,1583.07,690.86
ORD-2022-04259,2023-05-15,C0082,Jessica Martinez,Home Office,Germany,Europe,Bavaria,Munich,Furniture,Storage,Bookshelf,9727.5,19,0.0,2215.84
ORD-2023-04260,2022-01-16,C0052,David Miller,Corporate,Australia,Oceania,New South Wales,Sydney,Office Supplies,Binders,Report Cover,85.72,6,4.29,17.41
ORD-2023-04261,2022-01-08,C0046,Barbara Davis,Home Office,China,Asia,Beijing,Beijing,Technology,Phones,Samsung Galaxy S21,24055.6,18,2405.56,8340.24
ORD-2024-04262,2023-07-16,C0153,John Thomas,Corporate,UK,Europe,England,London,Office Supplies,Binders,3-Ring Binder,367.0,11,0.0,96.34
ORD-2024-04263,2024-03-16,C0168,Patricia Hernandez,Consumer,USA,North America,New York,New York City,Technology,Phones,Samsung Galaxy S21,14689.35,14,0.0,4234.98
ORD-2022-04264,2023-07-17,C0026,Barbara Jones,Consumer,USA,North America,California,Los Angeles,Technology,Phones,iPhone 13,11947.66,15,597.38,3918.89
ORD-2024-04265,2022-09-14,C0015,David Williams,Consumer,USA,North America,New York,New York City,Office Supplies,Paper,A4 Printer Paper,193.27,6,0.0,75.93
ORD-2024-04266,2022-02-11,C0073,Elizabeth Smith,Consumer,Australia,Oceania,Victoria,Melbourne,Furniture,Tables,Coffee Table,5823.24,17,291.16,1483.09
ORD-2022-04267,2022-10-06,C0087,Mary Wilson,Corporate,France,Europe,Ile-de-France,Paris,Office Supplies,Binders,Expansion Folder,242.38,7,12.12,36.63
ORD-2023-04268,2022-05-28,C0058,David Garcia,Home Office,India,Asia,Maharashtra,Mumbai,Technology,Phones,Nokia G20,9094.84,8,1818.97,878.76
ORD-2023-04269,2023-09-28,C0196,John Smith,Consumer,Australia,Oceania,Victoria,Melbourne,Technology,Phones,iPhone 13,8912.66,11,1782.53,1657.46
ORD-2023-04270,2024-02-20,C0078,Mary Wilson,Consumer,USA,North America,California,Los Angeles,Office Supplies,Art,Sketchbook,598.64,17,59.86,93.82
ORD-2023-04271,2023-01-09,C0039,Barbara Brown,Corporate,Australia,Oceania,New South Wales,Sydney,Technology,Laptops,Dell XPS 15,24015.65,18,2401.57,8508.25
ORD-2023-04272,2024-01-05,C0063,Michael Anderson,Corporate,Australia,Oceania,Victoria,Melbourne,Technology,Laptops,MacBook Pro 14,13136.95,10,656.85,4743.43
ORD-2023-04273,2022-07-11,C0029,William Miller,Corporate,Australia,Oceania,Victoria,Melbourne,Technology,Phones,Samsung Galaxy S21,9765.49,13,1953.1,2017.16
ORD-2024-04274,2023-01-13,C0012,Patricia Johnson,Corporate,France,Europe,Ile-de-France,Paris,Technology,Laptops,MacBook Pro 14,4703.69,5,940.74,527.18
ORD-2022-04275,2024-03-26,C0003,John Brown,Corporate,China,Asia,Beijing,Beijing,Technology,Accessories,Webcam,16971.9,15,848.6,2741.95
ORD-2024-04276,2023-07-26,C0138,Mary Martinez,Home Office,Canada,North America,Ontario,Toronto,Technology,Phones,Pixel 6,4923.48,6,0.0,751.45
ORD-2022-04277,2023-08-16,C0032,Linda Rodriguez,Consumer,Japan,Asia,Tokyo,Tokyo,Office Supplies,Paper,Sticky Notes,236.41,5,0.0,64.36
ORD-2022-04278,2023-06-30,C0140,David Miller,Home Office,India,Asia,Maharashtra,Mumbai,Furniture,Storage,File Cabinet,3071.71,13,614.34,956.39
ORD-2023-04279,2023-09-17,C0140,David Miller,Corporate,India,Asia,Maharashtra,Mumbai,Office Supplies,Paper,Sticky Notes,109.98,5,5.5,40.66
ORD-2024-04280,2022-07-11,C0021,Elizabeth Thomas,Home Office,Australia,Oceania,New South Wales,Sydney,Technology,Laptops,Dell XPS 15,9447.09,7,944.71,2352.35
ORD-2022-04281,2024-08-07,C0036,Joseph Johnson,Corporate,Japan,Asia,Tokyo,Tokyo,Office Supplies,Paper,Legal Pad,134.56,3,13.46,44.25
ORD-2024-04282,2022-12-04,C0088,Elizabeth Brown,Home Office,USA,North America,Texas,Houston,Technology,Phones,Pixel 6,16516.34,13,1651.63,5678.6
ORD-2023-04283,2022-12-23,C0059,Jessica Thomas,Home Office,Australia,Oceania,Victoria,Melbourne,Office Supplies,Binders,Report Cover,288.43,9,57.69,26.04
ORD-2023-04284,2022-02-04,C0074,Jessica Martinez,Home Office,China,Asia,Beijing,Beijing,Technology,Phones,iPhone 13,1952.1,4,390.42,227.68
ORD-2023-04285,2024-08-26,C0137,Susan Johnson,Consumer,Australia,Oceania,Victoria,Melbourne,Office Supplies,Art,Markers,94.02,9,18.8,20.28
ORD-2024-04286,2022-07-26,C0028,William Thomas,Consumer,France,Europe,Ile-de-France,Paris,Technology,Laptops,Lenovo ThinkPad,7889.33,6,0.0,1731.76
ORD-2022-04287,2022-03-01,C0118,Mary Hernandez,Home Office,Japan,Asia,Tokyo,Tokyo,Office Supplies,Binders,Expansion Folder,241.03,20,0.0,53.7
ORD-2022-04288,2024-03-20,C0040,Linda Garcia,Home Office,France,Europe,Ile-de-France,Paris,Office Supplies,Art,Sketchbook,114.83,15,0.0,42.14
ORD-2024-04289,2024-02-15,C0141,Joseph Lopez,Corporate,Germany,Europe,Bavaria,Munich,Furniture,Chairs,Ergonomic Executive Chair,2407.17,5,240.72,430.46
ORD-2023-04290,2024-01-24,C0020,Michael Williams,Home Office,Canada,North America,Ontario,Toronto,Office Supplies,Binders,Expansion Folder,341.82,12,0.0,73.02
ORD-2023-04291,2022-05-30,C0156,David Martinez,Consumer,USA,North America,Texas,Houston,Furniture,Chairs,Ergonomic Executive Chair,1285.74,19,64.29,328.79
ORD-2023-04292,2023-10-07,C0113,Mary Johnson,Home Office,Canada,North America,Ontario,Toronto,Technology,Accessories,Wireless Mouse,808.72,6,80.87,152.08
ORD-2023-04293,2022-10-10,C0165,Robert Williams,Consumer,India,Asia,Maharashtra,Mumbai,Furniture,Chairs,Gaming Chair,6059.36,13,1211.87,1612.86
ORD-2022-04294,2024-06-06,C0113,Mary Johnson,Corporate,UK,Europe,England,London,Office Supplies,Art,Sketchbook,344.27,19,34.43,83.26
ORD-2024-04295,2022-06-19,C0082,Jessica Martinez,Corporate,Japan,Asia,Tokyo,Tokyo,Furniture,Chairs,Gaming Chair,2975.56,11,0.0,854.6
ORD-2023-04296,2024-03-11,C0134,William Wilson,Home Office,France,Europe,Ile-de-France,Paris,Technology,Accessories,Mechanical Keyboard,412.12,4,82.42,109.84
ORD-2024-04297,2022-12-28,C0029,William Miller,Consumer,USA,North America,California,Los Angeles,Technology,Phones,Pixel 6,23740.39,20,1187.02,5860.76
ORD-2023-04298,2023-03-13,C0008,Jennifer Anderson,Consumer,China,Asia,Beijing,Beijing,Office Supplies,Binders,Expansion Folder,83.06,14,8.31,9.45
ORD-2022-04299,2022-10-12,C0089,Richard Williams,Corporate,USA,North America,Texas,Houston,Technology,Phones,Samsung Galaxy S21,8154.14,13,0.0,1333.3
ORD-2023-04300,2024-05-15,C0045,Jessica Smith,Corporate,Germany,Europe,Bavaria,Munich,Furniture,Storage,File Cabinet,2546.88,12,0.0,781.0
ORD-2024-04301,2024-05-03,C0085,Elizabeth Smith,Corporate,China,Asia,Beijing,Beijing,Furniture,Tables,Dining Table,709.67,13,141.93,143.2
ORD-2022-04302,2023-07-14,C0096,Richard Garcia,Corporate,USA,North America,Texas,Houston,Technology,Accessories,Webcam,7090.89,5,709.09,843.82
ORD-2023-04303,2022-06-01,C0058,David Garcia,Home Office,Japan,Asia,Tokyo,Tokyo,Office Supplies,Art,Markers,613.37,15,0.0,114.63
ORD-2023-04304,2023-07-08,C0107,James Garcia,Consumer,UK,Europe,England,London,Technology,Laptops,Lenovo ThinkPad,6981.6,13,349.08,1560.76
ORD-2022-04305,2023-11-24,C0007,David Williams,Corporate,India,Asia,Maharashtra,Mumbai,Furniture,Storage,File Cabinet,4059.22,8,405.92,822.82
ORD-2024-04306,2023-09-24,C0088,Elizabeth Brown,Corporate,China,Asia,Beijing,Beijing,Technology,Accessories,USB-C Hub,5884.46,8,294.22,1930.62
ORD-2023-04307,2022-03-12,C0083,James Jones,Consumer,USA,North America,Texas,Houston,Office Supplies,Binders,Report Cover,166.63,20,8.33,30.04
ORD-2022-04308,2023-05-30,C0070,Jessica Anderson,Home Office,USA,North America,Texas,Houston,Furniture,Tables,Dining Table,5765.36,10,0.0,2094.1
ORD-2022-04309,2023-08-10,C0033,Joseph Johnson,Consumer,Australia,Oceania,Victoria,Melbourne,Office Supplies,Paper,Cardstock,645.03,17,64.5,150.48
ORD-2024-04310,2024-07-09,C0181,William Thomas,Home Office,Australia,Oceania,Victoria,Melbourne,Furniture,Storage,Bookshelf,10163.5,18,1016.35,2910.12
ORD-2023-04311,2022-06-24,C0108,John Miller,Consumer,China,Asia,Beijing,Beijing,Furniture,Tables,Study Desk,4101.55,19,820.31,634.3
ORD-2024-04312,2024-03-31,C0077,James Davis,Corporate,Canada,North America,Ontario,Toronto,Technology,Phones,Samsung Galaxy S21,6091.69,9,609.17,1916.75
ORD-2023-04313,2023-09-06,C0019,Michael Lopez,Home Office,Australia,Oceania,Victoria,Melbourne,Technology,Phones,Samsung Galaxy S21,5454.47,19,0.0,2033.63
ORD-2022-04314,2024-06-22,C0090,Patricia Davis,Consumer,UK,Europe,England,London,Technology,Phones,iPhone 13,5026.86,9,0.0,1854.83
ORD-2024-04315,2024-07-15,C0006,John Martinez,Corporate,Australia,Oceania,Victoria,Melbourne,Technology,Phones,Samsung Galaxy S21,3332.95,3,666.59,580.12
ORD-2022-04316,2022-04-27,C0105,Barbara Hernandez,Consumer,Japan,Asia,Tokyo,Tokyo,Technology,Phones,iPhone 13,9708.97,20,1941.79,1448.61
ORD-2024-04317,2022-03-02,C0195,William Hernandez,Consumer,Australia,Oceania,New South Wales,Sydney,Office Supplies,Paper,Sticky Notes,55.61,2,0.0,9.39
ORD-2024-04318,2023-12-25,C0127,Jessica Jones,Home Office,Australia,Oceania,Victoria,Melbourne,Office Supplies,Binders,Report Cover,555.13,17,55.51,141.52
ORD-2023-04319,2023-10-13,C0086,Jennifer Gonzalez,Corporate,Australia,Oceania,New South Wales,Sydney,Office Supplies,Paper,Cardstock,610.75,18,0.0,98.95
ORD-2022-04320,2024-04-14,C0006,John Martinez,Corporate,Australia,Oceania,Victoria,Melbourne,Furniture,Tables,Conference Table,4950.14,11,247.51,910.67
ORD-2023-04321,2024-01-16,C0066,Richard Williams,Consumer,USA,North America,Texas,Houston,Office Supplies,Art,Watercolor Set,44.91,1,0.0,16.69
ORD-2022-04322,2022-11-05,C0042,James Davis,Home Office,India,Asia,Maharashtra,Mumbai,Furniture,Chairs,Stool,145.87,1,0.0,42.18
ORD-2023-04323,2022-11-02,C0175,David Lopez,Consumer,Germany,Europe,Bavaria,Munich,Furniture,Storage,Bookshelf,7231.71,19,1446.34,997.5
ORD-2023-04324,2024-02-01,C0071,Michael Thomas,Home Office,USA,North America,California,Los Angeles,Office Supplies,Art,Markers,21.62,1,0.0,6.02
ORD-2022-04325,2024-06-10,C0070,Jessica Anderson,Consumer,India,Asia,Maharashtra,Mumbai,Technology,Laptops,Lenovo ThinkPad,3917.77,8,195.89,980.3
ORD-2022-04326,2023-10-31,C0030,Michael Rodriguez,Consumer,France,Europe,Ile-de-France,Paris,Office Supplies,Paper,A4 Printer Paper,260.54,11,26.05,82.65
ORD-2024-04327,2024-07-23,C0056,Mary Brown,Corporate,USA,North America,New York,New York City,Office Supplies,Binders,3-Ring Binder,18.36,1,0.0,6.05
ORD-2023-04328,2023-06-10,C0116,Joseph Rodriguez,Consumer,USA,North America,Texas,Houston,Office Supplies,Paper,Legal Pad,529.92,11,26.5,100.4
ORD-2024-04329,2024-01-27,C0063,Michael Anderson,Corporate,Japan,Asia,Tokyo,Tokyo,Furniture,Tables,Coffee Table,1515.13,4,0.0,558.8
ORD-2022-04330,2024-03-16,C0145,Elizabeth Brown,Home Office,UK,Europe,England,London,Office Supplies,Art,Markers,225.65,14,22.57,41.12
ORD-2023-04331,2022-06-06,C0195,William Hernandez,Consumer,France,Europe,Ile-de-France,Paris,Technology,Laptops,HP Spectre x360,16607.18,19,3321.44,1820.6
ORD-2024-04332,2022-04-03,C0083,James Jones,Corporate,UK,Europe,England,London,Furniture,Chairs,Office Chair,1566.89,4,313.38,259.95
ORD-2022-04333,2024-04-27,C0029,William Miller,Consumer,Japan,Asia,Tokyo,Tokyo,Technology,Laptops,Lenovo ThinkPad,13432.68,18,0.0,2294.38
ORD-2022-04334,2022-02-06,C0015,David Williams,Corporate,Australia,Oceania,New South Wales,Sydney,Technology,Accessories,Wireless Mouse,11807.9,10,0.0,1232.22
ORD-2023-04335,2022-03-03,C0165,Robert Williams,Consumer,USA,North America,New York,New York City,Furniture,Tables,Dining Table,274.25,1,27.43,37.83
ORD-2023-04336,2022-05-17,C0141,Joseph Lopez,Corporate,France,Europe,Ile-de-France,Paris,Office Supplies,Art,Sketchbook,598.14,18,0.0,131.04
ORD-2023-04337,2024-02-21,C0108,John Miller,Consumer,Australia,Oceania,New South Wales,Sydney,Furniture,Tables,Dining Table,4556.83,11,0.0,996.99
ORD-2022-04338,2024-01-27,C0023,Jennifer Gonzalez,Home Office,India,Asia,Maharashtra,Mumbai,Technology,Phones,Pixel 6,7669.82,8,766.98,2644.28
ORD-2022-04339,2023-03-19,C0083,James Jones,Home Office,Japan,Asia,Tokyo,Tokyo,Technology,Phones,iPhone 13,13975.05,15,2795.01,1353.41
ORD-2024-04340,2024-02-26,C0138,Mary Martinez,Corporate,Japan,Asia,Tokyo,Tokyo,Technology,Laptops,Lenovo ThinkPad,3338.66,11,333.87,404.17
ORD-2022-04341,2022-04-14,C0088,Elizabeth Brown,Corporate,Japan,Asia,Tokyo,Tokyo,Office Supplies,Binders,Report Cover,42.42,1,2.12,14.2
ORD-2024-04342,2022-05-29,C0061,Elizabeth Martinez,Corporate,China,Asia,Beijing,Beijing,Office Supplies,Binders,Report Cover,176.8,6,17.68,21.17
ORD-2022-04343,2023-04-25,C0066,Richard Williams,Consumer,India,Asia,Maharashtra,Mumbai,Technology,Accessories,Webcam,685.85,3,137.17,205.83
ORD-2024-04344,2023-12-30,C0148,Linda Jones,Corporate,India,Asia,Maharashtra,Mumbai,Technology,Accessories,Webcam,11672.47,15,2334.49,1407.8
ORD-2024-04345,2022-01-22,C0196,John Smith,Corporate,USA,North America,New York,New York City,Furniture,Chairs,Stool,1139.05,3,227.81,175.16
ORD-2024-04346,2022-02-17,C0090,Patricia Davis,Consumer,Germany,Europe,Bavaria,Munich,Technology,Accessories,USB-C Hub,5944.49,19,0.0,668.88
ORD-2023-04347,2022-08-05,C0136,Barbara Smith,Corporate,India,Asia,Maharashtra,Mumbai,Technology,Laptops,MacBook Pro 14,19318.11,15,1931.81,3068.9
ORD-2024-04348,2022-12-14,C0078,Mary Wilson,Corporate,India,Asia,Maharashtra,Mumbai,Office Supplies,Binders,Expansion Folder,231.49,8,23.15,30.91
ORD-2024-04349,2023-04-06,C0069,Mary Jones,Home Office,Canada,North America,Ontario,Toronto,Technology,Phones,Samsung Galaxy S21,3680.37,7,736.07,1131.56
ORD-2024-04350,2022-02-23,C0142,Barbara Rodriguez,Consumer,Australia,Oceania,New South Wales,Sydney,Technology,Accessories,Webcam,19119.48,13,0.0,6857.01
ORD-2024-04351,2024-05-06,C0102,James Martinez,Home Office,Germany,Europe,Bavaria,Munich,Technology,Laptops,Dell XPS 15,15291.48,11,764.57,1778.39
ORD-2024-04352,2022-03-18,C0166,William Thomas,Consumer,Germany,Europe,Bavaria,Munich,Technology,Accessories,Webcam,9865.31,7,0.0,2199.93
ORD-2023-04353,2023-04-18,C0098,Susan Gonzalez,Home Office,USA,North America,New York,New York City,Furniture,Tables,Conference Table,5572.99,15,0.0,704.51
ORD-2024-04354,2022-12-30,C0037,Barbara Gonzalez,Home Office,UK,Europe,England,London,Furniture,Tables,Conference Table,1821.38,6,182.14,410.59
ORD-2023-04355,2024-01-07,C0050,Mary Davis,Corporate,Australia,Oceania,Victoria,Melbourne,Technology,Phones,Pixel 6,5557.95,4,0.0,2191.09
ORD-2023-04356,2023-04-22,C0090,Patricia Davis,Consumer,Germany,Europe,Bavaria,Munich,Furniture,Tables,Dining Table,1776.25,7,0.0,184.02
ORD-2022-04357,2022-06-10,C0023,Jennifer Gonzalez,Corporate,Australia,Oceania,New South Wales,Sydney,Furniture,Storage,Wardrobe,956.87,2,0.0,290.04
ORD-2024-04358,2022-05-27,C0165,Robert Williams,Corporate,Australia,Oceania,Victoria,Melbourne,Office Supplies,Binders,3-Ring Binder,309.1,19,0.0,41.8
ORD-2022-04359,2023-04-18,C0167,William Anderson,Consumer,USA,North America,California,Los Angeles,Office Supplies,Binders,3-Ring Binder,72.47,7,0.0,15.82
ORD-2023-04360,2023-07-28,C0192,Patricia Hernandez,Consumer,Japan,Asia,Tokyo,Tokyo,Office Supplies,Art,Watercolor Set,339.85,8,33.99,53.93
ORD-2023-04361,2022-06-29,C0108,John Miller,Consumer,China,Asia,Beijing,Beijing,Furniture,Chairs,Office Chair,3492.44,8,0.0,681.59
ORD-2023-04362,2022-11-15,C0033,Joseph Johnson,Home Office,France,Europe,Ile-de-France,Paris,Office Supplies,Art,Markers,234.88,16,0.0,33.32
ORD-2024-04363,2023-12-30,C0004,Jessica Davis,Home Office,India,Asia,Maharashtra,Mumbai,Furniture,Storage,Wardrobe,3289.43,8,328.94,692.39
ORD-2023-04364,2023-11-27,C0093,Elizabeth Davis,Corporate,France,Europe,Ile-de-France,Paris,Office Supplies,Art,Watercolor Set,712.8,16,142.56,109.14
ORD-2024-04365,2023-04-15,C0165,Robert Williams,Corporate,USA,North America,California,Los Angeles,Furniture,Chairs,Gaming Chair,843.02,13,42.15,218.04
ORD-2023-04366,2024-08-02,C0172,Richard Garcia,Home Office,France,Europe,Ile-de-France,Paris,Furniture,Tables,Dining Table,3225.19,12,0.0,1099.4
ORD-2024-04367,2022-11-04,C0008,Jennifer Anderson,Consumer,Australia,Oceania,Victoria,Melbourne,Office Supplies,Paper,Legal Pad,393.43,8,39.34,139.35
ORD-2024-04368,2022-07-25,C0180,Joseph Wilson,Home Office,India,Asia,Maharashtra,Mumbai,Furniture,Storage,File Cabinet,9712.14,18,0.0,1007.58
ORD-2022-04369,2022-07-09,C0042,James Davis,Consumer,Australia,Oceania,Victoria,Melbourne,Technology,Phones,iPhone 13,4114.15,4,0.0,655.53
ORD-2024-04370,2022-03-11,C0072,Richard Jones,Consumer,Australia,Oceania,New South Wales,Sydney,Office Supplies,Binders,Expansion Folder,201.93,11,20.19,67.81
ORD-2022-04371,2022-08-28,C0024,Patricia Gonzalez,Home Office,Germany,Europe,Bavaria,Munich,Office Supplies,Art,Sketchbook,263.72,13,13.19,98.37
ORD-2024-04372,2024-02-03,C0085,Elizabeth Smith,Consumer,Germany,Europe,Bavaria,Munich,Furniture,Chairs,Ergonomic Executive Chair,2756.65,12,275.67,947.12
ORD-2022-04373,2024-03-03,C0039,Barbara Brown,Corporate,France,Europe,Ile-de-France,Paris,Technology,Phones,Nokia G20,1471.4,2,0.0,266.15
ORD-2022-04374,2023-11-09,C0178,Patricia Thomas,Consumer,China,Asia,Beijing,Beijing,Furniture,Chairs,Office Chair,8688.88,15,1737.78,2618.15
ORD-2024-04375,2022-07-18,C0137,Susan Johnson,Consumer,USA,North America,California,Los Angeles,Furniture,Chairs,Ergonomic Executive Chair,1422.41,13,284.48,130.27
ORD-2024-04376,2022-01-01,C0003,John Brown,Corporate,Japan,Asia,Tokyo,Tokyo,Office Supplies,Paper,Sticky Notes,296.79,9,0.0,55.49
ORD-2024-04377,2024-02-09,C0041,Patricia Wilson,Consumer,Germany,Europe,Bavaria,Munich,Furniture,Chairs,Gaming Chair,3056.78,8,152.84,384.04
ORD-2022-04378,2022-12-22,C0123,Susan Garcia,Consumer,Australia,Oceania,New South Wales,Sydney,Technology,Phones,Pixel 6,6053.97,13,302.7,1919.62
ORD-2024-04379,2022-07-21,C0045,Jessica Smith,Consumer,Australia,Oceania,Victoria,Melbourne,Technology,Laptops,Dell XPS 15,3157.85,17,157.89,680.95
ORD-2023-04380,2022-06-14,C0018,Barbara Rodriguez,Home Office,Canada,North America,Ontario,Toronto,Office Supplies,Binders,3-Ring Binder,425.15,9,0.0,168.9
ORD-2023-04381,2022-08-17,C0093,Elizabeth Davis,Consumer,UK,Europe,England,London,Office Supplies,Art,Markers,16.39,2,1.64,5.22
ORD-2022-04382,2024-03-30,C0084,Barbara Wilson,Consumer,Australia,Oceania,Victoria,Melbourne,Furniture,Chairs,Ergonomic Executive Chair,5678.15,19,0.0,797.04
ORD-2022-04383,2024-01-01,C0140,David Miller,Home Office,China,Asia,Beijing,Beijing,Furniture,Storage,File Cabinet,2752.09,17,0.0,840.56
ORD-2022-04384,2023-05-20,C0004,Jessica Davis,Home Office,China,Asia,Beijing,Beijing,Office Supplies,Paper,Sticky Notes,423.88,11,42.39,71.2
ORD-2023-04385,2023-04-30,C0176,Joseph Hernandez,Corporate,USA,North America,California,Los Angeles,Furniture,Chairs,Office Chair,5242.03,17,0.0,1374.76
ORD-2024-04386,2024-08-13,C0144,Michael Jones,Corporate,Japan,Asia,Tokyo,Tokyo,Furniture,Tables,Dining Table,312.43,1,0.0,95.74
ORD-2024-04387,2022-11-30,C0132,John Smith,Home Office,UK,Europe,England,London,Office Supplies,Paper,Sticky Notes,47.11,6,2.36,10.51
ORD-2023-04388,2024-02-12,C0018,Barbara Rodriguez,Corporate,India,Asia,Maharashtra,Mumbai,Furniture,Chairs,Stool,3142.24,11,0.0,755.11
ORD-2022-04389,2023-07-15,C0021,Elizabeth Thomas,Consumer,UK,Europe,England,London,Technology,Accessories,USB-C Hub,1361.1,1,68.05,345.89
ORD-2024-04390,2024-06-23,C0026,Barbara Jones,Corporate,India,Asia,Maharashtra,Mumbai,Furniture,Chairs,Stool,6292.89,11,0.0,1206.32
ORD-2022-04391,2023-12-07,C0097,Jessica Garcia,Home Office,Japan,Asia,Tokyo,Tokyo,Technology,Phones,Nokia G20,14228.42,15,1422.84,2805.4
ORD-2023-04392,2023-02-20,C0061,Elizabeth Martinez,Corporate,Australia,Oceania,New South Wales,Sydney,Technology,Accessories,Wireless Mouse,13115.25,19,0.0,4481.52
ORD-2022-04393,2024-08-13,C0005,James Martinez,Consumer,Germany,Europe,Bavaria,Munich,Technology,Laptops,HP Spectre x360,1941.31,19,194.13,646.52
ORD-2022-04394,2022-12-03,C0140,David Miller,Home Office,Australia,Oceania,Victoria,Melbourne,Technology,Phones,Nokia G20,14293.48,12,2858.7,3496.17
ORD-2022-04395,2023-08-26,C0049,Mary Martinez,Corporate,USA,North America,California,Los Angeles,Technology,Laptops,HP Spectre x360,11357.58,9,567.88,1272.11
ORD-2022-04396,2024-04-05,C0063,Michael Anderson,Consumer,USA,North America,California,Los Angeles,Office Supplies,Binders,Expansion Folder,522.14,15,0.0,111.14
ORD-2022-04397,2024-01-29,C0087,Mary Wilson,Home Office,Australia,Oceania,New South Wales,Sydney,Furniture,Storage,Wardrobe,2404.53,16,120.23,890.65
ORD-2024-04398,2022-08-18,C0005,James Martinez,Corporate,India,Asia,Maharashtra,Mumbai,Office Supplies,Paper,Legal Pad,90.87,2,4.54,23.93
ORD-2024-04399,2024-06-03,C0121,Joseph Thomas,Home Office,India,Asia,Maharashtra,Mumbai,Technology,Phones,iPhone 13,1700.9,2,0.0,563.98
ORD-2023-04400,2022-04-07,C0185,Richard Anderson,Home Office,India,Asia,Maharashtra,Mumbai,Office Supplies,Binders,3-Ring Binder,12.41,2,0.0,3.22
ORD-2023-04401,2023-12-13,C0099,Susan Anderson,Corporate,USA,North America,Texas,Houston,Furniture,Chairs,Gaming Chair,7259.89,16,725.99,1830.85
ORD-2022-04402,2022-02-23,C0137,Susan Johnson,Corporate,India,Asia,Maharashtra,Mumbai,Office Supplies,Art,Markers,214.58,9,42.92,46.12
ORD-2024-04403,2024-03-25,C0097,Jessica Garcia,Consumer,France,Europe,Ile-de-France,Paris,Office Supplies,Art,Markers,689.41,15,0.0,160.88
ORD-2024-04404,2022-12-29,C0032,Linda Rodriguez,Consumer,USA,North America,New York,New York City,Technology,Phones,iPhone 13,10886.46,16,0.0,2283.07
ORD-2022-04405,2022-09-05,C0006,John Martinez,Home Office,USA,North America,Texas,Houston,Furniture,Storage,Wardrobe,1859.49,9,371.9,163.07
ORD-2023-04406,2022-03-15,C0106,John Rodriguez,Corporate,China,Asia,Beijing,Beijing,Furniture,Tables,Dining Table,1505.34,6,0.0,580.14
ORD-2023-04407,2022-02-12,C0023,Jennifer Gonzalez,Home Office,UK,Europe,England,London,Office Supplies,Paper,Legal Pad,97.19,2,0.0,26.65
ORD-2022-04408,2023-12-19,C0017,William Thomas,Corporate,India,Asia,Maharashtra,Mumbai,Office Supplies,Art,Watercolor Set,679.43,14,33.97,166.91
ORD-2022-04409,2022-12-29,C0043,Elizabeth Williams,Corporate,India,Asia,Maharashtra,Mumbai,Technology,Phones,Nokia G20,513.67,2,102.73,126.54
ORD-2024-04410,2024-04-22,C0089,Richard Williams,Corporate,Australia,Oceania,New South Wales,Sydney,Furniture,Tables,Conference Table,4494.87,20,0.0,1484.5
ORD-2022-04411,2024-07-12,C0121,Joseph Thomas,Corporate,USA,North America,California,Los Angeles,Technology,Laptops,Dell XPS 15,6744.06,11,0.0,1001.61
ORD-2024-04412,2022-04-29,C0005,James Martinez,Consumer,Australia,Oceania,New South Wales,Sydney,Office Supplies,Binders,Report Cover,330.59,7,0.0,89.08
ORD-2022-04413,2022-05-29,C0135,Linda Johnson,Corporate,USA,North America,California,Los Angeles,Technology,Laptops,HP Spectre x360,1025.3,1,51.27,364.66
ORD-2023-04414,2023-06-22,C0159,Susan Smith,Corporate,Japan,Asia,Tokyo,Tokyo,Furniture,Storage,Bookshelf,4889.27,19,488.93,776.04
ORD-2022-04415,2024-05-20,C0064,Linda Jones,Consumer,USA,North America,Texas,Houston,Technology,Phones,Samsung Galaxy S21,2525.36,7,505.07,452.58
ORD-2023-04416,2022-05-01,C0162,James Rodriguez,Consumer,USA,North America,California,Los Angeles,Furniture,Tables,Conference Table,474.32,3,0.0,120.37
ORD-2022-04417,2022-11-08,C0046,Barbara Davis,Home Office,UK,Europe,England,London,Furniture,Tables,Coffee Table,3178.57,16,0.0,742.84
ORD-2022-04418,2022-06-01,C0056,Mary Brown,Consumer,Australia,Oceania,Victoria,Melbourne,Office Supplies,Paper,Sticky Notes,745.75,17,0.0,214.24
ORD-2024-04419,2023-02-08,C0162,James Rodriguez,Consumer,Australia,Oceania,Victoria,Melbourne,Furniture,Chairs,Stool,1067.57,12,0.0,181.58
ORD-2024-04420,2023-02-12,C0095,Patricia Williams,Corporate,Australia,Oceania,New South Wales,Sydney,Office Supplies,Paper,Cardstock,157.65,7,15.77,34.85
ORD-2022-04421,2024-07-01,C0051,Jennifer Johnson,Consumer,France,Europe,Ile-de-France,Paris,Furniture,Chairs,Gaming Chair,2717.22,7,0.0,811.68
ORD-2023-04422,2022-07-28,C0017,William Thomas,Corporate,Japan,Asia,Tokyo,Tokyo,Office Supplies,Art,Watercolor Set,635.91,19,127.18,128.48
ORD-2022-04423,2023-03-16,C0097,Jessica Garcia,Corporate,UK,Europe,England,London,Furniture,Tables,Coffee Table,2765.82,7,0.0,772.52
ORD-2022-04424,2022-11-23,C0181,William Thomas,Consumer,Canada,North America,Ontario,Toronto,Technology,Laptops,MacBook Pro 14,12214.82,17,1221.48,1118.09
ORD-2024-04425,2024-08-12,C0149,Richard Garcia,Corporate,USA,North America,California,Los Angeles,Furniture,Tables,Study Desk,1112.43,14,111.24,292.49
ORD-2023-04426,2023-04-30,C0060,Joseph Miller,Consumer,USA,North America,Texas,Houston,Technology,Phones,Pixel 6,16413.54,18,1641.35,3950.84
ORD-2024-04427,2024-04-12,C0058,David Garcia,Consumer,USA,North America,New York,New York City,Technology,Laptops,Dell XPS 15,1209.09,5,241.82,344.98
ORD-2023-04428,2023-10-11,C0103,Richard Miller,Corporate,USA,North America,New York,New York City,Office Supplies,Binders,Expansion Folder,111.22,3,22.24,29.01
ORD-2023-04429,2023-08-23,C0006,John Martinez,Corporate,USA,North America,Texas,Houston,Furniture,Tables,Dining Table,6353.42,12,635.34,1837.92
ORD-2023-04430,2024-06-22,C0195,William Hernandez,Corporate,Japan,Asia,Tokyo,Tokyo,Office Supplies,Binders,Expansion Folder,694.89,17,138.98,61.61
ORD-2022-04431,2024-03-16,C0074,Jessica Martinez,Consumer,India,Asia,Maharashtra,Mumbai,Office Supplies,Binders,Expansion Folder,66.36,9,0.0,7.09
ORD-2024-04432,2023-09-18,C0128,Jennifer Wilson,Home Office,USA,North America,Texas,Houston,Office Supplies,Binders,Expansion Folder,16.49,1,0.82,5.41
ORD-2023-04433,2023-04-29,C0185,Richard Anderson,Consumer,UK,Europe,England,London,Office Supplies,Paper,Cardstock,74.16,3,0.0,26.55
ORD-2024-04434,2022-06-19,C0083,James Jones,Corporate,China,Asia,Beijing,Beijing,Office Supplies,Art,Watercolor Set,883.36,18,0.0,338.87
ORD-2022-04435,2024-08-07,C0048,Jessica Thomas,Corporate,USA,North America,New York,New York City,Technology,Laptops,MacBook Pro 14,5284.68,17,0.0,1196.72
ORD-2024-04436,2022-08-13,C0119,John Jones,Consumer,Japan,Asia,Tokyo,Tokyo,Technology,Phones,Nokia G20,18664.02,17,933.2,2798.09
ORD-2024-04437,2023-01-08,C0115,Mary Wilson,Consumer,UK,Europe,England,London,Technology,Phones,Pixel 6,2719.43,3,271.94,370.22
ORD-2024-04438,2022-06-24,C0076,Jennifer Miller,Consumer,Australia,Oceania,Victoria,Melbourne,Furniture,Tables,Coffee Table,5594.99,13,1119.0,737.6
ORD-2024-04439,2024-03-25,C0020,Michael Williams,Consumer,China,Asia,Beijing,Beijing,Furniture,Chairs,Stool,224.62,1,0.0,31.91
ORD-2024-04440,2023-12-16,C0200,Elizabeth Martinez,Corporate,China,Asia,Beijing,Beijing,Office Supplies,Art,Watercolor Set,153.11,14,7.66,34.92
ORD-2023-04441,2024-05-17,C0200,Elizabeth Martinez,Consumer,Canada,North America,Ontario,Toronto,Technology,Laptops,Dell XPS 15,8991.48,9,899.15,1087.06
ORD-2022-04442,2024-05-17,C0139,Joseph Garcia,Home Office,USA,North America,Texas,Houston,Technology,Phones,Pixel 6,2716.21,16,0.0,725.84
ORD-2024-04443,2022-06-14,C0038,John Brown,Home Office,France,Europe,Ile-de-France,Paris,Office Supplies,Binders,Report Cover,359.13,13,17.96,106.97
ORD-2024-04444,2023-05-11,C0077,James Davis,Home Office,Australia,Oceania,New South Wales,Sydney,Furniture,Tables,Study Desk,536.45,1,107.29,70.52
ORD-2022-04445,2022-06-22,C0199,Jessica Smith,Corporate,USA,North America,California,Los Angeles,Office Supplies,Art,Watercolor Set,46.06,1,4.61,12.51
ORD-2022-04446,2022-09-16,C0075,James Davis,Consumer,China,Asia,Beijing,Beijing,Technology,Accessories,Wireless Mouse,3305.86,6,661.17,855.93
ORD-2023-04447,2023-12-31,C0141,Joseph Lopez,Consumer,Australia,Oceania,New South Wales,Sydney,Office Supplies,Paper,Legal Pad,499.32,12,0.0,180.06
ORD-2022-04448,2023-08-03,C0118,Mary Hernandez,Consumer,India,Asia,Maharashtra,Mumbai,Office Supplies,Binders,Expansion Folder,141.87,9,0.0,37.43
ORD-2024-04449,2023-06-30,C0128,Jennifer Wilson,Home Office,India,Asia,Maharashtra,Mumbai,Office Supplies,Binders,Report Cover,176.24,8,0.0,21.82
ORD-2024-04450,2023-05-09,C0131,John Brown,Home Office,Australia,Oceania,Victoria,Melbourne,Office Supplies,Art,Markers,308.3,7,0.0,96.3
ORD-2023-04451,2022-11-08,C0136,Barbara Smith,Consumer,India,Asia,Maharashtra,Mumbai,Furniture,Storage,Bookshelf,2974.96,8,0.0,972.16
ORD-2023-04452,2022-08-12,C0110,Jennifer Martinez,Corporate,Australia,Oceania,Victoria,Melbourne,Furniture,Tables,Conference Table,5962.55,15,0.0,1374.4
ORD-2022-04453,2023-10-17,C0173,John Thomas,Corporate,Australia,Oceania,New South Wales,Sydney,Furniture,Chairs,Stool,1297.14,9,0.0,507.64
ORD-2024-04454,2022-10-17,C0042,James Davis,Consumer,Australia,Oceania,Victoria,Melbourne,Technology,Phones,Pixel 6,4471.46,8,0.0,1634.36
ORD-2022-04455,2024-01-11,C0176,Joseph Hernandez,Corporate,Australia,Oceania,New South Wales,Sydney,Technology,Phones,Samsung Galaxy S21,3083.36,3,308.34,449.86
ORD-2022-04456,2022-01-16,C0013,Richard Davis,Corporate,Japan,Asia,Tokyo,Tokyo,Furniture,Tables,Dining Table,943.46,2,188.69,262.92
ORD-2024-04457,2023-03-08,C0182,Mary Wilson,Consumer,USA,North America,California,Los Angeles,Technology,Phones,Pixel 6,21560.09,17,0.0,4359.05
ORD-2024-04458,2023-06-23,C0040,Linda Garcia,Home Office,Australia,Oceania,Victoria,Melbourne,Office Supplies,Art,Markers,634.74,13,126.95,200.4
ORD-2023-04459,2023-11-17,C0068,Elizabeth Lopez,Corporate,UK,Europe,England,London,Technology,Phones,Nokia G20,4528.73,10,905.75,980.06
ORD-2023-04460,2022-10-06,C0053,Jennifer Williams,Corporate,India,Asia,Maharashtra,Mumbai,Office Supplies,Binders,Expansion Folder,632.77,18,0.0,235.51
ORD-2023-04461,2024-01-01,C0082,Jessica Martinez,Corporate,Germany,Europe,Bavaria,Munich,Furniture,Tables,Conference Table,9730.23,19,973.02,1328.34
ORD-2023-04462,2024-08-03,C0110,Jennifer Martinez,Consumer,Japan,Asia,Tokyo,Tokyo,Technology,Accessories,USB-C Hub,11356.33,9,567.82,2756.23
ORD-2024-04463,2022-12-27,C0135,Linda Johnson,Corporate,UK,Europe,England,London,Technology,Accessories,Wireless Mouse,8519.1,9,851.91,2053.0
ORD-2024-04464,2022-11-19,C0150,Elizabeth Gonzalez,Corporate,Australia,Oceania,Victoria,Melbourne,Furniture,Tables,Coffee Table,9732.82,17,486.64,3211.15
ORD-2023-04465,2023-02-02,C0076,Jennifer Miller,Consumer,USA,North America,Texas,Houston,Technology,Phones,iPhone 13,9036.93,12,903.69,2172.55
ORD-2022-04466,2022-01-16,C0134,William Wilson,Corporate,UK,Europe,England,London,Furniture,Chairs,Office Chair,2326.06,4,116.3,251.7
ORD-2022-04467,2022-01-07,C0176,Joseph Hernandez,Home Office,Germany,Europe,Bavaria,Munich,Office Supplies,Binders,Report Cover,307.92,19,61.58,91.98
ORD-2022-04468,2023-11-21,C0081,Susan Brown,Consumer,USA,North America,New York,New York City,Furniture,Chairs,Ergonomic Executive Chair,6482.99,11,0.0,1476.71
ORD-2023-04469,2023-12-11,C0025,Robert Brown,Corporate,UK,Europe,England,London,Technology,Accessories,Mechanical Keyboard,2361.21,19,0.0,294.17
ORD-2023-04470,2022-07-22,C0140,David Miller,Home Office,Japan,Asia,Tokyo,Tokyo,Technology,Accessories,Wireless Mouse,18636.92,18,0.0,6396.53
ORD-2024-04471,2022-06-17,C0181,William Thomas,Corporate,France,Europe,Ile-de-France,Paris,Office Supplies,Binders,3-Ring Binder,491.29,16,49.13,57.45
ORD-2022-04472,2023-05-16,C0048,Jessica Thomas,Corporate,Australia,Oceania,New South Wales,Sydney,Office Supplies,Paper,A4 Printer Paper,319.45,12,31.95,60.84
ORD-2022-04473,2024-06-03,C0008,Jennifer Anderson,Consumer,Australia,Oceania,Victoria,Melbourne,Technology,Phones,Samsung Galaxy S21,6210.66,8,0.0,1073.85
ORD-2022-04474,2024-01-19,C0091,Patricia Miller,Home Office,France,Europe,Ile-de-France,Paris,Technology,Phones,Samsung Galaxy S21,16087.08,18,1608.71,1676.67
ORD-2023-04475,2024-01-28,C0062,Robert Johnson,Home Office,Australia,Oceania,Victoria,Melbourne,Furniture,Storage,Wardrobe,394.54,4,19.73,145.45
ORD-2024-04476,2022-04-18,C0032,Linda Rodriguez,Corporate,Canada,North America,Ontario,Toronto,Office Supplies,Binders,Expansion Folder,240.55,18,0.0,43.24
ORD-2023-04477,2024-04-17,C0039,Barbara Brown,Corporate,India,Asia,Maharashtra,Mumbai,Technology,Laptops,Lenovo ThinkPad,18633.37,17,1863.34,2429.33
ORD-2023-04478,2023-09-10,C0102,James Martinez,Home Office,France,Europe,Ile-de-France,Paris,Technology,Laptops,Lenovo ThinkPad,8236.96,9,1647.39,856.34
ORD-2022-04479,2023-06-29,C0019,Michael Lopez,Home Office,France,Europe,Ile-de-France,Paris,Technology,Phones,Samsung Galaxy S21,2393.63,7,239.36,753.58
ORD-2024-04480,2023-09-01,C0044,Richard Miller,Consumer,China,Asia,Beijing,Beijing,Furniture,Chairs,Gaming Chair,1796.88,8,0.0,640.56
ORD-2024-04481,2024-02-20,C0167,William Anderson,Consumer,Australia,Oceania,New South Wales,Sydney,Office Supplies,Binders,Expansion Folder,448.81,10,22.44,63.08
ORD-2023-04482,2023-09-22,C0068,Elizabeth Lopez,Home Office,USA,North America,Texas,Houston,Furniture,Storage,Bookshelf,4297.84,9,214.89,1601.75
ORD-2024-04483,2023-02-28,C0016,James Lopez,Corporate,Canada,North America,Ontario,Toronto,Furniture,Tables,Study Desk,3625.47,13,0.0,572.89
ORD-2024-04484,2022-03-23,C0048,Jessica Thomas,Home Office,Canada,North America,Ontario,Toronto,Furniture,Storage,Wardrobe,3895.93,10,779.19,855.67
ORD-2022-04485,2024-03-03,C0141,Joseph Lopez,Home Office,Australia,Oceania,Victoria,Melbourne,Technology,Accessories,Webcam,1150.28,3,0.0,242.38
ORD-2024-04486,2022-02-04,C0138,Mary Martinez,Consumer,USA,North America,California,Los Angeles,Furniture,Storage,File Cabinet,2624.38,15,524.88,348.59
ORD-2022-04487,2022-08-18,C0142,Barbara Rodriguez,Home Office,Australia,Oceania,New South Wales,Sydney,Technology,Laptops,Dell XPS 15,2155.65,2,107.78,523.54
ORD-2022-04488,2024-02-23,C0139,Joseph Garcia,Consumer,India,Asia,Maharashtra,Mumbai,Office Supplies,Paper,Sticky Notes,158.77,15,0.0,52.87
ORD-2024-04489,2024-09-19,C0042,James Davis,Consumer,Canada,North America,Ontario,Toronto,Furniture,Chairs,Ergonomic Executive Chair,2702.89,8,270.29,929.29
ORD-2024-04490,2024-06-08,C0167,William Anderson,Corporate,Australia,Oceania,New South Wales,Sydney,Furniture,Storage,Bookshelf,2021.65,7,404.33,544.75
ORD-2024-04491,2023-01-06,C0126,Linda Johnson,Home Office,USA,North America,New York,New York City,Office Supplies,Paper,Cardstock,121.06,17,24.21,21.88
ORD-2022-04492,2022-04-06,C0101,Patricia Williams,Corporate,Japan,Asia,Tokyo,Tokyo,Office Supplies,Paper,Cardstock,202.62,12,0.0,56.32
ORD-2022-04493,2023-03-20,C0082,Jessica Martinez,Consumer,Australia,Oceania,Victoria,Melbourne,Office Supplies,Paper,A4 Printer Paper,105.67,10,10.57,22.56
ORD-2022-04494,2024-01-29,C0077,James Davis,Corporate,India,Asia,Maharashtra,Mumbai,Furniture,Storage,Wardrobe,3844.14,11,0.0,514.29
ORD-2023-04495,2023-08-04,C0135,Linda Johnson,Home Office,Australia,Oceania,Victoria,Melbourne,Technology,Laptops,Lenovo ThinkPad,1092.84,4,54.64,220.66
ORD-2022-04496,2023-05-12,C0130,Mary Johnson,Home Office,USA,North America,Texas,Houston,Technology,Laptops,HP Spectre x360,318.65,1,0.0,53.65
ORD-2023-04497,2022-04-26,C0039,Barbara Brown,Consumer,China,Asia,Beijing,Beijing,Office Supplies,Art,Markers,14.95,2,2.99,1.26
ORD-2022-04498,2022-12-27,C0170,Mary Smith,Home Office,France,Europe,Ile-de-France,Paris,Technology,Laptops,HP Spectre x360,1379.98,6,0.0,196.32
ORD-2023-04499,2023-10-03,C0017,William Thomas,Home Office,India,Asia,Maharashtra,Mumbai,Furniture,Storage,Wardrobe,276.54,1,0.0,43.94
ORD-2023-04500,2024-03-06,C0046,Barbara Davis,Consumer,Australia,Oceania,Victoria,Melbourne,Technology,Laptops,HP Spectre x360,12085.78,19,604.29,3538.89
ORD-2024-04501,2023-05-16,C0096,Richard Garcia,Corporate,UK,Europe,England,London,Office Supplies,Paper,A4 Printer Paper,68.44,2,0.0,15.83
ORD-2022-04502,2023-01-29,C0191,Jessica Brown,Consumer,India,Asia,Maharashtra,Mumbai,Office Supplies,Binders,3-Ring Binder,856.61,19,42.83,267.44
ORD-2022-04503,2024-07-29,C0024,Patricia Gonzalez,Home Office,Germany,Europe,Bavaria,Munich,Furniture,Tables,Dining Table,314.86,5,31.49,87.39
ORD-2022-04504,2023-05-19,C0084,Barbara Wilson,Corporate,Canada,North America,Ontario,Toronto,Furniture,Tables,Conference Table,5847.44,10,584.74,809.63
ORD-2022-04505,2022-09-03,C0125,Jennifer Davis,Corporate,USA,North America,California,Los Angeles,Technology,Laptops,MacBook Pro 14,21391.57,20,0.0,3347.81
ORD-2022-04506,2023-11-04,C0077,James Davis,Home Office,UK,Europe,England,London,Office Supplies,Art,Markers,518.3,11,0.0,90.05
ORD-2023-04507,2024-08-24,C0170,Mary Smith,Consumer,Germany,Europe,Bavaria,Munich,Office Supplies,Paper,Sticky Notes,816.47,19,163.29,156.25
ORD-2024-04508,2023-07-01,C0122,Patricia Garcia,Consumer,USA,North America,Texas,Houston,Office Supplies,Binders,Expansion Folder,657.8,15,0.0,123.35
ORD-2024-04509,2023-08-10,C0124,Robert Thomas,Consumer,France,Europe,Ile-de-France,Paris,Technology,Phones,Pixel 6,3534.43,4,0.0,1377.51
ORD-2024-04510,2024-03-23,C0045,Jessica Smith,Home Office,Australia,Oceania,Victoria,Melbourne,Furniture,Storage,Bookshelf,1792.77,20,0.0,243.23
ORD-2024-04511,2022-10-13,C0189,Robert Thomas,Consumer,India,Asia,Maharashtra,Mumbai,Technology,Phones,iPhone 13,5348.07,5,0.0,1901.2
ORD-2022-04512,2023-08-18,C0188,Patricia Wilson,Consumer,Germany,Europe,Bavaria,Munich,Technology,Accessories,Webcam,7813.21,17,781.32,717.08
ORD-2022-04513,2023-10-12,C0149,Richard Garcia,Home Office,USA,North America,Texas,Houston,Furniture,Storage,Wardrobe,667.8,5,66.78,171.12
ORD-2024-04514,2022-08-26,C0088,Elizabeth Brown,Corporate,Japan,Asia,Tokyo,Tokyo,Office Supplies,Paper,Sticky Notes,644.57,19,128.91,170.7
ORD-2022-04515,2023-11-05,C0172,Richard Garcia,Consumer,Germany,Europe,Bavaria,Munich,Office Supplies,Binders,Expansion Folder,538.79,11,0.0,84.61
ORD-2023-04516,2023-06-14,C0176,Joseph Hernandez,Home Office,France,Europe,Ile-de-France,Paris,Technology,Laptops,Dell XPS 15,2146.05,4,0.0,809.8
ORD-2024-04517,2022-09-09,C0144,Michael Jones,Home Office,Australia,Oceania,New South Wales,Sydney,Office Supplies,Art,Markers,238.94,7,11.95,33.69
ORD-2023-04518,2022-10-07,C0065,Barbara Williams,Home Office,USA,North America,New York,New York City,Office Supplies,Binders,Report Cover,138.24,4,6.91,29.22
ORD-2022-04519,2023-06-25,C0187,Joseph Rodriguez,Home Office,France,Europe,Ile-de-France,Paris,Office Supplies,Binders,3-Ring Binder,336.38,14,16.82,45.9
ORD-2023-04520,2022-05-20,C0062,Robert Johnson,Corporate,Australia,Oceania,New South Wales,Sydney,Furniture,Chairs,Stool,2067.63,9,103.38,360.04
ORD-2024-04521,2022-01-13,C0161,Michael Jones,Consumer,Canada,North America,Ontario,Toronto,Technology,Phones,Samsung Galaxy S21,1035.51,3,51.78,333.31
ORD-2023-04522,2024-08-21,C0146,Mary Gonzalez,Corporate,USA,North America,Texas,Houston,Office Supplies,Binders,Expansion Folder,13.05,2,0.0,1.58
ORD-2024-04523,2024-03-05,C0081,Susan Brown,Home Office,Australia,Oceania,New South Wales,Sydney,Office Supplies,Paper,Cardstock,491.97,14,49.2,65.89
ORD-2024-04524,2023-10-05,C0140,David Miller,Home Office,China,Asia,Beijing,Beijing,Furniture,Chairs,Office Chair,3082.97,11,0.0,735.27
ORD-2022-04525,2022-05-18,C0025,Robert Brown,Corporate,Germany,Europe,Bavaria,Munich,Furniture,Chairs,Gaming Chair,1971.88,20,0.0,598.73
ORD-2022-04526,2023-05-13,C0032,Linda Rodriguez,Consumer,USA,North America,Texas,Houston,Office Supplies,Paper,A4 Printer Paper,6.07,1,0.0,2.21
ORD-2024-04527,2024-03-05,C0094,Linda Garcia,Corporate,France,Europe,Ile-de-France,Paris,Office Supplies,Binders,3-Ring Binder,282.24,17,0.0,108.82
ORD-2023-04528,2024-05-17,C0050,Mary Davis,Corporate,Australia,Oceania,Victoria,Melbourne,Office Supplies,Art,Markers,38.51,1,3.85,9.44
ORD-2022-04529,2023-01-09,C0023,Jennifer Gonzalez,Home Office,Australia,Oceania,Victoria,Melbourne,Office Supplies,Paper,Legal Pad,689.79,17,0.0,214.5
ORD-2023-04530,2022-04-14,C0098,Susan Gonzalez,Consumer,USA,North America,California,Los Angeles,Technology,Phones,Pixel 6,10860.92,8,0.0,1445.68
ORD-2023-04531,2024-06-28,C0136,Barbara Smith,Home Office,USA,North America,California,Los Angeles,Technology,Phones,Nokia G20,10397.14,10,519.86,1731.59
ORD-2023-04532,2022-12-04,C0152,Jessica Anderson,Consumer,India,Asia,Maharashtra,Mumbai,Furniture,Tables,Dining Table,1752.45,10,0.0,680.44
ORD-2022-04533,2024-07-26,C0074,Jessica Martinez,Consumer,Canada,North America,Ontario,Toronto,Technology,Accessories,Mechanical Keyboard,4813.85,14,481.39,1092.03
ORD-2023-04534,2023-04-13,C0123,Susan Garcia,Corporate,Australia,Oceania,Victoria,Melbourne,Office Supplies,Art,Markers,292.51,9,0.0,106.96
ORD-2023-04535,2023-05-19,C0101,Patricia Williams,Corporate,India,Asia,Maharashtra,Mumbai,Technology,Laptops,Dell XPS 15,1792.01,14,179.2,461.67
ORD-2023-04536,2022-11-24,C0095,Patricia Williams,Corporate,Australia,Oceania,Victoria,Melbourne,Furniture,Chairs,Ergonomic Executive Chair,2974.32,10,297.43,533.84
ORD-2022-04537,2023-10-10,C0122,Patricia Garcia,Corporate,USA,North America,New York,New York City,Furniture,Chairs,Gaming Chair,2833.5,5,141.68,977.09
ORD-2022-04538,2024-05-26,C0141,Joseph Lopez,Home Office,Germany,Europe,Bavaria,Munich,Office Supplies,Paper,A4 Printer Paper,133.74,13,6.69,24.01
ORD-2022-04539,2024-04-26,C0101,Patricia Williams,Consumer,Australia,Oceania,Victoria,Melbourne,Office Supplies,Art,Watercolor Set,542.93,11,108.59,134.61
ORD-2024-04540,2023-01-03,C0196,John Smith,Corporate,USA,North America,Texas,Houston,Technology,Laptops,MacBook Pro 14,3641.84,3,364.18,789.63
ORD-2022-04541,2022-08-24,C0108,John Miller,Corporate,Japan,Asia,Tokyo,Tokyo,Office Supplies,Art,Markers,734.43,16,36.72,254.69
ORD-2022-04542,2022-05-26,C0003,John Brown,Corporate,Germany,Europe,Bavaria,Munich,Technology,Laptops,Lenovo ThinkPad,2028.97,7,0.0,481.24
ORD-2023-04543,2024-09-19,C0126,Linda Johnson,Home Office,Australia,Oceania,Victoria,Melbourne,Technology,Phones,Samsung Galaxy S21,21799.8,18,0.0,2647.93
ORD-2022-04544,2024-07-01,C0049,Mary Martinez,Corporate,Australia,Oceania,Victoria,Melbourne,Furniture,Chairs,Gaming Chair,666.02,4,133.2,90.23
ORD-2023-04545,2024-08-25,C0014,Mary Martinez,Consumer,India,Asia,Maharashtra,Mumbai,Office Supplies,Paper,A4 Printer Paper,510.55,12,51.06,125.94
ORD-2024-04546,2023-10-07,C0023,Jennifer Gonzalez,Consumer,Japan,Asia,Tokyo,Tokyo,Furniture,Chairs,Office Chair,2200.21,7,440.04,475.03
ORD-2022-04547,2023-02-10,C0162,James Rodriguez,Corporate,USA,North America,California,Los Angeles,Technology,Phones,iPhone 13,17715.15,20,0.0,5329.98
ORD-2024-04548,2022-09-03,C0036,Joseph Johnson,Corporate,Australia,Oceania,New South Wales,Sydney,Furniture,Chairs,Office Chair,1337.92,14,0.0,221.5
ORD-2023-04549,2022-12-24,C0107,James Garcia,Corporate,USA,North America,New York,New York City,Technology,Accessories,Webcam,11665.24,11,583.26,2484.78
ORD-2022-04550,2024-01-02,C0141,Joseph Lopez,Home Office,UK,Europe,England,London,Office Supplies,Art,Watercolor Set,315.57,8,0.0,61.34
ORD-2024-04551,2024-07-04,C0186,Robert Johnson,Corporate,USA,North America,New York,New York City,Furniture,Tables,Dining Table,138.24,1,27.65,23.25
ORD-2023-04552,2022-04-21,C0151,Robert Brown,Home Office,USA,North America,Texas,Houston,Technology,Phones,Nokia G20,1073.63,1,107.36,98.49
ORD-2023-04553,2024-08-08,C0061,Elizabeth Martinez,Consumer,China,Asia,Beijing,Beijing,Office Supplies,Binders,3-Ring Binder,670.15,16,0.0,216.21
ORD-2023-04554,2022-02-18,C0086,Jennifer Gonzalez,Corporate,Australia,Oceania,Victoria,Melbourne,Furniture,Chairs,Office Chair,3361.29,19,336.13,1122.85
ORD-2023-04555,2024-09-25,C0106,John Rodriguez,Corporate,Australia,Oceania,New South Wales,Sydney,Technology,Phones,Pixel 6,8759.11,8,437.96,1483.99
ORD-2023-04556,2023-10-04,C0058,David Garcia,Consumer,UK,Europe,England,London,Office Supplies,Binders,Report Cover,293.77,16,0.0,111.77
ORD-2023-04557,2023-08-14,C0092,Barbara Jones,Consumer,India,Asia,Maharashtra,Mumbai,Technology,Laptops,Lenovo ThinkPad,18529.81,16,1852.98,2879.58
ORD-2023-04558,2022-11-29,C0042,James Davis,Corporate,Australia,Oceania,New South Wales,Sydney,Technology,Laptops,Dell XPS 15,343.05,3,68.61,41.61
ORD-2023-04559,2024-03-03,C0086,Jennifer Gonzalez,Home Office,USA,North America,California,Los Angeles,Technology,Phones,iPhone 13,15985.08,12,0.0,4596.1
ORD-2024-04560,2023-01-20,C0181,William Thomas,Home Office,Australia,Oceania,Victoria,Melbourne,Furniture,Chairs,Stool,5144.67,11,0.0,1864.44
ORD-2024-04561,2023-05-27,C0105,Barbara Hernandez,Consumer,UK,Europe,England,London,Office Supplies,Paper,A4 Printer Paper,594.96,16,0.0,72.69
ORD-2023-04562,2023-01-08,C0162,James Rodriguez,Home Office,Australia,Oceania,Victoria,Melbourne,Office Supplies,Paper,Sticky Notes,74.44,11,0.0,9.48
ORD-2023-04563,2022-02-02,C0077,James Davis,Home Office,Australia,Oceania,Victoria,Melbourne,Furniture,Storage,File Cabinet,2372.56,17,0.0,463.54
ORD-2024-04564,2022-04-17,C0037,Barbara Gonzalez,Consumer,China,Asia,Beijing,Beijing,Technology,Laptops,HP Spectre x360,14387.41,15,2877.48,3349.73
ORD-2023-04565,2023-04-20,C0100,James Jones,Consumer,USA,North America,Texas,Houston,Technology,Accessories,Mechanical Keyboard,5540.8,20,554.08,1625.68
ORD-2022-04566,2023-01-22,C0002,Susan Martinez,Consumer,France,Europe,Ile-de-France,Paris,Furniture,Chairs,Ergonomic Executive Chair,2883.78,11,288.38,599.72
ORD-2023-04567,2022-05-04,C0193,Linda Williams,Corporate,Japan,Asia,Tokyo,Tokyo,Office Supplies,Art,Markers,514.34,14,25.72,188.11
ORD-2022-04568,2024-06-21,C0091,Patricia Miller,Corporate,Australia,Oceania,New South Wales,Sydney,Technology,Accessories,Wireless Mouse,19217.33,20,0.0,6662.36
ORD-2022-04569,2023-04-23,C0048,Jessica Thomas,Consumer,Germany,Europe,Bavaria,Munich,Technology,Laptops,Dell XPS 15,4059.81,3,0.0,1312.9
ORD-2022-04570,2023-07-22,C0116,Joseph Rodriguez,Consumer,Germany,Europe,Bavaria,Munich,Technology,Accessories,USB-C Hub,8050.73,12,805.07,2682.94
ORD-2024-04571,2022-10-09,C0137,Susan Johnson,Home Office,UK,Europe,England,London,Furniture,Chairs,Stool,838.68,5,41.93,180.5
ORD-2024-04572,2022-06-06,C0169,William Gonzalez,Corporate,Australia,Oceania,New South Wales,Sydney,Technology,Accessories,Wireless Mouse,11977.38,8,0.0,3815.54
ORD-2022-04573,2022-01-31,C0178,Patricia Thomas,Home Office,USA,North America,California,Los Angeles,Furniture,Tables,Conference Table,1813.0,4,362.6,409.46
ORD-2024-04574,2022-12-06,C0030,Michael Rodriguez,Corporate,USA,North America,California,Los Angeles,Office Supplies,Art,Sketchbook,467.91,17,23.4,114.83
ORD-2022-04575,2024-02-17,C0066,Richard Williams,Home Office,USA,North America,California,Los Angeles,Technology,Laptops,Lenovo ThinkPad,504.06,1,50.41,71.4
ORD-2023-04576,2024-05-26,C0179,Jennifer Thomas,Consumer,Australia,Oceania,Victoria,Melbourne,Office Supplies,Art,Watercolor Set,25.59,5,1.28,9.56
ORD-2022-04577,2022-05-12,C0113,Mary Johnson,Consumer,Germany,Europe,Bavaria,Munich,Furniture,Chairs,Gaming Chair,1002.64,3,50.13,130.44
ORD-2023-04578,2023-08-04,C0193,Linda Williams,Consumer,China,Asia,Beijing,Beijing,Technology,Phones,iPhone 13,209.17,2,0.0,79.35
ORD-2022-04579,2022-05-12,C0134,William Wilson,Corporate,Australia,Oceania,New South Wales,Sydney,Technology,Phones,Pixel 6,9853.14,18,1970.63,2935.0
ORD-2024-04580,2022-01-25,C0013,Richard Davis,Corporate,USA,North America,Texas,Houston,Office Supplies,Paper,A4 Printer Paper,62.44,2,0.0,17.05
ORD-2022-04581,2023-05-27,C0089,Richard Williams,Corporate,UK,Europe,England,London,Technology,Phones,Pixel 6,6425.62,20,0.0,2099.56
ORD-2024-04582,2022-03-30,C0197,Richard Wilson,Home Office,India,Asia,Maharashtra,Mumbai,Furniture,Storage,File Cabinet,1377.95,3,0.0,386.19
ORD-2023-04583,2023-04-10,C0146,Mary Gonzalez,Home Office,Australia,Oceania,New South Wales,Sydney,Technology,Laptops,MacBook Pro 14,12618.22,9,630.91,4009.15
ORD-2024-04584,2022-02-07,C0056,Mary Brown,Corporate,Australia,Oceania,Victoria,Melbourne,Furniture,Chairs,Office Chair,2813.17,10,0.0,569.96
ORD-2022-04585,2023-06-10,C0171,Joseph Brown,Corporate,Germany,Europe,Bavaria,Munich,Office Supplies,Paper,A4 Printer Paper,82.63,9,4.13,23.52
ORD-2024-04586,2024-08-29,C0075,James Davis,Corporate,Australia,Oceania,New South Wales,Sydney,Technology,Laptops,MacBook Pro 14,19916.73,14,3983.35,2201.6
ORD-2024-04587,2022-07-28,C0044,Richard Miller,Home Office,Australia,Oceania,New South Wales,Sydney,Furniture,Chairs,Stool,6144.86,11,0.0,1963.22
ORD-2024-04588,2022-11-16,C0166,William Thomas,Corporate,Australia,Oceania,New South Wales,Sydney,Technology,Accessories,USB-C Hub,10187.58,18,1018.76,1358.19
ORD-2023-04589,2024-01-02,C0071,Michael Thomas,Corporate,Canada,North America,Ontario,Toronto,Office Supplies,Art,Markers,44.36,2,0.0,12.37
ORD-2024-04590,2023-01-23,C0017,William Thomas,Home Office,France,Europe,Ile-de-France,Paris,Furniture,Storage,File Cabinet,1729.25,9,0.0,554.1
ORD-2022-04591,2023-07-08,C0154,Richard Garcia,Home Office,Australia,Oceania,Victoria,Melbourne,Furniture,Storage,File Cabinet,6197.56,12,1239.51,572.28
ORD-2023-04592,2022-09-24,C0191,Jessica Brown,Corporate,Australia,Oceania,Victoria,Melbourne,Furniture,Chairs,Gaming Chair,9158.82,18,457.94,1981.61
ORD-2024-04593,2024-04-10,C0118,Mary Hernandez,Consumer,Australia,Oceania,New South Wales,Sydney,Technology,Laptops,Lenovo ThinkPad,2884.92,14,576.98,881.36
ORD-2022-04594,2023-02-03,C0052,David Miller,Corporate,Japan,Asia,Tokyo,Tokyo,Technology,Phones,Nokia G20,12038.22,12,601.91,3389.85
ORD-2022-04595,2022-09-14,C0162,James Rodriguez,Home Office,Canada,North America,Ontario,Toronto,Technology,Laptops,Lenovo ThinkPad,15900.48,18,795.02,3394.19
ORD-2022-04596,2022-05-25,C0180,Joseph Wilson,Consumer,Australia,Oceania,Victoria,Melbourne,Office Supplies,Binders,3-Ring Binder,347.21,16,34.72,95.84
ORD-2024-04597,2023-05-15,C0030,Michael Rodriguez,Home Office,Australia,Oceania,Victoria,Melbourne,Furniture,Tables,Study Desk,1183.89,6,118.39,304.52
ORD-2022-04598,2024-03-07,C0135,Linda Johnson,Corporate,Australia,Oceania,Victoria,Melbourne,Technology,Phones,Pixel 6,4363.17,3,0.0,566.43
ORD-2022-04599,2023-04-22,C0025,Robert Brown,Home Office,Australia,Oceania,Victoria,Melbourne,Furniture,Tables,Dining Table,5130.96,11,513.1,589.9
ORD-2022-04600,2023-03-19,C0077,James Davis,Home Office,USA,North America,New York,New York City,Office Supplies,Binders,Report Cover,109.39,20,0.0,14.77
ORD-2022-04601,2023-11-02,C0123,Susan Garcia,Corporate,France,Europe,Ile-de-France,Paris,Furniture,Tables,Conference Table,438.16,1,43.82,77.32
ORD-2023-04602,2024-06-21,C0152,Jessica Anderson,Corporate,Japan,Asia,Tokyo,Tokyo,Technology,Accessories,USB-C Hub,11553.02,9,577.65,2987.71
ORD-2024-04603,2023-07-10,C0070,Jessica Anderson,Consumer,France,Europe,Ile-de-France,Paris,Office Supplies,Binders,Report Cover,69.21,2,0.0,24.07
ORD-2023-04604,2022-12-05,C0089,Richard Williams,Corporate,Canada,North America,Ontario,Toronto,Office Supplies,Binders,3-Ring Binder,39.63,3,3.96,5.8
ORD-2022-04605,2023-06-29,C0116,Joseph Rodriguez,Home Office,Australia,Oceania,New South Wales,Sydney,Technology,Accessories,Webcam,10625.87,10,0.0,2400.46
ORD-2024-04606,2022-08-22,C0036,Joseph Johnson,Home Office,USA,North America,Texas,Houston,Furniture,Storage,Wardrobe,2105.39,6,210.54,452.16
ORD-2022-04607,2023-11-24,C0150,Elizabeth Gonzalez,Corporate,Australia,Oceania,New South Wales,Sydney,Furniture,Storage,File Cabinet,3802.84,7,190.14,1114.61
ORD-2024-04608,2022-07-28,C0146,Mary Gonzalez,Home Office,India,Asia,Maharashtra,Mumbai,Technology,Accessories,Webcam,4391.87,5,439.19,939.17
ORD-2024-04609,2024-05-14,C0033,Joseph Johnson,Consumer,China,Asia,Beijing,Beijing,Technology,Phones,Samsung Galaxy S21,10449.47,10,522.47,1290.0
ORD-2024-04610,2023-06-21,C0171,Joseph Brown,Home Office,China,Asia,Beijing,Beijing,Technology,Phones,Samsung Galaxy S21,1753.22,2,350.64,269.54
ORD-2022-04611,2023-06-20,C0058,David Garcia,Consumer,Germany,Europe,Bavaria,Munich,Technology,Laptops,Lenovo ThinkPad,10267.79,12,2053.56,1469.64
ORD-2024-04612,2023-04-02,C0124,Robert Thomas,Home Office,Australia,Oceania,New South Wales,Sydney,Furniture,Storage,Wardrobe,1851.26,18,0.0,527.62
ORD-2024-04613,2023-08-22,C0025,Robert Brown,Consumer,France,Europe,Ile-de-France,Paris,Office Supplies,Binders,Expansion Folder,190.92,12,0.0,45.1
ORD-2023-04614,2023-10-14,C0094,Linda Garcia,Home Office,Australia,Oceania,New South Wales,Sydney,Office Supplies,Binders,Report Cover,199.63,16,0.0,27.64
ORD-2024-04615,2024-07-03,C0052,David Miller,Corporate,UK,Europe,England,London,Technology,Phones,Pixel 6,4671.45,11,233.57,698.63
ORD-2024-04616,2023-04-04,C0121,Joseph Thomas,Home Office,Germany,Europe,Bavaria,Munich,Office Supplies,Paper,Cardstock,461.51,12,0.0,160.9
ORD-2024-04617,2024-09-13,C0142,Barbara Rodriguez,Home Office,Japan,Asia,Tokyo,Tokyo,Technology,Phones,iPhone 13,5536.05,17,276.8,1493.56
ORD-2024-04618,2022-04-28,C0147,John Hernandez,Corporate,China,Asia,Beijing,Beijing,Technology,Phones,Nokia G20,4215.11,8,843.02,586.42
ORD-2024-04619,2023-04-30,C0040,Linda Garcia,Home Office,UK,Europe,England,London,Furniture,Tables,Study Desk,4306.41,9,215.32,850.96
ORD-2022-04620,2022-10-29,C0153,John Thomas,Home Office,Australia,Oceania,Victoria,Melbourne,Technology,Phones,Samsung Galaxy S21,25730.0,19,1286.5,8040.89
ORD-2023-04621,2023-04-19,C0057,Michael Gonzalez,Consumer,USA,North America,New York,New York City,Furniture,Chairs,Gaming Chair,4059.43,8,0.0,1321.26
ORD-2023-04622,2023-05-03,C0197,Richard Wilson,Corporate,Japan,Asia,Tokyo,Tokyo,Technology,Laptops,Dell XPS 15,14508.77,15,1450.88,4745.79
ORD-2024-04623,2023-12-24,C0112,John Williams,Consumer,UK,Europe,England,London,Furniture,Storage,Wardrobe,11001.4,19,0.0,1709.64
ORD-2023-04624,2023-04-29,C0143,Joseph Gonzalez,Consumer,Australia,Oceania,Victoria,Melbourne,Furniture,Chairs,Gaming Chair,731.9,3,73.19,249.93
ORD-2024-04625,2023-11-08,C0011,Patricia Hernandez,Consumer,Australia,Oceania,New South Wales,Sydney,Technology,Laptops,Lenovo ThinkPad,5147.86,8,1029.57,1373.9
ORD-2024-04626,2022-03-11,C0200,Elizabeth Martinez,Corporate,USA,North America,California,Los Angeles,Technology,Accessories,Mechanical Keyboard,16814.35,18,1681.43,4497.22
ORD-2024-04627,2022-10-03,C0105,Barbara Hernandez,Home Office,USA,North America,Texas,Houston,Furniture,Tables,Study Desk,5207.15,12,0.0,544.32
ORD-2023-04628,2023-01-23,C0067,Susan Thomas,Corporate,China,Asia,Beijing,Beijing,Furniture,Storage,File Cabinet,2640.63,17,528.13,531.88
ORD-2024-04629,2024-04-26,C0056,Mary Brown,Consumer,Germany,Europe,Bavaria,Munich,Office Supplies,Art,Watercolor Set,139.06,5,0.0,47.97
ORD-2023-04630,2022-11-13,C0179,Jennifer Thomas,Home Office,Australia,Oceania,New South Wales,Sydney,Office Supplies,Paper,Sticky Notes,289.33,15,0.0,39.3
ORD-2023-04631,2024-08-24,C0169,William Gonzalez,Home Office,France,Europe,Ile-de-France,Paris,Office Supplies,Binders,Expansion Folder,74.56,2,7.46,18.54
ORD-2022-04632,2023-08-05,C0146,Mary Gonzalez,Consumer,Japan,Asia,Tokyo,Tokyo,Technology,Phones,Pixel 6,1508.63,6,0.0,288.97
ORD-2024-04633,2022-10-24,C0007,David Williams,Corporate,Germany,Europe,Bavaria,Munich,Office Supplies,Binders,3-Ring Binder,362.05,8,18.1,65.17
ORD-2023-04634,2022-12-25,C0173,John Thomas,Corporate,USA,North America,Texas,Houston,Furniture,Tables,Coffee Table,4735.37,9,0.0,1225.53
ORD-2023-04635,2024-01-27,C0156,David Martinez,Corporate,Australia,Oceania,Victoria,Melbourne,Office Supplies,Art,Watercolor Set,257.25,13,25.73,76.61
ORD-2024-04636,2024-08-22,C0086,Jennifer Gonzalez,Home Office,Australia,Oceania,New South Wales,Sydney,Technology,Accessories,USB-C Hub,11463.94,19,1146.39,1637.44
ORD-2023-04637,2022-06-20,C0025,Robert Brown,Corporate,Australia,Oceania,New South Wales,Sydney,Technology,Laptops,Lenovo ThinkPad,7044.74,10,1408.95,1332.86
ORD-2022-04638,2022-11-21,C0066,Richard Williams,Home Office,France,Europe,Ile-de-France,Paris,Furniture,Storage,File Cabinet,6339.42,14,0.0,1733.9
ORD-2023-04639,2022-01-25,C0157,Linda Smith,Consumer,USA,North America,Texas,Houston,Furniture,Chairs,Office Chair,4333.54,8,433.35,850.4
ORD-2022-04640,2024-09-06,C0095,Patricia Williams,Home Office,USA,North America,California,Los Angeles,Office Supplies,Binders,3-Ring Binder,151.27,19,0.0,57.19
ORD-2023-04641,2024-09-17,C0103,Richard Miller,Home Office,UK,Europe,England,London,Technology,Laptops,HP Spectre x360,21359.73,15,0.0,5912.47
ORD-2024-04642,2022-10-05,C0104,Mary Jones,Consumer,Australia,Oceania,Victoria,Melbourne,Office Supplies,Paper,Legal Pad,765.54,20,0.0,193.31
ORD-2023-04643,2022-05-23,C0059,Jessica Thomas,Corporate,Canada,North America,Ontario,Toronto,Technology,Accessories,Webcam,621.25,4,0.0,104.36
ORD-2023-04644,2022-07-09,C0175,David Lopez,Corporate,USA,North America,New York,New York City,Furniture,Tables,Study Desk,7002.45,20,0.0,2637.27
ORD-2023-04645,2024-02-29,C0140,David Miller,Corporate,Japan,Asia,Tokyo,Tokyo,Office Supplies,Paper,A4 Printer Paper,42.53,2,4.25,5.46
ORD-2022-04646,2024-09-15,C0163,Joseph Hernandez,Consumer,USA,North America,New York,New York City,Technology,Accessories,Mechanical Keyboard,3031.74,3,606.35,534.74
ORD-2022-04647,2023-07-14,C0189,Robert Thomas,Consumer,Japan,Asia,Tokyo,Tokyo,Furniture,Tables,Coffee Table,1179.76,5,117.98,171.2
ORD-2023-04648,2024-05-14,C0110,Jennifer Martinez,Consumer,USA,North America,California,Los Angeles,Technology,Laptops,HP Spectre x360,5724.22,7,1144.84,1778.48
ORD-2023-04649,2022-10-23,C0110,Jennifer Martinez,Consumer,China,Asia,Beijing,Beijing,Office Supplies,Paper,Legal Pad,179.08,16,17.91,35.07
ORD-2022-04650,2023-03-10,C0081,Susan Brown,Corporate,UK,Europe,England,London,Office Supplies,Binders,3-Ring Binder,99.82,3,0.0,12.6
ORD-2024-04651,2024-04-02,C0123,Susan Garcia,Home Office,Japan,Asia,Tokyo,Tokyo,Technology,Accessories,Mechanical Keyboard,5015.97,8,1003.19,730.7
ORD-2022-04652,2024-04-04,C0188,Patricia Wilson,Home Office,USA,North America,New York,New York City,Office Supplies,Paper,Cardstock,754.69,16,0.0,89.0
ORD-2024-04653,2022-11-18,C0191,Jessica Brown,Consumer,France,Europe,Ile-de-France,Paris,Technology,Laptops,Lenovo ThinkPad,16452.12,20,1645.21,2306.19
ORD-2022-04654,2024-04-15,C0007,David Williams,Home Office,Germany,Europe,Bavaria,Munich,Furniture,Tables,Study Desk,10612.59,20,2122.52,1064.31
ORD-2023-04655,2022-12-01,C0180,Joseph Wilson,Corporate,Japan,Asia,Tokyo,Tokyo,Technology,Laptops,HP Spectre x360,2928.77,8,0.0,1017.11
ORD-2024-04656,2024-02-06,C0194,Robert Wilson,Corporate,USA,North America,New York,New York City,Technology,Phones,iPhone 13,8639.32,18,0.0,1466.82
ORD-2024-04657,2023-08-26,C0045,Jessica Smith,Corporate,UK,Europe,England,London,Furniture,Chairs,Stool,2921.02,5,0.0,599.64
ORD-2022-04658,2023-09-27,C0070,Jessica Anderson,Home Office,USA,North America,California,Los Angeles,Office Supplies,Paper,Cardstock,61.96,12,0.0,17.71
ORD-2024-04659,2024-02-15,C0111,Mary Miller,Home Office,USA,North America,California,Los Angeles,Furniture,Chairs,Stool,6179.33,13,617.93,1207.03
ORD-2024-04660,2024-06-24,C0168,Patricia Hernandez,Consumer,France,Europe,Ile-de-France,Paris,Office Supplies,Paper,Cardstock,569.42,20,56.94,132.97
ORD-2024-04661,2023-06-13,C0115,Mary Wilson,Corporate,USA,North America,California,Los Angeles,Furniture,Storage,File Cabinet,6241.2,12,1248.24,1764.86
ORD-2024-04662,2022-11-13,C0110,Jennifer Martinez,Corporate,Australia,Oceania,Victoria,Melbourne,Office Supplies,Art,Watercolor Set,225.33,16,11.27,81.36
ORD-2023-04663,2023-05-14,C0135,Linda Johnson,Corporate,USA,North America,Texas,Houston,Office Supplies,Binders,3-Ring Binder,321.3,13,0.0,48.71
ORD-2022-04664,2022-09-17,C0047,Mary Thomas,Home Office,France,Europe,Ile-de-France,Paris,Technology,Phones,Samsung Galaxy S21,2312.74,2,115.64,819.92
ORD-2024-04665,2022-11-19,C0050,Mary Davis,Consumer,India,Asia,Maharashtra,Mumbai,Technology,Phones,Pixel 6,2397.59,7,0.0,489.79
ORD-2024-04666,2023-02-27,C0115,Mary Wilson,Home Office,India,Asia,Maharashtra,Mumbai,Furniture,Storage,File Cabinet,3493.2,11,174.66,421.37
ORD-2022-04667,2023-05-09,C0108,John Miller,Home Office,Japan,Asia,Tokyo,Tokyo,Office Supplies,Paper,Legal Pad,192.52,9,38.5,19.88
ORD-2023-04668,2024-08-05,C0022,David Smith,Home Office,Germany,Europe,Bavaria,Munich,Furniture,Chairs,Gaming Chair,885.52,4,44.28,203.13
ORD-2022-04669,2023-06-21,C0198,Joseph Martinez,Home Office,USA,North America,New York,New York City,Technology,Laptops,MacBook Pro 14,2552.57,8,510.51,680.14
ORD-2022-04670,2023-03-28,C0083,James Jones,Consumer,China,Asia,Beijing,Beijing,Furniture,Storage,File Cabinet,3089.37,7,617.87,493.74
ORD-2022-04671,2023-09-17,C0053,Jennifer Williams,Home Office,India,Asia,Maharashtra,Mumbai,Technology,Accessories,Webcam,5242.81,17,262.14,1026.49
ORD-2024-04672,2023-05-19,C0033,Joseph Johnson,Corporate,Germany,Europe,Bavaria,Munich,Office Supplies,Paper,Legal Pad,839.32,19,83.93,112.73
ORD-2023-04673,2024-05-30,C0009,John Martinez,Home Office,Germany,Europe,Bavaria,Munich,Technology,Phones,Nokia G20,2629.74,17,525.95,774.74
ORD-2023-04674,2024-01-20,C0075,James Davis,Home Office,India,Asia,Maharashtra,Mumbai,Furniture,Tables,Coffee Table,1675.87,14,335.17,181.89
ORD-2023-04675,2023-09-06,C0014,Mary Martinez,Home Office,USA,North America,California,Los Angeles,Office Supplies,Binders,3-Ring Binder,152.16,20,7.61,43.76
ORD-2024-04676,2024-01-15,C0156,David Martinez,Corporate,Japan,Asia,Tokyo,Tokyo,Technology,Phones,iPhone 13,8388.69,14,419.43,2060.03
ORD-2022-04677,2023-03-13,C0081,Susan Brown,Home Office,USA,North America,California,Los Angeles,Office Supplies,Paper,Cardstock,265.27,6,13.26,96.58
ORD-2022-04678,2024-08-02,C0194,Robert Wilson,Corporate,Canada,North America,Ontario,Toronto,Technology,Phones,Nokia G20,4090.5,4,409.05,628.12
ORD-2024-04679,2024-09-22,C0089,Richard Williams,Corporate,Japan,Asia,Tokyo,Tokyo,Office Supplies,Paper,Sticky Notes,536.88,15,107.38,156.34
ORD-2024-04680,2024-02-16,C0044,Richard Miller,Home Office,China,Asia,Beijing,Beijing,Technology,Laptops,Lenovo ThinkPad,14664.57,12,0.0,4513.72
ORD-2024-04681,2023-09-19,C0082,Jessica Martinez,Home Office,USA,North America,Texas,Houston,Furniture,Storage,Bookshelf,7068.38,14,0.0,1521.36
ORD-2024-04682,2023-12-08,C0095,Patricia Williams,Consumer,France,Europe,Ile-de-France,Paris,Furniture,Storage,Bookshelf,2289.78,6,457.96,396.34
ORD-2024-04683,2022-07-04,C0156,David Martinez,Consumer,Australia,Oceania,New South Wales,Sydney,Technology,Laptops,HP Spectre x360,3469.34,7,0.0,1346.58
ORD-2024-04684,2023-09-25,C0113,Mary Johnson,Consumer,Japan,Asia,Tokyo,Tokyo,Office Supplies,Binders,Expansion Folder,36.35,4,0.0,9.23
ORD-2023-04685,2024-02-24,C0019,Michael Lopez,Corporate,China,Asia,Beijing,Beijing,Office Supplies,Art,Sketchbook,268.55,8,26.86,53.13
ORD-2023-04686,2023-04-03,C0016,James Lopez,Consumer,France,Europe,Ile-de-France,Paris,Office Supplies,Paper,Sticky Notes,399.32,16,19.97,142.32
ORD-2022-04687,2023-01-04,C0090,Patricia Davis,Home Office,India,Asia,Maharashtra,Mumbai,Office Supplies,Binders,Expansion Folder,142.71,8,7.14,40.24
ORD-2024-04688,2024-04-01,C0123,Susan Garcia,Corporate,UK,Europe,England,London,Technology,Laptops,Lenovo ThinkPad,4039.72,4,0.0,1321.64
ORD-2023-04689,2022-10-30,C0069,Mary Jones,Consumer,Japan,Asia,Tokyo,Tokyo,Furniture,Chairs,Office Chair,7841.21,15,0.0,1094.33
ORD-2024-04690,2024-06-13,C0125,Jennifer Davis,Corporate,Japan,Asia,Tokyo,Tokyo,Furniture,Storage,File Cabinet,2348.63,13,234.86,672.59
ORD-2023-04691,2022-10-19,C0028,William Thomas,Corporate,China,Asia,Beijing,Beijing,Technology,Accessories,Webcam,575.37,2,0.0,221.31
ORD-2024-04692,2024-04-28,C0057,Michael Gonzalez,Consumer,China,Asia,Beijing,Beijing,Furniture,Tables,Conference Table,488.82,6,0.0,57.62
ORD-2024-04693,2023-11-27,C0125,Jennifer Davis,Home Office,China,Asia,Beijing,Beijing,Office Supplies,Paper,Legal Pad,355.27,16,17.76,113.71
ORD-2022-04694,2023-03-14,C0035,Jessica Johnson,Corporate,USA,North America,New York,New York City,Technology,Accessories,Wireless Mouse,4266.9,16,0.0,1657.06
ORD-2024-04695,2023-02-06,C0079,David Gonzalez,Corporate,Australia,Oceania,New South Wales,Sydney,Office Supplies,Art,Watercolor Set,562.77,15,0.0,82.17
ORD-2022-04696,2022-10-11,C0192,Patricia Hernandez,Home Office,USA,North America,New York,New York City,Furniture,Tables,Study Desk,5271.01,16,0.0,696.11
ORD-2024-04697,2024-01-30,C0052,David Miller,Corporate,Germany,Europe,Bavaria,Munich,Technology,Phones,Samsung Galaxy S21,8075.19,18,1615.04,1596.74
ORD-2024-04698,2024-07-21,C0026,Barbara Jones,Home Office,UK,Europe,England,London,Office Supplies,Art,Markers,254.01,12,50.8,41.5
ORD-2023-04699,2023-04-06,C0115,Mary Wilson,Corporate,Germany,Europe,Bavaria,Munich,Technology,Phones,iPhone 13,6003.8,10,300.19,1078.82
ORD-2023-04700,2023-09-24,C0181,William Thomas,Home Office,China,Asia,Beijing,Beijing,Technology,Accessories,Mechanical Keyboard,10237.81,11,0.0,3680.5
ORD-2023-04701,2023-06-17,C0048,Jessica Thomas,Consumer,China,Asia,Beijing,Beijing,Furniture,Storage,File Cabinet,2072.21,14,0.0,647.08
ORD-2022-04702,2023-03-03,C0190,Jessica Wilson,Corporate,Germany,Europe,Bavaria,Munich,Technology,Accessories,Webcam,1438.05,3,143.81,474.95
ORD-2024-04703,2022-01-15,C0151,Robert Brown,Consumer,Australia,Oceania,Victoria,Melbourne,Furniture,Chairs,Gaming Chair,9748.46,20,974.85,1874.21
ORD-2023-04704,2023-03-17,C0161,Michael Jones,Corporate,France,Europe,Ile-de-France,Paris,Technology,Phones,Pixel 6,11943.96,11,1194.4,3153.76
ORD-2022-04705,2023-09-21,C0159,Susan Smith,Home Office,UK,Europe,England,London,Furniture,Tables,Coffee Table,6194.95,20,1238.99,992.38
ORD-2022-04706,2022-05-26,C0042,James Davis,Consumer,France,Europe,Ile-de-France,Paris,Office Supplies,Paper,Legal Pad,471.97,12,47.2,107.05
ORD-2022-04707,2023-10-10,C0039,Barbara Brown,Corporate,Australia,Oceania,Victoria,Melbourne,Office Supplies,Binders,Report Cover,991.75,20,198.35,284.98
ORD-2022-04708,2024-09-22,C0073,Elizabeth Smith,Home Office,Australia,Oceania,Victoria,Melbourne,Technology,Accessories,Webcam,4804.68,4,480.47,911.49
ORD-2024-04709,2022-08-25,C0005,James Martinez,Consumer,USA,North America,Texas,Houston,Office Supplies,Binders,Report Cover,330.2,16,66.04,87.77
ORD-2023-04710,2023-03-28,C0082,Jessica Martinez,Corporate,Australia,Oceania,New South Wales,Sydney,Technology,Accessories,Wireless Mouse,21801.95,18,0.0,5712.34
ORD-2022-04711,2024-07-10,C0022,David Smith,Home Office,China,Asia,Beijing,Beijing,Furniture,Storage,File Cabinet,1362.47,4,272.49,204.7
ORD-2023-04712,2023-01-26,C0080,David Rodriguez,Corporate,Australia,Oceania,Victoria,Melbourne,Technology,Phones,Pixel 6,425.92,4,21.3,158.35
ORD-2023-04713,2023-06-11,C0013,Richard Davis,Consumer,USA,North America,Texas,Houston,Office Supplies,Binders,Expansion Folder,140.15,7,0.0,25.46
ORD-2022-04714,2024-04-04,C0060,Joseph Miller,Home Office,France,Europe,Ile-de-France,Paris,Furniture,Tables,Coffee Table,1003.26,6,50.16,351.31
ORD-2024-04715,2023-02-07,C0022,David Smith,Home Office,Japan,Asia,Tokyo,Tokyo,Office Supplies,Binders,Expansion Folder,17.96,3,3.59,4.73
ORD-2023-04716,2024-09-17,C0055,John Jones,Consumer,Australia,Oceania,New South Wales,Sydney,Furniture,Tables,Conference Table,5492.59,19,549.26,780.01
ORD-2023-04717,2024-02-07,C0087,Mary Wilson,Corporate,Australia,Oceania,Victoria,Melbourne,Office Supplies,Paper,Cardstock,221.47,10,22.15,31.09
ORD-2023-04718,2022-07-21,C0018,Barbara Rodriguez,Consumer,Australia,Oceania,Victoria,Melbourne,Furniture,Storage,Bookshelf,2361.37,16,236.14,756.42
ORD-2022-04719,2023-06-17,C0171,Joseph Brown,Home Office,Germany,Europe,Bavaria,Munich,Office Supplies,Binders,Report Cover,106.14,10,0.0,10.85
ORD-2022-04720,2024-03-27,C0199,Jessica Smith,Home Office,Canada,North America,Ontario,Toronto,Office Supplies,Paper,Sticky Notes,127.99,13,12.8,27.37
ORD-2023-04721,2022-01-15,C0046,Barbara Davis,Home Office,Australia,Oceania,Victoria,Melbourne,Furniture,Chairs,Gaming Chair,5831.83,18,1166.37,829.35
ORD-2023-04722,2023-06-06,C0126,Linda Johnson,Corporate,France,Europe,Ile-de-France,Paris,Technology,Accessories,Mechanical Keyboard,10990.78,8,0.0,2787.77
ORD-2023-04723,2023-07-27,C0034,David Wilson,Corporate,USA,North America,Texas,Houston,Office Supplies,Binders,Report Cover,34.87,1,3.49,10.17
ORD-2023-04724,2023-12-05,C0049,Mary Martinez,Home Office,Japan,Asia,Tokyo,Tokyo,Office Supplies,Paper,A4 Printer Paper,396.3,10,19.82,110.68
ORD-2024-04725,2022-01-30,C0199,Jessica Smith,Consumer,China,Asia,Beijing,Beijing,Technology,Laptops,Lenovo ThinkPad,9554.0,20,955.4,867.61
ORD-2024-04726,2023-03-05,C0113,Mary Johnson,Corporate,UK,Europe,England,London,Furniture,Storage,Bookshelf,1675.68,3,0.0,290.78
ORD-2022-04727,2023-10-19,C0153,John Thomas,Consumer,Australia,Oceania,New South Wales,Sydney,Furniture,Storage,Wardrobe,2756.69,7,551.34,304.83
ORD-2024-04728,2022-06-07,C0134,William Wilson,Home Office,Australia,Oceania,New South Wales,Sydney,Furniture,Storage,Wardrobe,5650.74,11,565.07,978.02
ORD-2022-04729,2023-09-23,C0161,Michael Jones,Home Office,USA,North America,California,Los Angeles,Technology,Accessories,Webcam,1054.08,5,52.7,126.54
ORD-2024-04730,2024-05-25,C0135,Linda Johnson,Home Office,Australia,Oceania,New South Wales,Sydney,Office Supplies,Art,Sketchbook,706.01,19,0.0,146.16
ORD-2022-04731,2023-04-15,C0014,Mary Martinez,Home Office,Australia,Oceania,Victoria,Melbourne,Office Supplies,Art,Sketchbook,105.57,3,0.0,40.3
ORD-2022-04732,2022-06-24,C0089,Richard Williams,Home Office,Australia,Oceania,New South Wales,Sydney,Furniture,Storage,Wardrobe,373.59,1,0.0,38.46
ORD-2023-04733,2024-09-17,C0090,Patricia Davis,Home Office,USA,North America,California,Los Angeles,Technology,Phones,Samsung Galaxy S21,10581.29,11,529.06,3967.24
ORD-2023-04734,2024-03-05,C0020,Michael Williams,Corporate,Japan,Asia,Tokyo,Tokyo,Office Supplies,Binders,Report Cover,128.97,5,0.0,15.53
ORD-2022-04735,2024-04-08,C0162,James Rodriguez,Consumer,France,Europe,Ile-de-France,Paris,Furniture,Tables,Coffee Table,2066.47,17,0.0,316.94
ORD-2024-04736,2022-09-28,C0149,Richard Garcia,Consumer,China,Asia,Beijing,Beijing,Furniture,Storage,Wardrobe,312.93,3,31.29,96.52
ORD-2023-04737,2022-01-04,C0179,Jennifer Thomas,Consumer,Australia,Oceania,Victoria,Melbourne,Furniture,Storage,Bookshelf,2318.02,11,231.8,800.52
ORD-2023-04738,2022-07-29,C0199,Jessica Smith,Consumer,Japan,Asia,Tokyo,Tokyo,Office Supplies,Art,Markers,399.88,10,39.99,137.84
ORD-2023-04739,2024-07-01,C0095,Patricia Williams,Consumer,UK,Europe,England,London,Technology,Accessories,Wireless Mouse,3014.39,19,301.44,1045.22
ORD-2022-04740,2023-11-22,C0122,Patricia Garcia,Consumer,France,Europe,Ile-de-France,Paris,Technology,Laptops,HP Spectre x360,585.95,1,0.0,178.77
ORD-2024-04741,2024-07-01,C0127,Jessica Jones,Consumer,Japan,Asia,Tokyo,Tokyo,Technology,Phones,Pixel 6,3913.38,5,391.34,801.81
ORD-2023-04742,2024-07-27,C0063,Michael Anderson,Consumer,UK,Europe,England,London,Furniture,Chairs,Gaming Chair,4579.96,18,0.0,1555.75
ORD-2022-04743,2022-06-13,C0001,Robert Gonzalez,Corporate,Japan,Asia,Tokyo,Tokyo,Office Supplies,Art,Sketchbook,272.28,11,0.0,68.61
ORD-2023-04744,2023-12-29,C0198,Joseph Martinez,Home Office,India,Asia,Maharashtra,Mumbai,Technology,Laptops,Lenovo ThinkPad,19953.31,14,3990.66,2327.76
ORD-2022-04745,2024-07-27,C0066,Richard Williams,Home Office,UK,Europe,England,London,Furniture,Chairs,Stool,8141.11,14,0.0,1959.32
ORD-2024-04746,2022-05-21,C0091,Patricia Miller,Home Office,USA,North America,California,Los Angeles,Furniture,Storage,Bookshelf,5970.49,10,0.0,1777.95
ORD-2023-04747,2024-04-04,C0165,Robert Williams,Consumer,China,Asia,Beijing,Beijing,Furniture,Tables,Conference Table,10234.19,20,0.0,1261.38
ORD-2022-04748,2023-12-11,C0019,Michael Lopez,Corporate,USA,North America,New York,New York City,Office Supplies,Art,Markers,519.36,18,0.0,180.95
ORD-2022-04749,2024-01-01,C0026,Barbara Jones,Corporate,Germany,Europe,Bavaria,Munich,Furniture,Storage,Wardrobe,5191.47,13,259.57,767.48
ORD-2022-04750,2023-12-21,C0039,Barbara Brown,Home Office,Australia,Oceania,New South Wales,Sydney,Furniture,Storage,File Cabinet,3663.25,7,366.33,1183.74
ORD-2024-04751,2023-03-05,C0131,John Brown,Home Office,France,Europe,Ile-de-France,Paris,Furniture,Chairs,Stool,6247.51,15,0.0,1698.5
ORD-2024-04752,2024-02-04,C0108,John Miller,Corporate,Canada,North America,Ontario,Toronto,Office Supplies,Art,Sketchbook,197.22,7,19.72,31.69
ORD-2024-04753,2022-08-16,C0128,Jennifer Wilson,Corporate,USA,North America,New York,New York City,Technology,Laptops,HP Spectre x360,15999.54,12,3199.91,4168.07
ORD-2024-04754,2023-05-28,C0146,Mary Gonzalez,Consumer,France,Europe,Ile-de-France,Paris,Technology,Phones,Nokia G20,10665.95,18,0.0,1463.51
ORD-2023-04755,2022-05-24,C0093,Elizabeth Davis,Consumer,France,Europe,Ile-de-France,Paris,Technology,Laptops,HP Spectre x360,9543.56,8,0.0,2956.71
ORD-2024-04756,2023-07-29,C0133,Richard Miller,Home Office,USA,North America,New York,New York City,Furniture,Tables,Study Desk,4218.13,20,0.0,1648.9
ORD-2024-04757,2022-05-26,C0025,Robert Brown,Consumer,France,Europe,Ile-de-France,Paris,Office Supplies,Art,Markers,298.6,16,29.86,67.0
ORD-2024-04758,2024-04-08,C0089,Richard Williams,Consumer,USA,North America,California,Los Angeles,Office Supplies,Paper,A4 Printer Paper,179.78,7,17.98,22.09
ORD-2022-04759,2023-10-21,C0019,Michael Lopez,Home Office,USA,North America,New York,New York City,Furniture,Tables,Conference Table,417.99,3,20.9,122.27
ORD-2022-04760,2024-03-01,C0121,Joseph Thomas,Consumer,Australia,Oceania,Victoria,Melbourne,Furniture,Storage,File Cabinet,960.87,6,192.17,88.93
ORD-2022-04761,2023-08-03,C0151,Robert Brown,Corporate,USA,North America,California,Los Angeles,Technology,Phones,Pixel 6,18030.05,20,3606.01,3886.42
ORD-2023-04762,2023-12-18,C0137,Susan Johnson,Consumer,Australia,Oceania,Victoria,Melbourne,Office Supplies,Paper,Legal Pad,440.7,10,88.14,74.45
ORD-2022-04763,2024-07-13,C0155,Barbara Anderson,Corporate,USA,North America,New York,New York City,Office Supplies,Binders,3-Ring Binder,741.86,20,37.09,146.01
ORD-2023-04764,2024-08-11,C0175,David Lopez,Consumer,India,Asia,Maharashtra,Mumbai,Furniture,Tables,Study Desk,3751.31,11,375.13,1301.1
ORD-2022-04765,2024-02-11,C0096,Richard Garcia,Consumer,France,Europe,Ile-de-France,Paris,Technology,Phones,Nokia G20,8043.77,8,1608.75,1261.45
ORD-2024-04766,2024-02-04,C0067,Susan Thomas,Consumer,Germany,Europe,Bavaria,Munich,Office Supplies,Paper,A4 Printer Paper,420.17,10,0.0,70.16
ORD-2023-04767,2024-04-21,C0143,Joseph Gonzalez,Home Office,France,Europe,Ile-de-France,Paris,Technology,Accessories,Wireless Mouse,129.83,1,0.0,41.34
ORD-2022-04768,2022-08-01,C0156,David Martinez,Home Office,USA,North America,New York,New York City,Technology,Accessories,USB-C Hub,18953.33,20,1895.33,2686.01
ORD-2022-04769,2024-02-08,C0020,Michael Williams,Corporate,India,Asia,Maharashtra,Mumbai,Office Supplies,Art,Sketchbook,366.29,16,73.26,36.25
ORD-2023-04770,2023-11-22,C0049,Mary Martinez,Corporate,Japan,Asia,Tokyo,Tokyo,Furniture,Chairs,Gaming Chair,3748.92,16,374.89,821.55
ORD-2024-04771,2022-03-28,C0129,Elizabeth Johnson,Corporate,France,Europe,Ile-de-France,Paris,Furniture,Storage,File Cabinet,4123.35,16,0.0,1107.99
ORD-2022-04772,2022-10-18,C0071,Michael Thomas,Home Office,USA,North America,California,Los Angeles,Office Supplies,Art,Sketchbook,697.24,14,139.45,90.8
ORD-2022-04773,2024-07-08,C0012,Patricia Johnson,Corporate,India,Asia,Maharashtra,Mumbai,Office Supplies,Art,Sketchbook,237.54,8,47.51,55.7
ORD-2023-04774,2023-07-16,C0167,William Anderson,Home Office,Germany,Europe,Bavaria,Munich,Office Supplies,Binders,Expansion Folder,401.59,17,40.16,97.22
ORD-2024-04775,2024-09-25,C0045,Jessica Smith,Consumer,India,Asia,Maharashtra,Mumbai,Furniture,Chairs,Office Chair,2960.06,8,296.01,1061.94
ORD-2024-04776,2022-01-25,C0170,Mary Smith,Home Office,UK,Europe,England,London,Technology,Phones,Pixel 6,19129.39,14,956.47,6882.6
ORD-2024-04777,2022-12-23,C0121,Joseph Thomas,Home Office,Australia,Oceania,Victoria,Melbourne,Technology,Accessories,Webcam,1078.11,7,0.0,311.73
ORD-2022-04778,2022-06-13,C0148,Linda Jones,Home Office,Germany,Europe,Bavaria,Munich,Furniture,Chairs,Gaming Chair,2582.98,12,129.15,548.5
ORD-2023-04779,2022-10-13,C0174,Mary Brown,Corporate,France,Europe,Ile-de-France,Paris,Furniture,Tables,Dining Table,223.88,1,0.0,66.45
ORD-2023-04780,2023-02-13,C0059,Jessica Thomas,Corporate,Australia,Oceania,New South Wales,Sydney,Office Supplies,Paper,Legal Pad,229.18,13,0.0,45.77
ORD-2022-04781,2023-07-20,C0139,Joseph Garcia,Home Office,Australia,Oceania,Victoria,Melbourne,Office Supplies,Art,Watercolor Set,401.05,15,0.0,43.09
ORD-2022-04782,2022-10-14,C0155,Barbara Anderson,Consumer,Germany,Europe,Bavaria,Munich,Furniture,Storage,Wardrobe,1746.58,20,0.0,302.47
ORD-2023-04783,2022-05-24,C0173,John Thomas,Home Office,India,Asia,Maharashtra,Mumbai,Furniture,Storage,Wardrobe,1129.6,2,112.96,190.97
ORD-2024-04784,2024-04-09,C0053,Jennifer Williams,Home Office,Japan,Asia,Tokyo,Tokyo,Technology,Accessories,Wireless Mouse,17658.8,13,1765.88,4212.65
ORD-2022-04785,2024-05-30,C0103,Richard Miller,Consumer,UK,Europe,England,London,Technology,Phones,Samsung Galaxy S21,2706.69,6,270.67,724.78
ORD-2023-04786,2024-02-21,C0156,David Martinez,Corporate,India,Asia,Maharashtra,Mumbai,Office Supplies,Paper,Legal Pad,116.59,7,0.0,13.24
ORD-2023-04787,2024-07-15,C0047,Mary Thomas,Corporate,USA,North America,California,Los Angeles,Office Supplies,Binders,3-Ring Binder,281.81,10,14.09,44.53
ORD-2022-04788,2023-02-20,C0077,James Davis,Home Office,Australia,Oceania,New South Wales,Sydney,Office Supplies,Binders,3-Ring Binder,94.51,15,9.45,30.76
ORD-2024-04789,2022-02-03,C0141,Joseph Lopez,Consumer,USA,North America,New York,New York City,Furniture,Storage,Bookshelf,2170.38,9,0.0,814.4
ORD-2023-04790,2022-02-10,C0057,Michael Gonzalez,Home Office,Canada,North America,Ontario,Toronto,Furniture,Storage,Wardrobe,1463.18,3,73.16,222.33
ORD-2023-04791,2022-06-19,C0058,David Garcia,Corporate,Australia,Oceania,Victoria,Melbourne,Furniture,Tables,Dining Table,6483.24,17,324.16,1319.36
ORD-2023-04792,2022-01-09,C0089,Richard Williams,Home Office,Australia,Oceania,Victoria,Melbourne,Office Supplies,Paper,Sticky Notes,631.22,18,31.56,70.91
ORD-2024-04793,2023-02-13,C0114,Mary Lopez,Home Office,Japan,Asia,Tokyo,Tokyo,Technology,Laptops,MacBook Pro 14,20508.21,16,0.0,6179.72
ORD-2023-04794,2024-03-26,C0141,Joseph Lopez,Corporate,India,Asia,Maharashtra,Mumbai,Office Supplies,Art,Sketchbook,378.49,20,37.85,72.42
ORD-2022-04795,2024-07-31,C0195,William Hernandez,Home Office,Australia,Oceania,Victoria,Melbourne,Furniture,Storage,File Cabinet,582.13,1,116.43,138.05
ORD-2022-04796,2022-12-19,C0133,Richard Miller,Home Office,Japan,Asia,Tokyo,Tokyo,Furniture,Storage,File Cabinet,1390.19,5,278.04,172.92
ORD-2022-04797,2022-06-18,C0005,James Martinez,Corporate,Australia,Oceania,Victoria,Melbourne,Office Supplies,Art,Sketchbook,463.1,14,0.0,79.94
ORD-2022-04798,2023-02-10,C0135,Linda Johnson,Home Office,Japan,Asia,Tokyo,Tokyo,Office Supplies,Paper,Legal Pad,129.43,3,12.94,18.0
ORD-2022-04799,2022-07-06,C0181,William Thomas,Home Office,USA,North America,Texas,Houston,Office Supplies,Paper,Sticky Notes,702.51,20,35.13,140.07
ORD-2024-04800,2024-04-06,C0090,Patricia Davis,Corporate,Canada,North America,Ontario,Toronto,Office Supplies,Art,Markers,141.1,9,7.05,52.61
ORD-2022-04801,2022-07-27,C0014,Mary Martinez,Consumer,Japan,Asia,Tokyo,Tokyo,Furniture,Storage,Wardrobe,1378.0,18,0.0,470.54
ORD-2023-04802,2023-07-30,C0093,Elizabeth Davis,Consumer,Australia,Oceania,New South Wales,Sydney,Technology,Phones,Samsung Galaxy S21,4406.32,3,220.32,1382.99
ORD-2022-04803,2022-07-25,C0098,Susan Gonzalez,Corporate,Australia,Oceania,New South Wales,Sydney,Technology,Accessories,Mechanical Keyboard,4900.47,16,490.05,966.61
ORD-2023-04804,2023-10-14,C0089,Richard Williams,Home Office,Japan,Asia,Tokyo,Tokyo,Technology,Phones,iPhone 13,4988.84,6,249.44,1722.02
ORD-2024-04805,2023-10-06,C0081,Susan Brown,Corporate,Japan,Asia,Tokyo,Tokyo,Office Supplies,Art,Watercolor Set,187.66,11,18.77,20.35
ORD-2022-04806,2022-08-02,C0016,James Lopez,Home Office,Australia,Oceania,Victoria,Melbourne,Office Supplies,Paper,A4 Printer Paper,717.76,19,35.89,102.48
ORD-2024-04807,2023-11-14,C0155,Barbara Anderson,Consumer,USA,North America,Texas,Houston,Furniture,Storage,File Cabinet,10256.25,19,512.81,1018.42
ORD-2023-04808,2023-02-19,C0112,John Williams,Home Office,Australia,Oceania,New South Wales,Sydney,Office Supplies,Paper,Cardstock,40.38,1,0.0,11.22
ORD-2024-04809,2022-01-30,C0033,Joseph Johnson,Home Office,UK,Europe,England,London,Technology,Laptops,Dell XPS 15,5343.75,12,1068.75,436.65
ORD-2024-04810,2022-12-24,C0133,Richard Miller,Consumer,Canada,North America,Ontario,Toronto,Technology,Accessories,Mechanical Keyboard,10622.23,13,531.11,2876.84
ORD-2024-04811,2022-02-24,C0094,Linda Garcia,Home Office,Australia,Oceania,Victoria,Melbourne,Technology,Accessories,Wireless Mouse,4144.14,4,828.83,394.8
ORD-2023-04812,2024-07-31,C0016,James Lopez,Home Office,USA,North America,Texas,Houston,Furniture,Tables,Conference Table,4753.77,15,0.0,1307.67
ORD-2023-04813,2022-07-26,C0173,John Thomas,Consumer,Australia,Oceania,Victoria,Melbourne,Technology,Laptops,Lenovo ThinkPad,1986.93,2,99.35,457.88
ORD-2022-04814,2022-07-27,C0126,Linda Johnson,Home Office,Australia,Oceania,New South Wales,Sydney,Technology,Accessories,Mechanical Keyboard,26600.37,20,0.0,8983.74
ORD-2022-04815,2022-09-22,C0181,William Thomas,Consumer,France,Europe,Ile-de-France,Paris,Furniture,Storage,Bookshelf,8341.43,18,834.14,2754.99
ORD-2022-04816,2022-07-27,C0112,John Williams,Home Office,India,Asia,Maharashtra,Mumbai,Office Supplies,Art,Sketchbook,215.48,6,21.55,47.67
ORD-2022-04817,2023-03-15,C0168,Patricia Hernandez,Home Office,Australia,Oceania,New South Wales,Sydney,Technology,Laptops,HP Spectre x360,3424.22,3,0.0,428.38
ORD-2024-04818,2024-01-05,C0085,Elizabeth Smith,Consumer,India,Asia,Maharashtra,Mumbai,Office Supplies,Binders,3-Ring Binder,645.41,19,64.54,131.86
ORD-2023-04819,2022-05-25,C0177,Joseph Miller,Corporate,Japan,Asia,Tokyo,Tokyo,Furniture,Storage,File Cabinet,4975.29,18,497.53,594.91
ORD-2024-04820,2022-09-08,C0146,Mary Gonzalez,Corporate,USA,North America,Texas,Houston,Technology,Accessories,USB-C Hub,27343.21,19,1367.16,5588.74
ORD-2023-04821,2023-02-05,C0184,Susan Martinez,Home Office,Australia,Oceania,New South Wales,Sydney,Furniture,Tables,Coffee Table,2139.74,18,106.99,499.99
ORD-2023-04822,2024-01-03,C0074,Jessica Martinez,Consumer,Australia,Oceania,New South Wales,Sydney,Office Supplies,Paper,Sticky Notes,799.2,18,159.84,119.41
ORD-2024-04823,2022-04-04,C0109,Jennifer Hernandez,Home Office,USA,North America,California,Los Angeles,Technology,Accessories,Mechanical Keyboard,2673.49,4,0.0,612.82
ORD-2022-04824,2022-06-07,C0023,Jennifer Gonzalez,Home Office,Australia,Oceania,Victoria,Melbourne,Furniture,Storage,Wardrobe,3896.9,8,0.0,1159.41
ORD-2022-04825,2022-12-09,C0081,Susan Brown,Home Office,Japan,Asia,Tokyo,Tokyo,Technology,Laptops,Lenovo ThinkPad,13663.89,13,0.0,4427.3
ORD-2023-04826,2023-11-14,C0008,Jennifer Anderson,Home Office,Germany,Europe,Bavaria,Munich,Furniture,Tables,Conference Table,740.46,2,0.0,270.16
ORD-2023-04827,2023-06-09,C0173,John Thomas,Consumer,USA,North America,Texas,Houston,Office Supplies,Art,Watercolor Set,621.98,14,0.0,117.76
ORD-2022-04828,2024-07-16,C0200,Elizabeth Martinez,Corporate,UK,Europe,England,London,Office Supplies,Art,Sketchbook,161.67,20,8.08,28.68
ORD-2023-04829,2022-04-23,C0140,David Miller,Home Office,India,Asia,Maharashtra,Mumbai,Technology,Phones,Pixel 6,22722.96,18,0.0,5364.55
ORD-2024-04830,2022-10-11,C0061,Elizabeth Martinez,Corporate,Japan,Asia,Tokyo,Tokyo,Technology,Phones,iPhone 13,609.59,5,121.92,167.17
ORD-2022-04831,2023-12-23,C0005,James Martinez,Consumer,India,Asia,Maharashtra,Mumbai,Technology,Phones,Pixel 6,26801.67,18,2680.17,3800.93
ORD-2024-04832,2024-01-01,C0173,John Thomas,Home Office,UK,Europe,England,London,Office Supplies,Art,Markers,121.12,3,24.22,10.97
ORD-2024-04833,2023-11-14,C0151,Robert Brown,Consumer,India,Asia,Maharashtra,Mumbai,Technology,Accessories,Wireless Mouse,2140.87,9,107.04,542.43
ORD-2024-04834,2024-08-27,C0054,Patricia Johnson,Home Office,USA,North America,New York,New York City,Furniture,Chairs,Office Chair,10725.85,19,0.0,3253.05
ORD-2024-04835,2024-07-23,C0068,Elizabeth Lopez,Consumer,China,Asia,Beijing,Beijing,Furniture,Storage,File Cabinet,4124.07,12,412.41,830.04
ORD-2024-04836,2022-06-12,C0139,Joseph Garcia,Corporate,Germany,Europe,Bavaria,Munich,Furniture,Tables,Conference Table,4431.52,11,221.58,1527.66
ORD-2022-04837,2023-09-17,C0013,Richard Davis,Home Office,India,Asia,Maharashtra,Mumbai,Office Supplies,Binders,Expansion Folder,547.58,11,27.38,187.84
ORD-2023-04838,2023-09-04,C0059,Jessica Thomas,Consumer,Japan,Asia,Tokyo,Tokyo,Office Supplies,Paper,A4 Printer Paper,595.29,19,0.0,151.48
ORD-2024-04839,2023-05-30,C0108,John Miller,Consumer,China,Asia,Beijing,Beijing,Furniture,Tables,Study Desk,10993.95,20,1099.4,1750.13
ORD-2024-04840,2023-06-04,C0001,Robert Gonzalez,Consumer,Germany,Europe,Bavaria,Munich,Furniture,Storage,Bookshelf,8113.51,16,0.0,2584.86
ORD-2022-04841,2023-01-23,C0103,Richard Miller,Home Office,Canada,North America,Ontario,Toronto,Technology,Laptops,Dell XPS 15,24417.06,18,0.0,5632.07
ORD-2022-04842,2022-12-20,C0138,Mary Martinez,Home Office,USA,North America,New York,New York City,Technology,Phones,Samsung Galaxy S21,10322.0,15,2064.4,2946.88
ORD-2024-04843,2024-08-12,C0042,James Davis,Consumer,UK,Europe,England,London,Technology,Accessories,USB-C Hub,1400.49,14,280.1,154.35
ORD-2022-04844,2022-06-25,C0093,Elizabeth Davis,Corporate,Japan,Asia,Tokyo,Tokyo,Office Supplies,Binders,Report Cover,94.65,9,4.73,28.31
ORD-2023-04845,2023-08-21,C0010,William Brown,Home Office,China,Asia,Beijing,Beijing,Furniture,Tables,Coffee Table,3222.95,14,644.59,654.5
ORD-2024-04846,2024-01-16,C0008,Jennifer Anderson,Corporate,USA,North America,Texas,Houston,Technology,Phones,Pixel 6,1083.68,1,0.0,425.25
ORD-2024-04847,2024-09-05,C0127,Jessica Jones,Consumer,Japan,Asia,Tokyo,Tokyo,Technology,Laptops,Dell XPS 15,7304.77,7,730.48,1532.91
ORD-2022-04848,2023-03-08,C0179,Jennifer Thomas,Corporate,UK,Europe,England,London,Furniture,Chairs,Ergonomic Executive Chair,3341.22,15,0.0,1273.5
ORD-2023-04849,2024-09-21,C0189,Robert Thomas,Corporate,USA,North America,California,Los Angeles,Office Supplies,Paper,Legal Pad,745.8,17,37.29,153.52
ORD-2022-04850,2023-08-31,C0014,Mary Martinez,Consumer,Australia,Oceania,Victoria,Melbourne,Office Supplies,Art,Sketchbook,83.73,10,0.0,31.83
ORD-2024-04851,2023-12-25,C0031,Robert Garcia,Corporate,Germany,Europe,Bavaria,Munich,Technology,Laptops,Dell XPS 15,5886.44,5,294.32,2055.33
ORD-2024-04852,2023-05-06,C0002,Susan Martinez,Consumer,France,Europe,Ile-de-France,Paris,Technology,Phones,Nokia G20,4140.55,4,0.0,1293.87
ORD-2024-04853,2022-02-13,C0028,William Thomas,Home Office,Japan,Asia,Tokyo,Tokyo,Office Supplies,Binders,Report Cover,165.5,9,16.55,33.98
ORD-2022-04854,2023-07-22,C0039,Barbara Brown,Consumer,Australia,Oceania,New South Wales,Sydney,Furniture,Chairs,Stool,571.47,2,114.29,142.95
ORD-2023-04855,2022-02-13,C0124,Robert Thomas,Home Office,India,Asia,Maharashtra,Mumbai,Office Supplies,Binders,Report Cover,439.92,15,43.99,148.11
ORD-2024-04856,2023-02-04,C0045,Jessica Smith,Corporate,Australia,Oceania,New South Wales,Sydney,Office Supplies,Binders,Expansion Folder,717.01,16,35.85,176.92
ORD-2023-04857,2022-11-07,C0081,Susan Brown,Consumer,Australia,Oceania,Victoria,Melbourne,Office Supplies,Art,Watercolor Set,291.42,7,0.0,93.63
ORD-2024-04858,2022-10-02,C0069,Mary Jones,Corporate,India,Asia,Maharashtra,Mumbai,Office Supplies,Art,Sketchbook,361.52,18,18.08,111.0
ORD-2023-04859,2024-08-18,C0160,David Williams,Consumer,France,Europe,Ile-de-France,Paris,Furniture,Chairs,Office Chair,301.67,5,0.0,94.75
ORD-2022-04860,2022-03-30,C0129,Elizabeth Johnson,Consumer,Canada,North America,Ontario,Toronto,Technology,Phones,Nokia G20,12362.61,18,1236.26,3482.63
ORD-2023-04861,2022-09-05,C0018,Barbara Rodriguez,Corporate,USA,North America,Texas,Houston,Furniture,Tables,Conference Table,1965.01,8,0.0,563.94
ORD-2024-04862,2024-07-04,C0137,Susan Johnson,Consumer,China,Asia,Beijing,Beijing,Office Supplies,Binders,Report Cover,147.11,15,0.0,30.74
ORD-2022-04863,2022-06-16,C0013,Richard Davis,Corporate,France,Europe,Ile-de-France,Paris,Furniture,Chairs,Gaming Chair,3472.36,13,347.24,1127.22
ORD-2022-04864,2022-08-26,C0113,Mary Johnson,Home Office,USA,North America,California,Los Angeles,Furniture,Chairs,Stool,371.84,6,0.0,125.47
ORD-2024-04865,2023-03-26,C0103,Richard Miller,Consumer,Australia,Oceania,Victoria,Melbourne,Office Supplies,Binders,Report Cover,22.24,1,4.45,3.09
ORD-2022-04866,2024-02-01,C0157,Linda Smith,Home Office,USA,North America,Texas,Houston,Office Supplies,Art,Watercolor Set,92.45,2,0.0,13.79
ORD-2022-04867,2023-07-07,C0195,William Hernandez,Home Office,China,Asia,Beijing,Beijing,Office Supplies,Binders,Expansion Folder,138.61,4,0.0,23.79
ORD-2023-04868,2024-05-05,C0086,Jennifer Gonzalez,Home Office,India,Asia,Maharashtra,Mumbai,Office Supplies,Art,Sketchbook,289.33,13,57.87,59.43
ORD-2022-04869,2022-06-02,C0027,Barbara Miller,Home Office,Germany,Europe,Bavaria,Munich,Office Supplies,Art,Sketchbook,73.63,2,0.0,10.35
ORD-2023-04870,2022-02-22,C0146,Mary Gonzalez,Corporate,Australia,Oceania,Victoria,Melbourne,Office Supplies,Paper,Legal Pad,618.95,18,61.9,182.23
ORD-2022-04871,2023-08-28,C0104,Mary Jones,Consumer,India,Asia,Maharashtra,Mumbai,Office Supplies,Binders,Report Cover,172.33,15,0.0,50.55
ORD-2024-04872,2024-06-18,C0170,Mary Smith,Consumer,Australia,Oceania,Victoria,Melbourne,Office Supplies,Binders,Report Cover,372.0,8,18.6,102.35
ORD-2022-04873,2023-07-08,C0096,Richard Garcia,Home Office,Japan,Asia,Tokyo,Tokyo,Furniture,Tables,Conference Table,6604.48,16,0.0,917.0
ORD-2023-04874,2023-02-08,C0128,Jennifer Wilson,Corporate,USA,North America,Texas,Houston,Technology,Laptops,Lenovo ThinkPad,8890.07,13,0.0,941.2
ORD-2022-04875,2022-11-15,C0133,Richard Miller,Home Office,Germany,Europe,Bavaria,Munich,Office Supplies,Binders,Expansion Folder,45.22,1,2.26,5.02
ORD-2024-04876,2024-02-16,C0108,John Miller,Corporate,Germany,Europe,Bavaria,Munich,Office Supplies,Art,Watercolor Set,417.13,9,41.71,133.79
ORD-2023-04877,2024-04-21,C0199,Jessica Smith,Consumer,UK,Europe,England,London,Office Supplies,Art,Markers,340.06,12,0.0,69.15
ORD-2024-04878,2023-03-09,C0021,Elizabeth Thomas,Consumer,Germany,Europe,Bavaria,Munich,Office Supplies,Binders,Expansion Folder,203.97,6,0.0,26.39
ORD-2023-04879,2024-04-21,C0135,Linda Johnson,Consumer,Japan,Asia,Tokyo,Tokyo,Furniture,Tables,Dining Table,3726.15,16,0.0,620.72
ORD-2022-04880,2023-07-20,C0106,John Rodriguez,Home Office,USA,North America,California,Los Angeles,Office Supplies,Binders,Expansion Folder,282.71,19,0.0,83.22
ORD-2023-04881,2024-01-24,C0099,Susan Anderson,Corporate,Germany,Europe,Bavaria,Munich,Technology,Phones,Nokia G20,10225.74,9,1022.57,2583.0
ORD-2023-04882,2022-01-11,C0064,Linda Jones,Home Office,USA,North America,California,Los Angeles,Furniture,Chairs,Stool,2680.9,8,0.0,609.31
ORD-2022-04883,2024-01-21,C0003,John Brown,Consumer,China,Asia,Beijing,Beijing,Furniture,Storage,Wardrobe,5696.79,10,0.0,1697.0
ORD-2022-04884,2022-05-24,C0124,Robert Thomas,Corporate,Japan,Asia,Tokyo,Tokyo,Office Supplies,Paper,Legal Pad,34.04,5,6.81,6.47
ORD-2024-04885,2023-03-26,C0014,Mary Martinez,Home Office,Japan,Asia,Tokyo,Tokyo,Office Supplies,Paper,A4 Printer Paper,663.86,20,132.77,152.88
ORD-2023-04886,2023-04-07,C0029,William Miller,Consumer,India,Asia,Maharashtra,Mumbai,Furniture,Storage,Bookshelf,6234.96,12,623.5,1259.63
ORD-2023-04887,2024-07-30,C0037,Barbara Gonzalez,Corporate,Australia,Oceania,Victoria,Melbourne,Office Supplies,Binders,Report Cover,383.21,10,76.64,113.62
ORD-2022-04888,2022-05-30,C0115,Mary Wilson,Corporate,Germany,Europe,Bavaria,Munich,Technology,Laptops,Lenovo ThinkPad,4671.43,5,934.29,1198.77
ORD-2023-04889,2022-03-10,C0138,Mary Martinez,Corporate,Germany,Europe,Bavaria,Munich,Technology,Laptops,MacBook Pro 14,3585.54,4,717.11,450.34
ORD-2024-04890,2024-08-21,C0111,Mary Miller,Home Office,USA,North America,California,Los Angeles,Furniture,Tables,Conference Table,8100.94,19,0.0,2051.92
ORD-2024-04891,2024-02-05,C0015,David Williams,Consumer,France,Europe,Ile-de-France,Paris,Office Supplies,Binders,Report Cover,358.44,10,17.92,89.15
ORD-2024-04892,2024-09-21,C0018,Barbara Rodriguez,Home Office,USA,North America,Texas,Houston,Technology,Accessories,Mechanical Keyboard,9559.56,15,0.0,1735.57
ORD-2022-04893,2023-02-23,C0179,Jennifer Thomas,Corporate,Australia,Oceania,New South Wales,Sydney,Office Supplies,Binders,Expansion Folder,688.34,14,0.0,150.73
ORD-2022-04894,2024-02-14,C0065,Barbara Williams,Home Office,USA,North America,Texas,Houston,Furniture,Storage,File Cabinet,3255.2,14,0.0,1224.24
ORD-2023-04895,2023-04-18,C0098,Susan Gonzalez,Consumer,France,Europe,Ile-de-France,Paris,Furniture,Chairs,Ergonomic Executive Chair,2618.23,15,0.0,445.45
ORD-2024-04896,2024-04-08,C0187,Joseph Rodriguez,Consumer,China,Asia,Beijing,Beijing,Technology,Phones,Samsung Galaxy S21,18592.88,18,3718.58,3026.85
ORD-2023-04897,2023-02-21,C0083,James Jones,Home Office,Japan,Asia,Tokyo,Tokyo,Technology,Phones,iPhone 13,12321.53,15,0.0,2981.04
ORD-2024-04898,2023-07-31,C0065,Barbara Williams,Home Office,China,Asia,Beijing,Beijing,Technology,Accessories,USB-C Hub,11683.97,12,1168.4,4032.78
ORD-2024-04899,2024-03-07,C0116,Joseph Rodriguez,Consumer,Japan,Asia,Tokyo,Tokyo,Office Supplies,Art,Watercolor Set,646.31,15,129.26,160.65
ORD-2022-04900,2022-04-05,C0056,Mary Brown,Home Office,Australia,Oceania,New South Wales,Sydney,Office Supplies,Paper,Sticky Notes,102.49,10,0.0,14.63
ORD-2022-04901,2024-01-04,C0036,Joseph Johnson,Corporate,USA,North America,California,Los Angeles,Technology,Accessories,Webcam,17099.63,20,0.0,2293.61
ORD-2023-04902,2023-02-04,C0170,Mary Smith,Corporate,China,Asia,Beijing,Beijing,Office Supplies,Paper,Legal Pad,210.44,8,0.0,28.67
ORD-2024-04903,2024-01-22,C0021,Elizabeth Thomas,Consumer,China,Asia,Beijing,Beijing,Technology,Accessories,USB-C Hub,2290.79,6,0.0,284.44
ORD-2022-04904,2023-12-30,C0021,Elizabeth Thomas,Home Office,India,Asia,Maharashtra,Mumbai,Office Supplies,Art,Markers,22.13,2,0.0,5.8
ORD-2022-04905,2022-12-06,C0025,Robert Brown,Corporate,USA,North America,New York,New York City,Office Supplies,Art,Markers,342.59,11,68.52,98.74
ORD-2024-04906,2023-06-04,C0156,David Martinez,Home Office,India,Asia,Maharashtra,Mumbai,Furniture,Tables,Coffee Table,1515.38,7,303.08,329.84
ORD-2024-04907,2023-02-26,C0142,Barbara Rodriguez,Home Office,India,Asia,Maharashtra,Mumbai,Furniture,Tables,Dining Table,3508.26,13,701.65,641.76
ORD-2024-04908,2024-08-08,C0006,John Martinez,Home Office,UK,Europe,England,London,Office Supplies,Binders,3-Ring Binder,11.15,2,1.11,2.97
ORD-2022-04909,2022-02-26,C0070,Jessica Anderson,Home Office,China,Asia,Beijing,Beijing,Office Supplies,Art,Markers,213.83,15,0.0,55.61
ORD-2022-04910,2023-02-28,C0191,Jessica Brown,Consumer,Japan,Asia,Tokyo,Tokyo,Office Supplies,Binders,Report Cover,193.51,12,9.68,49.28
ORD-2023-04911,2023-07-26,C0173,John Thomas,Consumer,China,Asia,Beijing,Beijing,Technology,Laptops,MacBook Pro 14,1061.82,1,106.18,173.72
ORD-2022-04912,2023-12-24,C0014,Mary Martinez,Corporate,Australia,Oceania,Victoria,Melbourne,Office Supplies,Paper,Legal Pad,11.32,1,0.0,2.64
ORD-2022-04913,2023-04-24,C0179,Jennifer Thomas,Consumer,China,Asia,Beijing,Beijing,Technology,Phones,Samsung Galaxy S21,3621.69,11,362.17,540.88
ORD-2022-04914,2023-07-30,C0088,Elizabeth Brown,Consumer,China,Asia,Beijing,Beijing,Technology,Phones,iPhone 13,20992.65,19,4198.53,2988.06
ORD-2023-04915,2024-03-22,C0066,Richard Williams,Home Office,Japan,Asia,Tokyo,Tokyo,Office Supplies,Paper,Legal Pad,141.4,9,14.14,30.1
ORD-2024-04916,2022-06-26,C0120,Jessica Martinez,Corporate,Germany,Europe,Bavaria,Munich,Technology,Accessories,Mechanical Keyboard,21006.07,19,4201.21,4472.95
ORD-2024-04917,2022-04-25,C0099,Susan Anderson,Home Office,USA,North America,California,Los Angeles,Technology,Accessories,Mechanical Keyboard,17601.86,20,880.09,3823.36
ORD-2024-04918,2022-08-19,C0005,James Martinez,Home Office,USA,North America,Texas,Houston,Furniture,Storage,Wardrobe,2790.93,15,279.09,542.47
ORD-2023-04919,2022-05-07,C0049,Mary Martinez,Corporate,India,Asia,Maharashtra,Mumbai,Furniture,Tables,Coffee Table,6434.44,12,321.72,1313.65
ORD-2024-04920,2022-06-30,C0155,Barbara Anderson,Corporate,China,Asia,Beijing,Beijing,Technology,Accessories,Wireless Mouse,6157.21,7,0.0,1639.6
ORD-2022-04921,2023-02-10,C0042,James Davis,Consumer,Australia,Oceania,Victoria,Melbourne,Office Supplies,Paper,Cardstock,149.23,4,7.46,44.67
ORD-2022-04922,2024-03-15,C0146,Mary Gonzalez,Consumer,USA,North America,California,Los Angeles,Technology,Accessories,USB-C Hub,15303.73,17,0.0,3372.63
ORD-2024-04923,2022-12-14,C0073,Elizabeth Smith,Corporate,Germany,Europe,Bavaria,Munich,Technology,Phones,Nokia G20,7967.45,20,1593.49,2059.81
ORD-2022-04924,2022-08-12,C0007,David Williams,Consumer,UK,Europe,England,London,Technology,Accessories,USB-C Hub,19418.82,20,970.94,6167.6
ORD-2024-04925,2024-04-14,C0046,Barbara Davis,Home Office,China,Asia,Beijing,Beijing,Furniture,Storage,Wardrobe,5132.18,14,0.0,1234.48
ORD-2022-04926,2023-02-10,C0041,Patricia Wilson,Consumer,USA,North America,New York,New York City,Technology,Accessories,USB-C Hub,972.95,4,48.65,366.7
ORD-2022-04927,2024-07-05,C0064,Linda Jones,Consumer,India,Asia,Maharashtra,Mumbai,Furniture,Tables,Conference Table,9022.81,19,902.28,1405.6
ORD-2024-04928,2022-05-16,C0138,Mary Martinez,Consumer,Germany,Europe,Bavaria,Munich,Technology,Accessories,USB-C Hub,11985.52,14,1198.55,1741.11
ORD-2022-04929,2023-08-09,C0197,Richard Wilson,Corporate,Japan,Asia,Tokyo,Tokyo,Technology,Accessories,Webcam,25309.94,18,0.0,9131.76
ORD-2024-04930,2022-03-31,C0009,John Martinez,Consumer,Australia,Oceania,New South Wales,Sydney,Office Supplies,Art,Markers,468.31,10,0.0,82.56
ORD-2022-04931,2022-11-19,C0075,James Davis,Corporate,Germany,Europe,Bavaria,Munich,Technology,Accessories,Wireless Mouse,6134.34,5,0.0,926.94
ORD-2023-04932,2023-10-27,C0091,Patricia Miller,Consumer,France,Europe,Ile-de-France,Paris,Office Supplies,Paper,A4 Printer Paper,358.16,16,71.63,104.62
ORD-2022-04933,2023-07-14,C0139,Joseph Garcia,Corporate,UK,Europe,England,London,Furniture,Chairs,Stool,3271.83,13,327.18,305.52
ORD-2024-04934,2024-06-09,C0134,William Wilson,Home Office,Australia,Oceania,Victoria,Melbourne,Technology,Phones,iPhone 13,4229.33,5,0.0,1100.14
ORD-2022-04935,2022-10-03,C0164,Robert Williams,Consumer,India,Asia,Maharashtra,Mumbai,Office Supplies,Binders,Expansion Folder,880.2,18,0.0,149.45
ORD-2022-04936,2022-04-20,C0146,Mary Gonzalez,Home Office,Australia,Oceania,New South Wales,Sydney,Technology,Phones,Pixel 6,1951.71,11,195.17,604.95
ORD-2024-04937,2022-12-12,C0166,William Thomas,Corporate,Canada,North America,Ontario,Toronto,Office Supplies,Binders,Report Cover,70.36,10,0.0,17.04
ORD-2023-04938,2022-02-03,C0018,Barbara Rodriguez,Corporate,Australia,Oceania,New South Wales,Sydney,Technology,Laptops,HP Spectre x360,7146.92,7,0.0,1580.98
ORD-2024-04939,2022-04-21,C0021,Elizabeth Thomas,Corporate,UK,Europe,England,London,Office Supplies,Binders,Expansion Folder,23.7,3,4.74,5.2
ORD-2022-04940,2023-04-14,C0165,Robert Williams,Consumer,USA,North America,New York,New York City,Technology,Laptops,HP Spectre x360,4385.58,3,0.0,1523.86
ORD-2023-04941,2023-02-14,C0138,Mary Martinez,Corporate,Germany,Europe,Bavaria,Munich,Technology,Accessories,USB-C Hub,5049.51,16,252.48,1690.76
ORD-2024-04942,2022-10-27,C0133,Richard Miller,Corporate,UK,Europe,England,London,Furniture,Tables,Study Desk,2343.11,4,0.0,892.66
ORD-2023-04943,2022-12-11,C0084,Barbara Wilson,Corporate,Australia,Oceania,Victoria,Melbourne,Furniture,Tables,Conference Table,1430.34,4,0.0,550.61
ORD-2022-04944,2022-05-09,C0167,William Anderson,Home Office,USA,North America,Texas,Houston,Technology,Phones,iPhone 13,11454.22,9,572.71,2575.1
ORD-2024-04945,2023-11-29,C0091,Patricia Miller,Corporate,Australia,Oceania,Victoria,Melbourne,Technology,Laptops,Dell XPS 15,3863.93,5,0.0,619.0
ORD-2022-04946,2022-09-26,C0074,Jessica Martinez,Home Office,China,Asia,Beijing,Beijing,Furniture,Chairs,Ergonomic Executive Chair,299.17,1,0.0,105.3
ORD-2023-04947,2024-05-10,C0059,Jessica Thomas,Corporate,China,Asia,Beijing,Beijing,Office Supplies,Binders,3-Ring Binder,135.84,18,0.0,16.16
ORD-2023-04948,2024-03-10,C0110,Jennifer Martinez,Consumer,Canada,North America,Ontario,Toronto,Technology,Phones,Nokia G20,1101.68,7,0.0,272.3
ORD-2022-04949,2023-02-06,C0144,Michael Jones,Corporate,France,Europe,Ile-de-France,Paris,Technology,Accessories,USB-C Hub,11986.29,19,0.0,2112.32
ORD-2022-04950,2023-11-13,C0193,Linda Williams,Corporate,Canada,North America,Ontario,Toronto,Technology,Accessories,Wireless Mouse,13008.3,11,650.41,2232.16
ORD-2022-04951,2023-06-07,C0002,Susan Martinez,Corporate,Germany,Europe,Bavaria,Munich,Furniture,Tables,Study Desk,1939.7,9,0.0,500.56
ORD-2024-04952,2022-12-20,C0050,Mary Davis,Corporate,USA,North America,Texas,Houston,Office Supplies,Paper,A4 Printer Paper,255.44,11,12.77,35.66
ORD-2022-04953,2023-12-13,C0154,Richard Garcia,Corporate,France,Europe,Ile-de-France,Paris,Furniture,Chairs,Stool,906.24,5,90.62,134.37
ORD-2024-04954,2022-09-30,C0149,Richard Garcia,Corporate,USA,North America,New York,New York City,Office Supplies,Art,Sketchbook,754.2,18,0.0,244.55
ORD-2023-04955,2023-04-25,C0137,Susan Johnson,Consumer,UK,Europe,England,London,Technology,Accessories,Mechanical Keyboard,1821.73,5,91.09,561.82
ORD-2023-04956,2022-09-12,C0095,Patricia Williams,Corporate,China,Asia,Beijing,Beijing,Office Supplies,Paper,Sticky Notes,79.59,6,3.98,23.63
ORD-2024-04957,2023-06-16,C0074,Jessica Martinez,Consumer,Germany,Europe,Bavaria,Munich,Office Supplies,Paper,Legal Pad,434.57,10,21.73,144.3
ORD-2024-04958,2022-09-17,C0073,Elizabeth Smith,Consumer,Australia,Oceania,New South Wales,Sydney,Technology,Phones,Nokia G20,5872.69,10,587.27,630.93
ORD-2024-04959,2024-03-03,C0171,Joseph Brown,Corporate,USA,North America,New York,New York City,Furniture,Chairs,Stool,350.9,3,35.09,31.85
ORD-2024-04960,2022-09-04,C0048,Jessica Thomas,Corporate,Australia,Oceania,New South Wales,Sydney,Office Supplies,Art,Sketchbook,20.79,1,1.04,4.59
ORD-2024-04961,2022-06-28,C0033,Joseph Johnson,Consumer,Australia,Oceania,Victoria,Melbourne,Furniture,Tables,Coffee Table,2512.36,5,502.47,546.28
ORD-2023-04962,2023-01-21,C0021,Elizabeth Thomas,Consumer,USA,North America,Texas,Houston,Furniture,Tables,Dining Table,3255.74,6,651.15,525.12
ORD-2023-04963,2022-05-11,C0066,Richard Williams,Corporate,France,Europe,Ile-de-France,Paris,Technology,Phones,iPhone 13,8992.06,8,899.21,1465.62
ORD-2024-04964,2022-12-28,C0168,Patricia Hernandez,Home Office,Australia,Oceania,New South Wales,Sydney,Furniture,Chairs,Office Chair,10444.48,18,0.0,1517.45
ORD-2022-04965,2022-01-06,C0199,Jessica Smith,Consumer,France,Europe,Ile-de-France,Paris,Office Supplies,Binders,Report Cover,191.49,18,38.3,42.51
ORD-2022-04966,2024-03-15,C0172,Richard Garcia,Corporate,Australia,Oceania,Victoria,Melbourne,Furniture,Storage,Bookshelf,564.9,1,56.49,181.25
ORD-2022-04967,2023-05-09,C0012,Patricia Johnson,Consumer,Japan,Asia,Tokyo,Tokyo,Technology,Phones,Nokia G20,12919.72,15,1291.97,3653.31
ORD-2023-04968,2022-04-20,C0185,Richard Anderson,Home Office,France,Europe,Ile-de-France,Paris,Technology,Phones,iPhone 13,7624.93,15,762.49,1578.96
ORD-2022-04969,2023-05-17,C0149,Richard Garcia,Consumer,France,Europe,Ile-de-France,Paris,Technology,Laptops,HP Spectre x360,1237.8,7,247.56,209.02
ORD-2024-04970,2022-04-17,C0001,Robert Gonzalez,Corporate,Australia,Oceania,Victoria,Melbourne,Office Supplies,Paper,Sticky Notes,134.42,15,13.44,42.71
ORD-2022-04971,2023-03-23,C0035,Jessica Johnson,Home Office,USA,North America,California,Los Angeles,Technology,Laptops,MacBook Pro 14,20892.78,17,1044.64,4374.74
ORD-2024-04972,2024-06-21,C0088,Elizabeth Brown,Home Office,Australia,Oceania,Victoria,Melbourne,Furniture,Chairs,Office Chair,7934.62,14,0.0,936.5
ORD-2024-04973,2022-04-03,C0119,John Jones,Corporate,Australia,Oceania,New South Wales,Sydney,Office Supplies,Art,Watercolor Set,223.9,13,0.0,71.61
ORD-2023-04974,2022-09-15,C0047,Mary Thomas,Corporate,Australia,Oceania,New South Wales,Sydney,Furniture,Tables,Coffee Table,5356.34,11,1071.27,811.42
ORD-2022-04975,2023-06-05,C0135,Linda Johnson,Corporate,USA,North America,New York,New York City,Furniture,Chairs,Ergonomic Executive Chair,2296.92,4,0.0,563.07
ORD-2022-04976,2022-04-30,C0084,Barbara Wilson,Consumer,Germany,Europe,Bavaria,Munich,Furniture,Chairs,Office Chair,6524.4,13,0.0,1251.87
ORD-2024-04977,2022-09-28,C0082,Jessica Martinez,Corporate,Canada,North America,Ontario,Toronto,Office Supplies,Art,Markers,110.66,9,22.13,23.45
ORD-2023-04978,2023-06-22,C0164,Robert Williams,Home Office,Australia,Oceania,Victoria,Melbourne,Furniture,Chairs,Office Chair,2005.16,7,0.0,654.16
ORD-2024-04979,2022-10-13,C0173,John Thomas,Corporate,USA,North America,New York,New York City,Office Supplies,Binders,3-Ring Binder,949.1,19,189.82,137.56
ORD-2024-04980,2023-02-03,C0086,Jennifer Gonzalez,Home Office,UK,Europe,England,London,Furniture,Chairs,Gaming Chair,1753.36,19,175.34,503.67
ORD-2022-04981,2023-04-30,C0179,Jennifer Thomas,Home Office,USA,North America,New York,New York City,Technology,Accessories,Wireless Mouse,3450.77,13,0.0,724.37
ORD-2022-04982,2023-12-05,C0038,John Brown,Corporate,Australia,Oceania,New South Wales,Sydney,Office Supplies,Binders,Expansion Folder,437.79,12,87.56,40.28
ORD-2022-04983,2024-06-25,C0012,Patricia Johnson,Home Office,Germany,Europe,Bavaria,Munich,Technology,Accessories,Webcam,4762.23,4,476.22,1071.55
ORD-2023-04984,2022-08-07,C0186,Robert Johnson,Corporate,Australia,Oceania,Victoria,Melbourne,Technology,Laptops,Dell XPS 15,7056.04,5,1411.21,2034.15
ORD-2024-04985,2023-12-22,C0048,Jessica Thomas,Corporate,Germany,Europe,Bavaria,Munich,Office Supplies,Paper,Sticky Notes,395.54,20,39.55,136.17
ORD-2024-04986,2022-10-12,C0102,James Martinez,Corporate,Australia,Oceania,Victoria,Melbourne,Technology,Accessories,Mechanical Keyboard,792.62,2,79.26,271.39
ORD-2022-04987,2024-07-15,C0141,Joseph Lopez,Consumer,China,Asia,Beijing,Beijing,Furniture,Tables,Study Desk,1870.15,9,0.0,307.21
ORD-2024-04988,2023-05-15,C0016,James Lopez,Consumer,Australia,Oceania,New South Wales,Sydney,Furniture,Tables,Study Desk,2281.59,5,0.0,337.61
ORD-2023-04989,2023-01-25,C0027,Barbara Miller,Home Office,UK,Europe,England,London,Office Supplies,Art,Markers,89.47,6,8.95,10.41
ORD-2022-04990,2023-06-13,C0074,Jessica Martinez,Consumer,France,Europe,Ile-de-France,Paris,Office Supplies,Art,Markers,25.03,1,2.5,4.47
ORD-2024-04991,2022-02-13,C0165,Robert Williams,Home Office,Australia,Oceania,New South Wales,Sydney,Office Supplies,Art,Sketchbook,555.73,20,111.15,124.44
ORD-2023-04992,2022-02-01,C0130,Mary Johnson,Consumer,China,Asia,Beijing,Beijing,Furniture,Chairs,Gaming Chair,7102.93,20,710.29,2207.58
ORD-2024-04993,2023-08-04,C0169,William Gonzalez,Consumer,Australia,Oceania,New South Wales,Sydney,Technology,Laptops,MacBook Pro 14,12566.27,9,628.31,2235.46
ORD-2023-04994,2024-01-30,C0062,Robert Johnson,Consumer,USA,North America,Texas,Houston,Technology,Accessories,Wireless Mouse,7824.34,19,1564.87,831.44
ORD-2024-04995,2022-01-01,C0013,Richard Davis,Home Office,Germany,Europe,Bavaria,Munich,Office Supplies,Binders,Expansion Folder,849.77,20,0.0,147.94
ORD-2024-04996,2024-03-24,C0031,Robert Garcia,Home Office,Japan,Asia,Tokyo,Tokyo,Office Supplies,Paper,A4 Printer Paper,45.93,1,4.59,11.61
ORD-2022-04997,2022-11-20,C0097,Jessica Garcia,Consumer,India,Asia,Maharashtra,Mumbai,Office Supplies,Art,Sketchbook,48.65,1,0.0,9.08
ORD-2022-04998,2022-07-24,C0015,David Williams,Home Office,Canada,North America,Ontario,Toronto,Technology,Laptops,Lenovo ThinkPad,854.63,1,0.0,339.75
ORD-2023-04999,2024-07-04,C0128,Jennifer Wilson,Consumer,Japan,Asia,Tokyo,Tokyo,Office Supplies,Paper,Cardstock,237.69,13,0.0,29.84
ORD-2023-05000,2024-08-20,C0192,Patricia Hernandez,Corporate,France,Europe,Ile-de-France,Paris,Technology,Accessories,Wireless Mouse,10075.65,9,1007.57,2997.33
